﻿<?xml version="1.0" encoding="UTF-8" standalone="yes"?>
<addon id="screensaver.xbmc.builtin.black"
       name="Black"
       version="1.0.26"
       provider-name="Team-Kodi">
  <extension point="xbmc.ui.screensaver" library=""/>
  <extension point="xbmc.addon.metadata">
    <summary lang="af">Sluimerskerm wat jou skerm swart maak.</summary>
    <summary lang="am">መመልከቻ ማዳኛ የእርስዎን መመልከቻ ጥቁር ያደርገዋል </summary>
    <summary lang="ar">شاشة التوقف التي تحول شاشتك لأسود</summary>
    <summary lang="be">Ахоўнік экрану што робіць экран чорным</summary>
    <summary lang="bg">Скрийнсейвър, който прави екрана черен</summary>
    <summary lang="ca">Estalvi de pantalla que posa la pantalla en negre</summary>
    <summary lang="cs">Šetřič obrazovky, který začerní vaši obrazovku</summary>
    <summary lang="cy">Ardwr sgrin sy'n troi eich sgrin yn ddu</summary>
    <summary lang="da">Pauseskærm som gør din skærm sort</summary>
    <summary lang="de">Bildschirmshoner, welcher den Bildschirm schwarz färbt</summary>
    <summary lang="el">Προφύλαξη οθόνης που αμαυρώνει την οθόνη σας</summary>
    <summary lang="en">Screensaver that turns your screen black</summary>
    <summary lang="en_AU">Screensaver that turns your screen black</summary>
    <summary lang="en_NZ">Screensaver that turns your screen black</summary>
    <summary lang="en_US">Screensaver that turns your screen black</summary>
    <summary lang="es">Un salvapantallas que pone la pantalla en negro</summary>
    <summary lang="es_AR">Un protector de pantalla que pone la pantalla en negro</summary>
    <summary lang="es_MX">Protector de pantalla que obscurece la pantalla</summary>
    <summary lang="et">Ekraanisäästja, mis muudab ekraani mustaks</summary>
    <summary lang="eu">Zure pantaila belzten duen pantaila-babeslea</summary>
    <summary lang="fi">Tyhjä ruutu</summary>
    <summary lang="fr">Un économiseur d'écran qui rend votre écran noir</summary>
    <summary lang="fr_CA">Un économiseur d'écran qui rend votre écran noir</summary>
    <summary lang="gl"> Protector de pantalla que volta a súa pantalla negra</summary>
    <summary lang="he">שומר מסך ההופך את המסך לשחור</summary>
    <summary lang="hr">Čuvar zaslona koji pretvara zaslon u crno</summary>
    <summary lang="hu">Képernyővédő ami elfeketíti a képernyőt</summary>
    <summary lang="id">Screensaver yang mengubah layar menjadi hitam</summary>
    <summary lang="is">Skjáhvíla sem sendir svart út á skjáinn</summary>
    <summary lang="it">Salvaschermo che trasforma il tuo schermo in nero</summary>
    <summary lang="ja">画面を黒くするスクリーンセーバー</summary>
    <summary lang="ko">화면을 검게하는 화면 보호기</summary>
    <summary lang="lt">Ekrano užsklanda, kuri paverčia jūsų ekraną juodu fonu</summary>
    <summary lang="lv">Ekrānsaudzētājs, kas padara jūsu ekrānu melnu</summary>
    <summary lang="mk">Заштита на екран која го прави екранот црн</summary>
    <summary lang="nl">Schermbeveiliging die uw scherm op zwart zet</summary>
    <summary lang="no">Skjermsparer som gjør skjermen din svart</summary>
    <summary lang="pl">Wygaszacz ekranu wyświetlający czarny ekran</summary>
    <summary lang="pt">Protector de ecrã que coloca o seu ecrã negro</summary>
    <summary lang="pt_BR">Protetor de tela que deixa sua tela preta</summary>
    <summary lang="ro">Screensaver care afișează un ecran negru</summary>
    <summary lang="ru">Заставка «чёрный экран»</summary>
    <summary lang="se">Skärmsläckare som gör din skärm svart</summary>
    <summary lang="si">ඔබගේ තිරය කළුවට හරවන තිරමෙහෙකරු </summary>
    <summary lang="sk">Šetrič obrazovky, ktorú ju zmení na čiernu</summary>
    <summary lang="sl">Ohranjevalnik zaslona, ki počrni zaslon</summary>
    <summary lang="sv">En skärmsläckare som gör din skärm svart</summary>
    <summary lang="tg">Пардаи экран бо таъсири «Пардаи экрани сиёҳ»</summary>
    <summary lang="th">สกรีนเซฟเวอร์ที่จะพักหน้าจอของคุณให้เป็นสีดำ</summary>
    <summary lang="tr">Ekranınızı siyah renge çeviren bir ekran koruyucu</summary>
    <summary lang="uk">Заставка заповнює екран чорним кольором</summary>
    <summary lang="vi">Trình bảo vệ màn hình này sẽ chuyển màn hình của bạn sang màu đen</summary>
    <summary lang="zh">黑屏屏幕保护程序</summary>
    <summary lang="zh_TW">讓螢幕變全黑的螢幕保護程式</summary>
    <description lang="af">Die is 'n eenvoudige sluimerskerm wat jou skerm swart maak.</description>
    <description lang="am">ጥቁር ቀላል መመልከቻ ማዳኛ የእርስዎን መመልከቻ ጥቁር ያደርገዋል </description>
    <description lang="ar">بلاك شاشة توقف بسيطة تحول شاشتك لأسود</description>
    <description lang="be">Black is a simple screensaver that will turn your screen black.</description>
    <description lang="bg">"Black" е просто скрийнсейвър, който ще направи екрана Ви черен.</description>
    <description lang="ca">Black és un estalvi de pantalla simple que posarà la teva pantalla en negre.</description>
    <description lang="cs">Black je jednoduchý šetřič obrazovky, který začerní vaši obrazovku.</description>
    <description lang="cy">Mae Black yn arbedwr sgrin syml sy'n troi eich sgrin yn ddu.</description>
    <description lang="da">Black er en simpel pauseskærm, der gør din skærm sort.</description>
    <description lang="de">Black ist ein einfacher Bildschirmschoner, welcher den Bildschirm schwarz abdunkelt</description>
    <description lang="el">Η Black είναι μία απλή προφύλαξη οθόνης που αμαυρώνει την οθόνη σας.</description>
    <description lang="en">Black is a simple screensaver that will turn your screen black.</description>
    <description lang="en_AU">Black is a simple screensaver that will turn your screen black.</description>
    <description lang="en_NZ">Black is a simple screensaver that will turn your screen black.</description>
    <description lang="en_US">Black is a simple screensaver that will turn your screen black.</description>
    <description lang="es">Black es un sencillo salvapantallas que pone la pantalla en negro.</description>
    <description lang="es_AR">Black es un sencillo protector de pantalla que pone la pantalla en negro.</description>
    <description lang="es_MX">Black es un simple protector de pantalla que la obscurece.</description>
    <description lang="et">Must on lihtne ekraanisäästja, mis muudab sinu ekraani mustaks.</description>
    <description lang="eu">Black zure pantaila belzten duen pantaila-babesle soil bat da.</description>
    <description lang="fi">Black on yksinkertainen näytönsäästäjä, joka muuttaa ruudun mustaksi.</description>
    <description lang="fr">Black est un simple économiseur qui passe votre écran au noir.</description>
    <description lang="fr_CA">Black est un économiseur d'écran simple qui rend votre écran noir.</description>
    <description lang="gl">Black é un  protector de pantalla que voltará a súa pantalla a negro.</description>
    <description lang="he">Black הוא שומר מסך פשוט אשר צובע את המסך בשחור.</description>
    <description lang="hr">Black je jednostavni čuvar zaslona koji pretvara zaslon u crno.</description>
    <description lang="hu">A Black egy egyszerű képernyővédő ami feketévé változtatja a képernyőt.</description>
    <description lang="id">Hitam adalah sebuah screensaver sederhana yang mengubah layar menjadi hitam.</description>
    <description lang="is">Black er einföld skjáhvíla sem sendir svart út á skjáinn.</description>
    <description lang="it">Black è un semplice salvaschermo che trasforma il tuo schermo in nero.</description>
    <description lang="ja">Black はシンプルなスクリーンセーバーで、画面を黒くします。</description>
    <description lang="ko">블랙 화면보호기는 화면을 검게 만들어줍니다.</description>
    <description lang="lt">'Juodas' yra paprasta ekrano užsklanda, kuri pavers jūsų ekraną juodu fonu.</description>
    <description lang="lv">Melns ir vienkāršs ekrānsaudzētājs, kas padara jūsu ekrānu melnu.</description>
    <description lang="mk">Црна е едноставна заштита на екран која екранот го прави црн.</description>
    <description lang="nl">Black is een eenvoudige schermbeveiliging die uw scherm op zwart zet.</description>
    <description lang="no">Black er en enkel skjermsparer som gjør skjermen din svart.</description>
    <description lang="pl">Ten wygaszacz ekranu wyświetla czarny ekran. Staraj się używać go na wyświetlaczach CRT i unikaj na LCD.</description>
    <description lang="pt">Black é um protector de ecrã simples que coloca o seu ecrã negro.</description>
    <description lang="pt_BR">Black é um protetor de tela que vai deixar sua tela preta</description>
    <description lang="ro">Black este un screensaver simplu care afișează negru pe ecran.</description>
    <description lang="ru">Это простая заставка, которая делает экран чёрным.</description>
    <description lang="se">Mörka är en enkel skärmsläckare som gör din skärm svart.</description>
    <description lang="si">කළු ඔබගේ තිරය කළුවට හරවන සරල තිරමෙහෙකරුවෙකි. </description>
    <description lang="sk">Black je jednoduchý šetrič, ktorý zmení vašu obrazovku na čiernu.</description>
    <description lang="sl">Black je enostaven ohranjevalnik zaslona, ki počrni zaslon.</description>
    <description lang="sv">Detta är en enkel skärmsläckare som gör din skärm svart.</description>
    <description lang="tg">Ин пардаи экрани осон мебошад, ки таъсири «Пардаи экрани сиёҳ»-ро истифода мебарад.</description>
    <description lang="th">หน้าจอสีดำเป็นสกรีนเซฟเวอร์แบบง่ายๆที่จะเปิดหน้าจอของคุณให้เป็นสีดำ</description>
    <description lang="tr">Siyah, ekranınızı siyaha çeviren basit bir ekran koruyucusudur.</description>
    <description lang="uk">Black є простою заставкою що заповнює екран чорним кольором.</description>
    <description lang="vi">Màu đen là một trình bảo vệ màn hình đơn giản nhất</description>
    <description lang="zh">黑屏屏保是一个简单的屏幕保护程序，它使你的显示器进入黑屏状态。</description>
    <description lang="zh_TW">Black 是一個讓螢幕變全黑的螢幕保護程式。</description>
    <platform>all</platform>
  </extension>
</addon>
