<?xml version="1.0" encoding="UTF-8" standalone="yes"?>
<addon id="plugin.video.mk" name="MK" version="1.0.0" provider-name="Martijn">
  <requires>
    <import addon="xbmc.python" version="2.1.0"/>
    <import addon="plugin.video.youtube" version="5.1.8"/>
  </requires>
  <extension point="xbmc.python.pluginsource" library="addon.py">
    <provides>video</provides>
  </extension>
  <extension point="xbmc.addon.metadata">
    <language>en</language>
    <summary lang="en">MK videos including Kodi related topics</summary>
    <description lang="en">Random topic such as skins showcases and technical topics.</description>
    <disclaimer lang="en">Watch on your own risk.</disclaimer>
    <forum></forum>
    <source></source>
    <website></website>
    <platform>all</platform>
  </extension>
</addon>
