<?xml version='1.0' encoding='utf-8'?>
<addon id="plugin.video.slowtv.cz" name="SlowTV" provider-name="Josef Weiss" version="1.0.0">
  <requires>
    <import addon="xbmc.python" version="2.1.0" />
    <import addon="script.module.stream.resolver" version="1.6.13" />
    <import addon="script.module.elementtree" version="1.2.7" />
  </requires>
  <extension library="default.py" point="xbmc.python.pluginsource" provides="video">
    <provides>video</provides>
  </extension>
  <extension point="xbmc.addon.metadata">
    <summary lang="en">slowtv.cz</summary>
    <summary lang="cs">slowtv.cz</summary>
    <description lang="en">Watch online slowtv.cz</description>
    <description lang="cs">Sledujte online slowtv.cz</description>
    <platform>all</platform>
    <source>https://github.com/kodi-czsk/plugin.video.slowtv.cz</source>
  </extension>
</addon>
