<?xml version="1.0" encoding="UTF-8"?>
<addon id="plugin.video.megarelease" version="0.3" name="MegaRelease" provider-name="The_Silencer">
    <requires>
        <import addon="xbmc.python" version="2.1.0"/>
        <import addon="script.module.addon.common" version="2.0.0"/>
    </requires>
    <extension point="xbmc.python.pluginsource" library="default.py">
        <provides>video</provides>
    </extension>
    <extension point="xbmc.addon.metadata">
        <summary>MegaRelease.org</summary>
        <description>Access your saved files from your MegaRelease.org account</description>
        <platform>all</platform>
    </extension>
</addon>