<?xml version="1.0" encoding="UTF-8" standalone="yes"?>
<addon id="plugin.video.tmz"
       name="TMZ"
       version="3.0.14"
       provider-name="stacked">
  <requires>
	<import addon="xbmc.python" version="2.1.0"/>
	<import addon="script.module.buggalo" version="1.1.2"/>
	<import addon="script.module.parsedom" version="1.3.0"/>
  </requires>
  <extension point="xbmc.python.pluginsource"
            library="default.py">
        <provides>video</provides>
  </extension>
  <extension point="xbmc.addon.metadata">
    <summary lang="en">Celebrity Gossip | Entertainment News | Celebrity News | TMZ.com</summary>
    <description lang="en">Celebrity Gossip and Entertainment News, Covering Celebrity News and Hollywood Rumors. Get All The Latest Gossip at TMZ - Thirty Mile Zone.</description>
    <platform>all</platform>
	<language>en</language>
	<website>https://code.google.com/p/plugin</website>
	<source>https://github.com/stacked/plugin.video.tmz</source>
	<forum>http://forum.xbmc.org/showthread.php?tid=55972</forum>
	<email>stacked.xbmc@gmail.com</email>
	<broken>Add-on is not functiong correctly</broken>
  </extension>
</addon>
