<?xml version="1.0" encoding="utf-8" standalone="yes"?>
<parserConfig>
	<GameGrammar type="multiline">
		<SkippableContent skipTo="&lt;center&gt;&lt;img alt=&quot;" closeStmnt="true"></SkippableContent>
		<SkippableContent closeStmnt="true">&lt;center&gt;&lt;img alt=&quot;</SkippableContent>
		<SkippableContent skipTo="src=&quot;" closeStmnt="true"></SkippableContent>
		<SkippableContent closeStmnt="true">src=&quot;</SkippableContent>
		<Filetypeboxback closeStmnt="true" skipTo="&quot;"></Filetypeboxback>
	</GameGrammar>
</parserConfig>