<?xml version="1.0" encoding="UTF-8" standalone="yes"?>
<addon id="plugin.video.dzango.tv" name="DZANGO" version="2.2.2" provider-name="bromix">
	<requires>
		<import addon="xbmc.python" version="2.14.0"/>
        <import addon="plugin.video.youtube" version="5.0.0" />
	</requires>
	<extension point="xbmc.python.pluginsource" library="default.py">
		<provides>video</provides>
	</extension>
	<extension point="xbmc.addon.metadata">
		<summary lang="en">DZANGO movies</summary>
		<summary lang="de">Filme von DZANGO</summary>
		<description lang="en">With DZANGO you can watch movies free and legal.</description>
		<description lang="de">Mit DZANGO kannst du kostenlos und legal Spielfilme schauen.</description>
		<disclaimer lang="en"></disclaimer>
		<language>de</language>
		<platform>all</platform>
		<license>GNU GENERAL PUBLIC LICENSE. Version 2, June 1991</license>
		<forum>http://forum.kodi.tv/showthread.php?tid=225198</forum>
		<website>http://www.dzango.de</website>
		<email>bromix at gmx dot net</email>
		<source>https://github.com/bromix/plugin.video.dzango.tv</source>
	</extension>
</addon>
