<?xml version="1.0" encoding="UTF-8"?>
<addon id="plugin.video.cinemassacre" name="cinemassacre" version="2.0.2" provider-name="cdwertmann">
    <requires>
        <import addon="xbmc.python" version="2.1.0"/>
        <import addon="script.common.plugin.cache" version="0.9.1"/>
        <import addon="script.module.xmltodict" version="0.9.0"/>
    </requires>
    <extension point="xbmc.python.pluginsource" library="default.py">
        <provides>video</provides>
    </extension>
    <extension point="xbmc.addon.metadata">
        <platform>all</platform>
        <summary lang="en">Cinemassacre Videos</summary>
        <description lang="en">Videos from cinemassacre.com</description>
        <website>https://github.com/cdwertmann/plugin.video.cinemassacre</website>
        <source>git://github.com/cdwertmann/plugin.video.cinemassacre.git</source>
        <license>GNU GENERAL PUBLIC LICENSE. Version 3, 29 June 2007</license>
        <broken>Video feed has disappeared</broken>
    </extension>
</addon>
