<?xml version="1.0" encoding="UTF-8" standalone="yes"?>
<addon id="plugin.video.paramount_vault" name="Paramount Vault" version="1.0.0" provider-name="RayW1986">
  <requires>
    <import addon="xbmc.python" version="2.1.0"/>
  </requires>
  <extension point="xbmc.python.pluginsource" library="addon.py">
    <provides>video</provides>
  </extension>
  <extension point="xbmc.addon.metadata">
    <language>en</language>
    <summary lang="en">Watch movies from the Paramount Vault</summary>
    <description lang="en">Watch movies from the Paramount Vault, including classics like Masters of the Universe, Hamlet, Missing In Action and There Goes The Neighbourhood.
	
	[B]Note:[/B] The content in this addon is geoblocked for viewership in only the United States. The YouTube plugin for Kodi is required to be installed to use this plugin.</description>
    <disclaimer lang="en">The author is not affiliated either with Paramount Pictures or Viacom</disclaimer>
    <platform>all</platform>
  </extension>
</addon>
