<?xml version="1.0" encoding="UTF-8" standalone="yes"?>
<addon 
	id="plugin.video.botchamania" 
	name="Botchamania" 
	version="1.1.0" 
	provider-name="Skipmode A1">
  <requires>
    <import addon="xbmc.python"                 version="2.14.0"/>
    <import addon="xbmc.addon"                  version="12.0.0"/>
	<import addon="script.module.beautifulsoup" version="3.0.8"/>
	<import addon="script.module.youtube.dl"    version="14.810.0"/>
  </requires>
  <extension point="xbmc.python.pluginsource" 	library="addon.py">
    <provides>video</provides>
  </extension>
  <extension point="xbmc.addon.metadata">
	<summary lang="en">Watch funny wrestling videos made by Maffew from botchamania.com</summary>
	<description lang="en">A popular video series on YouTube created by Maffew that highlights humorous, embarrasing and sometimes painful botches in professional wrestling</description>
	<disclaimer lang="en">For bugs, requests or general questions visit the botchamania.com thread on the XBMC forum.</disclaimer>
	<summary lang="nl">Bekijk grappige worstel filmpjes gemaakt door Maffew van botchamania.com</summary>
	<description lang="nl">Bekijk grappige worstel filmpjes van gemaakt door Maffew van botchamania.com</description>
	<disclaimer lang="nl">Bugs of andere feedback op deze plugin kan geplaatst worden in de botchamania.com thread op het XBMC forum.</disclaimer>
    <language>en</language>
    <platform>all</platform>
    <license>GNU GENERAL PUBLIC LICENSE. Version 3, June 2007</license>
    <forum>http://forum.xbmc.org/showthread.php?tid=203209</forum>
    <website>http://botchamania.com</website>
    <email></email>
    <source>git://github.com/skipmodea1/plugin.video.botchamania.git</source>
  </extension>
</addon>