<?xml version="1.0" encoding="UTF-8" standalone="yes"?>
<addon id="plugin.video.libre-stream"
	   name="Libre-stream"
	   version="1.0.2"
	   provider-name="pcd@xtrend-alliance">
  <requires>
        <import addon="script.module.urlresolver" version="2.2.0"/>
        <import addon="script.module.addon.common" version="2.0.0" />
  </requires>	 	   
  <extension point="xbmc.python.pluginsource"
			 library="default.py">
    	<provides>video</provides>
  </extension>
  <extension point="xbmc.addon.metadata">
    <summary>Videos from ibre-stream.com</summary>
    <description>Videos from ibre-stream.com</description>
    <platform>all</platform>
  </extension>
</addon>






