<?xml version='1.0' encoding='utf-8'?>
<addon id="plugin.video.sledujufilmy.cz" name="sledujufilmy.cz" provider-name="Lubomir Kucera" version="1.0.1">
    <requires>
        <import addon="xbmc.python" version="2.7.7"/>
        <import addon="script.module.stream.resolver" version="1.6.27"/>
        <import addon="script.module.beautifulsoup4" version="4.3.1"/>
    </requires>
    <extension library="default.py" point="xbmc.python.pluginsource" provides="video">
        <provides>video</provides>
    </extension>
    <extension point="xbmc.addon.metadata">
        <summary lang="en">sledujufilmy.cz</summary>
        <summary lang="sk">sledujufilmy.cz</summary>
        <description lang="en">Watch online movies for free on SledujuFilmy.cz</description>
        <description lang="sk">Sleduj filmy online zdarma na SledujuFilmy.cz</description>
        <platform>all</platform>
        <source>https://github.com/kodi-czsk/plugin.video.sledujufilmy.cz</source>
    </extension>
</addon>
