<?xml version="1.0" encoding="UTF-8" standalone="yes"?>
<addon id='plugin.video.mystreamstv.beta' version='0.8.528' name='SmoothStreams.tv Beta' provider-name='SmoothStreams'>
  <requires>
    <import addon='xbmc.python' version='2.1.0'/>
    <import addon='script.common.plugin.cache' version='1.3.0'/>
    <import addon='script.module.parsedom' version='1.2.0'/>
    <import addon='script.module.simple.downloader' version='0.9.1'/>
  </requires>
  <extension point='xbmc.python.pluginsource' library='default.py'>
    <provides>video</provides>
  </extension>
  <extension point='xbmc.addon.metadata'>
    <platform>all</platform>
    <summary>SmoothStreams plugin</summary>
    <description>SmoothStreams plugin</description>
  </extension>
</addon>
