<?xml version="1.0" encoding="UTF-8"?>	<!DOCTYPE tv SYSTEM "xmltv.dtd"> 	<tv source-info-url="http://www.smoothstreams.tv/" source-info-name="SS" generator-info-name="SS" generator-info-url="http://www.xmltv.org/">		<channel id="1">			<display-name>01 - NBC</display-name>			<icon src="http://cdn.smoothstreams.tv/schedule/includes/images/uploads/353b769e6f2a1a1bd53e061cb0f1c541.jpg" />		</channel>		<channel id="2">			<display-name>02 - CBS</display-name>			<icon src="http://cdn.smoothstreams.tv/schedule/includes/images/uploads/129c16546681c85c3cd988a9025e261c.jpg" />		</channel>		<channel id="3">			<display-name>03 - Cartoon Network</display-name>			<icon src="http://cdn.smoothstreams.tv/schedule/includes/images/uploads/1149ca7411d31b0dcf85fe563ca845ef.jpg" />		</channel>		<channel id="4">			<display-name>04 - Comedy Central</display-name>			<icon src="http://cdn.smoothstreams.tv/schedule/includes/images/uploads/e9fe31118f75a11978858547119e4449.jpg" />		</channel>		<channel id="5">			<display-name>05 - Showtime</display-name>			<icon src="http://cdn.smoothstreams.tv/schedule/includes/images/uploads/b7c45e9b43801d7f82220d835d4409c6.jpg" />		</channel>		<channel id="6">			<display-name>06 - HBO</display-name>			<icon src="http://cdn.smoothstreams.tv/schedule/includes/images/uploads/479a2fc4e960d8404b2640cfad65b70a.jpg" />		</channel>		<channel id="7">			<display-name>07 - AMC</display-name>			<icon src="http://cdn.smoothstreams.tv/schedule/includes/images/uploads/c05e7f15476fa220c57fafdb1e032293.jpg" />		</channel>		<channel id="8">			<display-name>08 - USA</display-name>			<icon src="http://cdn.smoothstreams.tv/schedule/includes/images/uploads/1477b1c5f15f4938ebec9bd9561e6195.jpg" />		</channel>		<channel id="9">			<display-name>09 - DSC</display-name>			<icon src="http://cdn.smoothstreams.tv/schedule/includes/images/uploads/eb1ea2aba9e502383c43a16ead4d4c19.jpg" />		</channel>		<channel id="10">			<display-name>10 - NGC</display-name>			<icon src="http://cdn.smoothstreams.tv/schedule/includes/images/uploads/8830f6e454442e88e66418cd95a6b17a.jpg" />		</channel>		<channel id="11">			<display-name>11 - History</display-name>			<icon src="http://cdn.smoothstreams.tv/schedule/includes/images/uploads/1d8f18bc8e977b6e81a7f49dbb3af3e1.jpg" />		</channel>		<channel id="12">			<display-name>12 - FSC</display-name>			<icon src="http://cdn.smoothstreams.tv/schedule/includes/images/uploads/5956fb325698dc6533ee22209628e2b5.jpg" />		</channel>		<channel id="13">			<display-name>13 - beIN Sport</display-name>			<icon src="http://cdn.smoothstreams.tv/schedule/includes/images/uploads/acd2e8b460d42700bd032506edff5e4c.jpg" />		</channel>		<channel id="14">			<display-name>14 - AXStv</display-name>			<icon src="http://cdn.smoothstreams.tv/schedule/includes/images/uploads/e4c4875a4746c45764baec9464a4f1ae.jpg" />		</channel>		<channel id="15">			<display-name>15 - ESPN</display-name>			<icon src="http://cdn.smoothstreams.tv/schedule/includes/images/uploads/6df15d9d43e940012ec9c767586c1342.jpg" />		</channel>		<channel id="16">			<display-name>16 - ESPN2</display-name>			<icon src="http://cdn.smoothstreams.tv/schedule/includes/images/uploads/820171193ea651488bc50cc80e90b15b.jpg" />		</channel>		<channel id="17">			<display-name>17 - ESPN U</display-name>			<icon src="http://cdn.smoothstreams.tv/schedule/includes/images/uploads/ef404d562d02e11e88b8ab8ce6ea609c.jpg" />		</channel>		<channel id="18">			<display-name>18 - Speed</display-name>			<icon src="http://cdn.smoothstreams.tv/schedule/includes/images/uploads/f199360b3ef2ca07c844c6319e948eab.jpg" />		</channel>		<channel id="19">			<display-name>19 - NFL Network</display-name>			<icon src="http://cdn.smoothstreams.tv/schedule/includes/images/uploads/80578da09a8462e95bd7a9011d4e6c11.jpg" />		</channel>		<channel id="20">			<display-name>20 - NBA TV</display-name>			<icon src="http://cdn.smoothstreams.tv/schedule/includes/images/uploads/08e99c3e213fda07e05630605f1427cb.jpg" />		</channel>		<channel id="21">			<display-name>21 - MLB Network</display-name>			<icon src="http://cdn.smoothstreams.tv/schedule/includes/images/uploads/bde9027beb4f0fa90bdad66b718cb712.jpg" />		</channel>		<channel id="22">			<display-name>22 - NHL Network</display-name>			<icon src="http://cdn.smoothstreams.tv/schedule/includes/images/uploads/cc365585b1b6ab158cb7ab524a1eb244.jpg" />		</channel>		<channel id="23">			<display-name>23 - TSN</display-name>			<icon src="http://cdn.smoothstreams.tv/schedule/includes/images/uploads/a54512f55d8193ca7d6ffeccdacb9b3c.jpg" />		</channel>		<channel id="24">			<display-name>24 - SNETO</display-name>			<icon src="http://cdn.smoothstreams.tv/schedule/includes/images/uploads/fa410ca0f68f8da837d742825d4b3f36.jpg" />		</channel>		<channel id="25">			<display-name>25 - Channel 25</display-name>			<icon src="http://cdn.smoothstreams.tv/schedule/includes/images/uploads/33eebccea1b296e5d733864730ea3d8e.jpg" />		</channel>		<channel id="26">			<display-name>26 - Channel 26</display-name>			<icon src="http://cdn.smoothstreams.tv/schedule/includes/images/uploads/ba1ab343d0925c97028f14795c279205.jpg" />		</channel>		<channel id="27">			<display-name>27 - FuelTV</display-name>			<icon src="http://cdn.smoothstreams.tv/schedule/includes/images/uploads/184815bb50e24107007cd9322b9ff595.jpg" />		</channel>		<channel id="28">			<display-name>28 - Channel 28</display-name>			<icon src="http://cdn.smoothstreams.tv/schedule/includes/images/uploads/d6971c86b88ea017c8179fd216e6b0fd.jpg" />		</channel>		<channel id="29">			<display-name>29 - Sky UK</display-name>			<icon src="http://cdn.smoothstreams.tv/schedule/includes/images/uploads/25f11fe16ad378ac4f5360ad45dd3416.jpg" />		</channel>		<channel id="30">			<display-name>30 - Cable NL</display-name>			<icon src="http://cdn.smoothstreams.tv/schedule/includes/images/uploads/6d5a25ceaa8aa5388d65d82e1183b665.jpg" />		</channel>		<channel id="31">			<display-name>31 - Sat EU</display-name>			<icon src="http://cdn.smoothstreams.tv/schedule/includes/images/uploads/80d9adf4eabdabbb3d751bf1735b946d.jpg" />		</channel>		<channel id="32">			<display-name>32 - Sat EU #2</display-name>			<icon src="http://cdn.smoothstreams.tv/schedule/includes/images/uploads/81e2251ae2e4ae374872f3380f34c961.jpg" />		</channel>		<channel id="33">			<display-name>33 - Sky DE</display-name>			<icon src="http://cdn.smoothstreams.tv/schedule/includes/images/uploads/8ea9e2132afcf98cb5114530abaa14b5.jpg" />		</channel>		<channel id="34">			<display-name>34 - Sky DE</display-name>			<icon src="http://cdn.smoothstreams.tv/schedule/includes/images/uploads/1130a3bbbc55be1ee2939e912fae36df.jpg" />		</channel>		<channel id="35">			<display-name>35 - Cable DE</display-name>			<icon src="http://cdn.smoothstreams.tv/schedule/includes/images/uploads/5042d58728905e1449ebd0eef80e7b01.jpg" />		</channel>		<channel id="36">			<display-name>36 - Sky UK</display-name>			<icon src="http://cdn.smoothstreams.tv/schedule/includes/images/uploads/8bc52041d08948438e6c69e9334ea2d0.jpg" />		</channel>		<channel id="37">			<display-name>37 - Sky UK</display-name>			<icon src="http://cdn.smoothstreams.tv/schedule/includes/images/uploads/e0421f5ba17d37d1bac11b95d415a7b8.jpg" />		</channel>		<channel id="38">			<display-name>38 - Sky UK</display-name>			<icon src="http://cdn.smoothstreams.tv/schedule/includes/images/uploads/6a733f7bb4d91781c87cfec15de50062.jpg" />		</channel>		<channel id="39">			<display-name>39 - Sky UK</display-name>			<icon src="http://cdn.smoothstreams.tv/schedule/includes/images/uploads/5edb48fbf4d14d912a045b000a8ac5e1.jpg" />		</channel>		<channel id="40">			<display-name>40 - ESPN America</display-name>			<icon src="http://cdn.smoothstreams.tv/schedule/includes/images/uploads/ecfb0eb9117088f123be07aec1def649.jpg" />		</channel>		<programme start="20130622200000 -0500" stop="20130622230000 -0500" channel="1">			<title lang="en">NHL Finals: Boston Bruins at Chicago Blackhawks</title>			<date>20130622</date>			<category lang="en">Ice Hockey</category>			<audio>				<stereo>stereo</stereo>			</audio>			<quality q="720">720p</quality>			<previously-shown />			<subtitles />		</programme>		<programme start="20130623140000 -0500" stop="20130623160000 -0500" channel="1">			<title lang="en">Dew Tour: Beach CHampionship</title>			<date>20130623</date>			<category lang="en">Other Sports</category>			<audio>				<stereo>stereo</stereo>			</audio>			<previously-shown />			<subtitles />		</programme>		<programme start="20130623160000 -0500" stop="20130623180000 -0500" channel="1">			<title lang="en">Track and Field: US Outdoor Championship</title>			<date>20130623</date>			<category lang="en">Other Sports</category>			<audio>				<stereo>stereo</stereo>			</audio>			<previously-shown />			<subtitles />		</programme>		<programme start="20130623210000 -0500" stop="20130623230000 -0500" channel="1">			<title lang="en">Crossing Lines</title>			<date>20130623</date>			<category lang="en">TV Shows</category>			<audio>				<stereo>stereo</stereo>			</audio>			<previously-shown />			<subtitles />		</programme>		<programme start="20130624200000 -0500" stop="20130624230000 -0500" channel="1">			<title lang="en">NHL Finals: Chicago Blackhawks at Boston Bruins</title>			<date>20130624</date>			<category lang="en">Ice Hockey</category>			<audio>				<stereo>stereo</stereo>			</audio>			<quality q="720">720p</quality>			<previously-shown />			<subtitles />		</programme>		<programme start="20130622210000 -0500" stop="20130622220000 -0500" channel="2">			<title lang="en">Brooklyn DA</title>			<date>20130622</date>			<category lang="en">TV Shows</category>			<audio>				<stereo>stereo</stereo>			</audio>			<previously-shown />			<subtitles />		</programme>		<programme start="20130621213000 -0500" stop="20130622003000 -0500" channel="2">			<title lang="en">MLB: Cincinnati Reds at Arizona Diamondbacks</title>			<date>20130621</date>			<category lang="en">Baseball</category>			<audio>				<stereo>stereo</stereo>			</audio>			<previously-shown />			<subtitles />		</programme>		<programme start="20130622150000 -0500" stop="20130622180000 -0500" channel="2">			<title lang="en">PGA Tour: Travelers Championship</title>			<date>20130622</date>			<category lang="en">Golf</category>			<audio>				<stereo>stereo</stereo>			</audio>			<previously-shown />			<subtitles />		</programme>		<programme start="20130623150000 -0500" stop="20130623180000 -0500" channel="2">			<title lang="en">PGA Tour: Travelers Championship</title>			<date>20130623</date>			<category lang="en">Golf</category>			<audio>				<stereo>stereo</stereo>			</audio>			<previously-shown />			<subtitles />		</programme>		<programme start="20130624203000 -0500" stop="20130624210000 -0500" channel="2">			<title lang="en">The Goodwin Games</title>			<date>20130624</date>			<category lang="en">TV Shows</category>			<audio>				<stereo>stereo</stereo>			</audio>			<previously-shown />			<subtitles />		</programme>		<programme start="20130624220000 -0500" stop="20130624230000 -0500" channel="2">			<title lang="en">Under the Dome</title>			<date>20130624</date>			<category lang="en">TV Shows</category>			<audio>				<stereo>stereo</stereo>			</audio>			<previously-shown />			<subtitles />		</programme>		<programme start="20130622160000 -0500" stop="20130622190000 -0500" channel="3">			<title lang="en">MLB: Atlanta Braves at Milwaukee Brewers</title>			<date>20130622</date>			<category lang="en">Baseball</category>			<audio>				<stereo>stereo</stereo>			</audio>			<previously-shown />			<subtitles />		</programme>		<programme start="20130622200000 -0500" stop="20130622230000 -0500" channel="3">			<title lang="en">NHL Finals: Boston Bruins at Chicago Blackhawks</title>			<date>20130622</date>			<category lang="en">Ice Hockey</category>			<audio>				<stereo>stereo</stereo>			</audio>			<previously-shown />			<subtitles />		</programme>		<programme start="20130623143000 -0500" stop="20130623170000 -0500" channel="3">			<title lang="en">IndyCar: Iowa Corn 250 - Race</title>			<date>20130623</date>			<category lang="en">Motor Sports</category>			<audio>				<stereo>stereo</stereo>			</audio>			<previously-shown />			<subtitles />		</programme>		<programme start="20130623200000 -0500" stop="20130623210000 -0500" channel="3">			<title lang="en">Wife Swap</title>			<date>20130623</date>			<category lang="en">TV Shows</category>			<audio>				<stereo>stereo</stereo>			</audio>			<previously-shown />			<subtitles />		</programme>		<programme start="20130623210000 -0500" stop="20130623220000 -0500" channel="3">			<title lang="en">Whodunnit?</title>			<date>20130623</date>			<category lang="en">TV Shows</category>			<audio>				<stereo>stereo</stereo>			</audio>			<previously-shown />			<subtitles />		</programme>		<programme start="20130624200000 -0500" stop="20130624230000 -0500" channel="3">			<title lang="en">NHL Finals: Chicago Blackhawks at Boston Bruins</title>			<date>20130624</date>			<category lang="en">Ice Hockey</category>			<audio>				<stereo>stereo</stereo>			</audio>			<previously-shown />			<subtitles />		</programme>		<programme start="20130622183000 -0500" stop="20130622190000 -0500" channel="4">			<title lang="en">MLB Player Poll</title>			<date>20130622</date>			<category lang="en">Baseball</category>			<audio>				<stereo>stereo</stereo>			</audio>			<previously-shown />			<subtitles />		</programme>		<programme start="20130622190000 -0500" stop="20130622220000 -0500" channel="4">			<title lang="en">MLB: Boston Red Sox at Detroit Tigers</title>			<date>20130622</date>			<category lang="en">Baseball</category>			<audio>				<stereo>stereo</stereo>			</audio>			<previously-shown />			<subtitles />		</programme>		<programme start="20130621220000 -0500" stop="20130622010000 -0500" channel="4">			<title lang="en">MLB: Los Angeles Dodgers at San Diego Padres</title>			<date>20130621</date>			<category lang="en">Baseball</category>			<audio>				<stereo>stereo</stereo>			</audio>			<previously-shown />			<subtitles />		</programme>		<programme start="20130622150000 -0500" stop="20130622160000 -0500" channel="4">			<title lang="en">AMA Motocross: Mechanicsville</title>			<date>20130622</date>			<category lang="en">Motor Sports</category>			<audio>				<stereo>stereo</stereo>			</audio>			<previously-shown />			<subtitles />		</programme>		<programme start="20130622160000 -0500" stop="20130622180000 -0500" channel="4">			<title lang="en">Dew Tour: Beach Championships</title>			<date>20130622</date>			<category lang="en">Other Sports</category>			<audio>				<stereo>stereo</stereo>			</audio>			<previously-shown />			<subtitles />		</programme>		<programme start="20130623130000 -0500" stop="20130623160000 -0500" channel="4">			<title lang="en">MLB: Minnesota Twins at Cleveland Indians</title>			<date>20130623</date>			<category lang="en">Baseball</category>			<audio>				<stereo>stereo</stereo>			</audio>			<previously-shown />			<subtitles />		</programme>		<programme start="20130624200000 -0500" stop="20130624220000 -0500" channel="4">			<title lang="en">The Bachelorette</title>			<date>20130624</date>			<category lang="en">TV Shows</category>			<audio>				<stereo>stereo</stereo>			</audio>			<previously-shown />			<subtitles />		</programme>		<programme start="20130624220000 -0500" stop="20130624230000 -0500" channel="4">			<title lang="en">Mistresses</title>			<date>20130624</date>			<category lang="en">TV Shows</category>			<audio>				<stereo>stereo</stereo>			</audio>			<previously-shown />			<subtitles />		</programme>		<programme start="20130622190000 -0500" stop="20130622203000 -0500" channel="5">			<title lang="en">Boxing: Malignaggi vs. Broner Undercards</title>			<date>20130622</date>			<category lang="en">Boxing &amp; MMA</category>			<audio>				<stereo>stereo</stereo>			</audio>			<previously-shown />			<subtitles />		</programme>		<programme start="20130622210000 -0500" stop="20130623003000 -0500" channel="5">			<title lang="en">Boxing: Malignaggi vs. Broner</title>			<date>20130622</date>			<category lang="en">Boxing &amp; MMA</category>			<audio>				<stereo>stereo</stereo>			</audio>			<previously-shown />			<subtitles />		</programme>		<programme start="20130622140000 -0500" stop="20130622170000 -0500" channel="5">			<title lang="en">MLB: Chicago White Sox at Kansas City Royals</title>			<date>20130622</date>			<category lang="en">Baseball</category>			<audio>				<stereo>stereo</stereo>			</audio>			<previously-shown />			<subtitles />		</programme>		<programme start="20130623140000 -0500" stop="20130623170000 -0500" channel="5">			<title lang="en">MLB: Atlanta Braves at Milwaukee Brewers</title>			<date>20130623</date>			<category lang="en">Baseball</category>			<audio>				<stereo>stereo</stereo>			</audio>			<previously-shown />			<subtitles />		</programme>		<programme start="20130624210000 -0500" stop="20130624220000 -0500" channel="5">			<title lang="en">Major Crimes</title>			<date>20130624</date>			<category lang="en">TV Shows</category>			<audio>				<stereo>stereo</stereo>			</audio>			<previously-shown />			<subtitles />		</programme>		<programme start="20130624220000 -0500" stop="20130624230000 -0500" channel="5">			<title lang="en">King & Maxwell</title>			<date>20130624</date>			<category lang="en">TV Shows</category>			<audio>				<stereo>stereo</stereo>			</audio>			<previously-shown />			<subtitles />		</programme>		<programme start="20130622160000 -0500" stop="20130622190000 -0500" channel="6">			<title lang="en">MLB: Houston Astros at Chicago Cubs</title>			<date>20130622</date>			<category lang="en">Baseball</category>			<audio>				<stereo>stereo</stereo>			</audio>			<previously-shown />			<subtitles />		</programme>		<programme start="20130622200000 -0500" stop="20130622210000 -0500" channel="6">			<title lang="en">Zero Hour</title>			<date>20130622</date>			<category lang="en">TV Shows</category>			<audio>				<stereo>stereo</stereo>			</audio>			<previously-shown />			<subtitles />		</programme>		<programme start="20130622210000 -0500" stop="20130622220000 -0500" channel="6">			<title lang="en">666 Park Avenue</title>			<date>20130622</date>			<category lang="en">TV Shows</category>			<audio>				<stereo>stereo</stereo>			</audio>			<previously-shown />			<subtitles />		</programme>		<programme start="20130623140000 -0500" stop="20130623170000 -0500" channel="6">			<title lang="en">MLB: Houston Astros at Chicago Cubs</title>			<date>20130623</date>			<category lang="en">Baseball</category>			<audio>				<stereo>stereo</stereo>			</audio>			<previously-shown />			<subtitles />		</programme>		<programme start="20130623210000 -0500" stop="20130623220000 -0500" channel="6">			<title lang="en">True Blood</title>			<date>20130623</date>			<category lang="en">TV Shows</category>			<audio>				<stereo>stereo</stereo>			</audio>			<previously-shown />			<subtitles />		</programme>		<programme start="20130623220000 -0500" stop="20130623223000 -0500" channel="6">			<title lang="en">Veep</title>			<date>20130623</date>			<category lang="en">TV Shows</category>			<audio>				<stereo>stereo</stereo>			</audio>			<previously-shown />			<subtitles />		</programme>		<programme start="20130623223000 -0500" stop="20130623230000 -0500" channel="6">			<title lang="en">Family Tree</title>			<date>20130623</date>			<category lang="en">TV Shows</category>			<audio>				<stereo>stereo</stereo>			</audio>			<previously-shown />			<subtitles />		</programme>		<programme start="20130622200000 -0500" stop="20130622220000 -0500" channel="7">			<title lang="en">MLS: Columbus Crew - Chicago Fire</title>			<date>20130622</date>			<category lang="en">World Football</category>			<audio>				<stereo>stereo</stereo>			</audio>			<previously-shown />			<subtitles />		</programme>		<programme start="20130623153000 -0500" stop="20130623183000 -0500" channel="7">			<title lang="en">MLB: Pittsburgh Pirates at Los Angeles Angels</title>			<date>20130623</date>			<category lang="en">Baseball</category>			<audio>				<stereo>stereo</stereo>			</audio>			<previously-shown />			<subtitles />		</programme>		<programme start="20130623210000 -0500" stop="20130623220000 -0500" channel="7">			<title lang="en">The Killing</title>			<date>20130623</date>			<category lang="en">TV Shows</category>			<audio>				<stereo>stereo</stereo>			</audio>			<previously-shown />			<subtitles />		</programme>		<programme start="20130623220000 -0500" stop="20130623230000 -0500" channel="7">			<title lang="en">Mad Men</title>			<date>20130623</date>			<category lang="en">TV Shows</category>			<audio>				<stereo>stereo</stereo>			</audio>			<previously-shown />			<subtitles />		</programme>		<programme start="20130622170000 -0500" stop="20130622190000 -0500" channel="8">			<title lang="en">LPGA Tour: NW Arkansas Championship</title>			<date>20130622</date>			<category lang="en">Golf</category>			<audio>				<stereo>stereo</stereo>			</audio>			<previously-shown />			<subtitles />		</programme>		<programme start="20130622080000 -0500" stop="20130622120000 -0500" channel="8">			<title lang="en">European Tour: BMW International Open</title>			<date>20130622</date>			<category lang="en">Golf</category>			<audio>				<stereo>stereo</stereo>			</audio>			<previously-shown />			<subtitles />		</programme>		<programme start="20130622130000 -0500" stop="20130622143000 -0500" channel="8">			<title lang="en">PGA Tour: Travelers Championship</title>			<date>20130622</date>			<category lang="en">Golf</category>			<audio>				<stereo>stereo</stereo>			</audio>			<previously-shown />			<subtitles />		</programme>		<programme start="20130622150000 -0500" stop="20130622170000 -0500" channel="8">			<title lang="en">Champions Tour: Encompass Championship</title>			<date>20130622</date>			<category lang="en">Golf</category>			<audio>				<stereo>stereo</stereo>			</audio>			<previously-shown />			<subtitles />		</programme>		<programme start="20130623130000 -0500" stop="20130623143000 -0500" channel="8">			<title lang="en">PGA Tour: Travelers Championship</title>			<date>20130623</date>			<category lang="en">Golf</category>			<audio>				<stereo>stereo</stereo>			</audio>			<previously-shown />			<subtitles />		</programme>		<programme start="20130623150000 -0500" stop="20130623170000 -0500" channel="8">			<title lang="en">Champions Tour: Encompass Championship</title>			<date>20130623</date>			<category lang="en">Golf</category>			<audio>				<stereo>stereo</stereo>			</audio>			<previously-shown />			<subtitles />		</programme>		<programme start="20130623170000 -0500" stop="20130623190000 -0500" channel="8">			<title lang="en">LPGA Tour: NW Arkansas Championship</title>			<date>20130623</date>			<category lang="en">Golf</category>			<audio>				<stereo>stereo</stereo>			</audio>			<previously-shown />			<subtitles />		</programme>		<programme start="20130623193000 -0500" stop="20130623213000 -0500" channel="8">			<title lang="en">PGA Professional National Championship</title>			<date>20130623</date>			<category lang="en">Golf</category>			<audio>				<stereo>stereo</stereo>			</audio>			<previously-shown />			<subtitles />		</programme>		<programme start="20130623220000 -0500" stop="20130623230000 -0500" channel="8">			<title lang="en">Falling Skies</title>			<date>20130623</date>			<category lang="en">TV Shows</category>			<audio>				<stereo>stereo</stereo>			</audio>			<previously-shown />			<subtitles />		</programme>		<programme start="20130624153000 -0500" stop="20130624180000 -0500" channel="8">			<title lang="en">PGA: Professional National Championship</title>			<date>20130624</date>			<category lang="en">Golf</category>			<audio>				<stereo>stereo</stereo>			</audio>			<previously-shown />			<subtitles />		</programme>		<programme start="20130624200000 -0500" stop="20130624230000 -0500" channel="8">			<title lang="en">WWE Monday Night Raw</title>			<date>20130624</date>			<category lang="en">Wrestling</category>			<audio>				<stereo>stereo</stereo>			</audio>			<previously-shown />			<subtitles />		</programme>		<programme start="20130622160000 -0500" stop="20130622190000 -0500" channel="9">			<title lang="en">MLB: Miami Marlins at San Francisco Giants</title>			<date>20130622</date>			<category lang="en">Baseball</category>			<audio>				<stereo>stereo</stereo>			</audio>			<previously-shown />			<subtitles />		</programme>		<programme start="20130621220000 -0500" stop="20130622010000 -0500" channel="9">			<title lang="en">MLB: Strikezone</title>			<date>20130621</date>			<category lang="en">Baseball</category>			<audio>				<stereo>stereo</stereo>			</audio>			<previously-shown />			<subtitles />		</programme>		<programme start="20130623150000 -0500" stop="20130623160000 -0500" channel="9">			<title lang="en">Track and Field: US Outdoor Championship</title>			<date>20130623</date>			<category lang="en">Other Sports</category>			<audio>				<stereo>stereo</stereo>			</audio>			<previously-shown />			<subtitles />		</programme>		<programme start="20130623160000 -0500" stop="20130623190000 -0500" channel="9">			<title lang="en">MLB: Miami Marlins at San Francisco Giants</title>			<date>20130623</date>			<category lang="en">Baseball</category>			<audio>				<stereo>stereo</stereo>			</audio>			<previously-shown />			<subtitles />		</programme>		<programme start="20130622170000 -0500" stop="20130622190000 -0500" channel="10">			<title lang="en">Track and Field: US Outdoor Championships</title>			<date>20130622</date>			<category lang="en">Other Sports</category>			<audio>				<stereo>stereo</stereo>			</audio>			<previously-shown />			<subtitles />		</programme>		<programme start="20130622190000 -0500" stop="20130622200000 -0500" channel="10">			<title lang="en">NHL Live</title>			<date>20130622</date>			<category lang="en">Ice Hockey</category>			<audio>				<stereo>stereo</stereo>			</audio>			<previously-shown />			<subtitles />		</programme>		<programme start="20130622203000 -0500" stop="20130622223000 -0500" channel="10">			<title lang="en">MLS: FC Dallas - Sporting Kansas City</title>			<date>20130622</date>			<category lang="en">World Football</category>			<audio>				<stereo>stereo</stereo>			</audio>			<previously-shown />			<subtitles />		</programme>		<programme start="20130621220000 -0500" stop="20130622010000 -0500" channel="10">			<title lang="en">MLB: Pittsburgh Pirates at Los Angeles Angels</title>			<date>20130621</date>			<category lang="en">Baseball</category>			<audio>				<stereo>stereo</stereo>			</audio>			<previously-shown />			<subtitles />		</programme>		<programme start="20130622160000 -0500" stop="20130622170000 -0500" channel="10">			<title lang="en">AMA Motocross: Mechanicsville</title>			<date>20130622</date>			<category lang="en">Ice Hockey</category>			<audio>				<stereo>stereo</stereo>			</audio>			<previously-shown />			<subtitles />		</programme>		<programme start="20130623110000 -0500" stop="20130623130000 -0500" channel="10">			<title lang="en">U20 WC: Chile vs. Egypt</title>			<date>20130623</date>			<category lang="en">World Football</category>			<audio>				<stereo>stereo</stereo>			</audio>			<previously-shown />			<subtitles />		</programme>		<programme start="20130623150000 -0500" stop="20130623170000 -0500" channel="10">			<title lang="en">Confed Cup: Uruguay - Tahiti</title>			<date>20130623</date>			<category lang="en">World Football</category>			<audio>				<stereo>stereo</stereo>			</audio>			<previously-shown />			<subtitles />		</programme>		<programme start="20130623193000 -0500" stop="20130623213000 -0500" channel="10">			<title lang="en">Friendly: Ft. Lauderdale Strikers - Cruzeiro</title>			<date>20130623</date>			<category lang="en">World Football</category>			<audio>				<stereo>stereo</stereo>			</audio>			<previously-shown />			<subtitles />		</programme>		<programme start="20130622210000 -0500" stop="20130622230000 -0500" channel="11">			<title lang="en">MLS: Houston Dynamo - Toronto FC</title>			<date>20130622</date>			<category lang="en">World Football</category>			<audio>				<stereo>stereo</stereo>			</audio>			<previously-shown />			<subtitles />		</programme>		<programme start="20130622150000 -0500" stop="20130622170000 -0500" channel="11">			<title lang="en">Confed Cup: Japan - Mexico</title>			<date>20130622</date>			<category lang="en">World Football</category>			<audio>				<stereo>stereo</stereo>			</audio>			<previously-shown />			<subtitles />		</programme>		<programme start="20130623133000 -0500" stop="20130623163000 -0500" channel="11">			<title lang="en">MLB: New York Mets at Philadelphia Phillies</title>			<date>20130623</date>			<category lang="en">Baseball</category>			<audio>				<stereo>stereo</stereo>			</audio>			<previously-shown />			<subtitles />		</programme>		<programme start="20130622213000 -0500" stop="20130622233000 -0500" channel="12">			<title lang="en">MLS: Real Salt Lake - Seattle Sounders FC</title>			<date>20130622</date>			<category lang="en">World Football</category>			<audio>				<stereo>stereo</stereo>			</audio>			<previously-shown />			<subtitles />		</programme>		<programme start="20130622150000 -0500" stop="20130622170000 -0500" channel="12">			<title lang="en">Confed Cup: Japan - Mexico</title>			<date>20130622</date>			<category lang="en">World Football</category>			<audio>				<stereo>stereo</stereo>			</audio>			<previously-shown />			<subtitles />		</programme>		<programme start="20130623130000 -0500" stop="20130623160000 -0500" channel="12">			<title lang="en">MLB: Baltimore Orioles at Toronto Blue Jays</title>			<date>20130623</date>			<category lang="en">Baseball</category>			<audio>				<stereo>stereo</stereo>			</audio>			<previously-shown />			<subtitles />		</programme>		<programme start="20130623190000 -0500" stop="20130623210000 -0500" channel="12">			<title lang="en">MLS: Portland Timbers - Colorado Rapids</title>			<date>20130623</date>			<category lang="en">World Football</category>			<audio>				<stereo>stereo</stereo>			</audio>			<previously-shown />			<subtitles />		</programme>		<programme start="20130622160000 -0500" stop="20130622190000 -0500" channel="13">			<title lang="en">MLB: New York Mets at Philadelphia Phillies</title>			<date>20130622</date>			<category lang="en">Baseball</category>			<audio>				<stereo>stereo</stereo>			</audio>			<previously-shown />			<subtitles />		</programme>		<programme start="20130622093000 -0500" stop="20130622123000 -0500" channel="13">			<title lang="en">Horse Racing: Royal Ascot</title>			<date>20130622</date>			<category lang="en">Other Sports</category>			<audio>				<stereo>stereo</stereo>			</audio>			<previously-shown />			<subtitles />		</programme>		<programme start="20130622140000 -0500" stop="20130622160000 -0500" channel="13">			<title lang="en">Liga Adelante: UD Almeria - Girona FC</title>			<date>20130622</date>			<category lang="en">World Football</category>			<audio>				<stereo>stereo</stereo>			</audio>			<previously-shown />			<subtitles />		</programme>		<programme start="20130623160000 -0500" stop="20130623190000 -0500" channel="13">			<title lang="en">MLB: Oakland Athletics at Seattle Mariners</title>			<date>20130623</date>			<category lang="en">Baseball</category>			<audio>				<stereo>stereo</stereo>			</audio>			<previously-shown />			<subtitles />		</programme>		<programme start="20130622190000 -0500" stop="20130622210000 -0500" channel="14">			<title lang="en">MLS: D.C. United - San Jose Earthquakes</title>			<date>20130622</date>			<category lang="en">World Football</category>			<audio>				<stereo>stereo</stereo>			</audio>			<previously-shown />			<subtitles />		</programme>		<programme start="20130621220000 -0500" stop="20130622010000 -0500" channel="14">			<title lang="en">Resurrection Fighting Alliance 8</title>			<date>20130621</date>			<category lang="en">Boxing &amp; MMA</category>			<audio>				<stereo>stereo</stereo>			</audio>			<previously-shown />			<subtitles />		</programme>		<programme start="20130622060000 -0500" stop="20130622080000 -0500" channel="14">			<title lang="en">Sanzar Summer Tours: Australia vs. British and Irish Lions</title>			<date>20130622</date>			<category lang="en">Rugby</category>			<audio>				<stereo>stereo</stereo>			</audio>			<previously-shown />			<subtitles />		</programme>		<programme start="20130622130000 -0500" stop="20130622160000 -0500" channel="14">			<title lang="en">MLB: Tampa Bay Rays at New York Yankees</title>			<date>20130622</date>			<category lang="en">Baseball</category>			<audio>				<stereo>stereo</stereo>			</audio>			<previously-shown />			<subtitles />		</programme>		<programme start="20130623130000 -0500" stop="20130623160000 -0500" channel="14">			<title lang="en">MLB: Boston Red Sox at Detroit Tigers</title>			<date>20130623</date>			<category lang="en">Baseball</category>			<audio>				<stereo>stereo</stereo>			</audio>			<previously-shown />			<subtitles />		</programme>		<programme start="20130623160000 -0500" stop="20130623190000 -0500" channel="14">			<title lang="en">MLB: Cincinnati Reds at Arizona Diamondbacks</title>			<date>20130623</date>			<category lang="en">Baseball</category>			<audio>				<stereo>stereo</stereo>			</audio>			<previously-shown />			<subtitles />		</programme>		<programme start="20130622170000 -0500" stop="20130622203000 -0500" channel="15">			<title lang="en">Nationwide Series Johnsonville Sausage 200</title>			<date>20130622</date>			<category lang="en">Nascar</category>			<audio>				<stereo>stereo</stereo>			</audio>			<previously-shown />			<subtitles />		</programme>		<programme start="20130622203000 -0500" stop="20130622233000 -0500" channel="15">			<title lang="en">CWS: Game 14</title>			<date>20130622</date>			<category lang="en">Baseball</category>			<audio>				<stereo>stereo</stereo>			</audio>			<previously-shown />			<subtitles />		</programme>		<programme start="20130622110000 -0500" stop="20130622130000 -0500" channel="15">			<title lang="en">U20 WC: Mexico - Greece</title>			<date>20130622</date>			<category lang="en">World Football</category>			<audio>				<stereo>stereo</stereo>			</audio>			<previously-shown />			<subtitles />		</programme>		<programme start="20130622150000 -0500" stop="20130622170000 -0500" channel="15">			<title lang="en">Confed Cup: Italy - Brazil</title>			<date>20130622</date>			<category lang="en">World Football</category>			<audio>				<stereo>stereo</stereo>			</audio>			<previously-shown />			<subtitles />		</programme>		<programme start="20130623150000 -0500" stop="20130623170000 -0500" channel="15">			<title lang="en">Confed Cup: Nigeria - Spain</title>			<date>20130623</date>			<category lang="en">World Football</category>			<audio>				<stereo>stereo</stereo>			</audio>			<previously-shown />			<subtitles />		</programme>		<programme start="20130623170000 -0500" stop="20130623190000 -0500" channel="15">			<title lang="en">MLS: Philadelphia Union - New York Red Bulls</title>			<date>20130623</date>			<category lang="en">World Football</category>			<audio>				<stereo>stereo</stereo>			</audio>			<previously-shown />			<subtitles />		</programme>		<programme start="20130623200000 -0500" stop="20130623230000 -0500" channel="15">			<title lang="en">MLB: Texas Rangers at St. Louis Cardinals</title>			<date>20130623</date>			<category lang="en">Baseball</category>			<audio>				<stereo>stereo</stereo>			</audio>			<previously-shown />			<subtitles />		</programme>		<programme start="20130624070000 -0500" stop="20130624110000 -0500" channel="15">			<title lang="en">Wimbledon: ESPN Coverage</title>			<date>20130624</date>			<category lang="en">Tennis</category>			<audio>				<stereo>stereo</stereo>			</audio>			<previously-shown />			<subtitles />		</programme>		<programme start="20130624110000 -0500" stop="20130624150000 -0500" channel="15">			<title lang="en">Wimbledon: ESPN Coverage</title>			<date>20130624</date>			<category lang="en">Tennis</category>			<audio>				<stereo>stereo</stereo>			</audio>			<previously-shown />			<subtitles />		</programme>		<programme start="20130624150000 -0500" stop="20130624170000 -0500" channel="15">			<title lang="en">Wimbledon: ESPN Coverage</title>			<date>20130624</date>			<category lang="en">Tennis</category>			<audio>				<stereo>stereo</stereo>			</audio>			<previously-shown />			<subtitles />		</programme>		<programme start="20130624200000 -0500" stop="20130624230000 -0500" channel="15">			<title lang="en">CWS: Finals Game 1</title>			<date>20130624</date>			<category lang="en">Baseball</category>			<audio>				<stereo>stereo</stereo>			</audio>			<previously-shown />			<subtitles />		</programme>		<programme start="20130622120000 -0500" stop="20130622133000 -0500" channel="16">			<title lang="en">Nationwide Series Qualifying</title>			<date>20130622</date>			<category lang="en">Nascar</category>			<audio>				<stereo>stereo</stereo>			</audio>			<previously-shown />			<subtitles />		</programme>		<programme start="20130622150000 -0500" stop="20130622180000 -0500" channel="16">			<title lang="en">CWS: Game 13</title>			<date>20130622</date>			<category lang="en">Baseball</category>			<audio>				<stereo>stereo</stereo>			</audio>			<previously-shown />			<subtitles />		</programme>		<programme start="20130623150000 -0500" stop="20130623170000 -0500" channel="16">			<title lang="en">Confed Cup: Uruguay - Tahiti</title>			<date>20130623</date>			<category lang="en">World Football</category>			<audio>				<stereo>stereo</stereo>			</audio>			<previously-shown />			<subtitles />		</programme>		<programme start="20130624110000 -0500" stop="20130624130000 -0500" channel="16">			<title lang="en">U20 WC: France - USA</title>			<date>20130624</date>			<category lang="en">World Football</category>			<audio>				<stereo>stereo</stereo>			</audio>			<previously-shown />			<subtitles />		</programme>		<programme start="20130624220000 -0500" stop="20130625010000 -0500" channel="16">			<title lang="en">MLB: San Francisco Giants at Los Angeles Dodgers</title>			<date>20130624</date>			<category lang="en">Baseball</category>			<audio>				<stereo>stereo</stereo>			</audio>			<previously-shown />			<subtitles />		</programme>		<programme start="20130622140000 -0500" stop="20130622160000 -0500" channel="17">			<title lang="en">U20 WC: Turkey - El Salvador</title>			<date>20130622</date>			<category lang="en">World Football</category>			<audio>				<stereo>stereo</stereo>			</audio>			<previously-shown />			<subtitles />		</programme>		<programme start="20130623140000 -0500" stop="20130623160000 -0500" channel="17">			<title lang="en">U20 WC: England - Iraq</title>			<date>20130623</date>			<category lang="en">World Football</category>			<audio>				<stereo>stereo</stereo>			</audio>			<previously-shown />			<subtitles />		</programme>		<programme start="20130623160000 -0500" stop="20130623190000 -0500" channel="17">			<title lang="en">MLB: Los Angeles Dodgers at San Diego Padres </title>			<date>20130623</date>			<category lang="en">Baseball</category>			<audio>				<stereo>stereo</stereo>			</audio>			<previously-shown />			<subtitles />		</programme>		<programme start="20130624140000 -0500" stop="20130624160000 -0500" channel="17">			<title lang="en">U20 WC: Spain - Ghana</title>			<date>20130624</date>			<category lang="en">World Football</category>			<audio>				<stereo>stereo</stereo>			</audio>			<previously-shown />			<subtitles />		</programme>		<programme start="20130622160000 -0500" stop="20130622190000 -0500" channel="18">			<title lang="en">24H Le Mans: Speed Coverage</title>			<date>20130622</date>			<category lang="en">Motor Sports</category>			<audio>				<stereo>stereo</stereo>			</audio>			<previously-shown />			<subtitles />		</programme>		<programme start="20130622193000 -0500" stop="20130622233000 -0500" channel="18">			<title lang="en">24H Le Mans: Speed Coverage</title>			<date>20130622</date>			<category lang="en">Motor Sports</category>			<audio>				<stereo>stereo</stereo>			</audio>			<previously-shown />			<subtitles />		</programme>		<programme start="20130622233000 -0500" stop="20130623033000 -0500" channel="18">			<title lang="en">24H Le Mans: Speed Coverage</title>			<date>20130622</date>			<category lang="en">Motor Sports</category>			<audio>				<stereo>stereo</stereo>			</audio>			<previously-shown />			<subtitles />		</programme>		<programme start="20130622083000 -0500" stop="20130622123000 -0500" channel="18">			<title lang="en">24H Le Mans: Speed Coverage</title>			<date>20130622</date>			<category lang="en">Motor Sports</category>			<audio>				<stereo>stereo</stereo>			</audio>			<previously-shown />			<subtitles />		</programme>		<programme start="20130622123000 -0500" stop="20130622140000 -0500" channel="18">			<title lang="en">24H Le Mans: Speed Coverage</title>			<date>20130622</date>			<category lang="en">Motor Sports</category>			<audio>				<stereo>stereo</stereo>			</audio>			<previously-shown />			<subtitles />		</programme>		<programme start="20130622140000 -0500" stop="20130622160000 -0500" channel="18">			<title lang="en">Sprint Cup Qualifying</title>			<date>20130622</date>			<category lang="en">Nascar</category>			<audio>				<stereo>stereo</stereo>			</audio>			<previously-shown />			<subtitles />		</programme>		<programme start="20130623033000 -0500" stop="20130623073000 -0500" channel="18">			<title lang="en">24H Le Mans: Speed Coverage</title>			<date>20130623</date>			<category lang="en">Motor Sports</category>			<audio>				<stereo>stereo</stereo>			</audio>			<previously-shown />			<subtitles />		</programme>		<programme start="20130623073000 -0500" stop="20130623093000 -0500" channel="18">			<title lang="en">24H Le Mans: Speed Coverage</title>			<date>20130623</date>			<category lang="en">Motor Sports</category>			<audio>				<stereo>stereo</stereo>			</audio>			<previously-shown />			<subtitles />		</programme>		<programme start="20130623120000 -0500" stop="20130623140000 -0500" channel="18">			<title lang="en">NASCAR RaceDay</title>			<date>20130623</date>			<category lang="en">Nascar</category>			<audio>				<stereo>stereo</stereo>			</audio>			<previously-shown />			<subtitles />		</programme>		<programme start="20130623140000 -0500" stop="20130623170000 -0500" channel="18">			<title lang="en">MLB: Tempa Bay Rays at New York Yankees</title>			<date>20130623</date>			<category lang="en">Baseball</category>			<audio>				<stereo>stereo</stereo>			</audio>			<previously-shown />			<subtitles />		</programme>		<programme start="20130623183000 -0500" stop="20130623190000 -0500" channel="18">			<title lang="en">NASCAR Victory Lane</title>			<date>20130623</date>			<category lang="en">Nascar</category>			<audio>				<stereo>stereo</stereo>			</audio>			<previously-shown />			<subtitles />		</programme>		<programme start="20130624060000 -0500" stop="20130624090000 -0500" channel="18">			<title lang="en">Squawk Box</title>			<desc lang="en">As the United States markets prepare to open, anchors Joe Kernen, Becky Quick and Andrew Ross Sorkin welcome some of the biggest names in business and politics to a show that is aimed at professionals and casual investors alike.
Credits: Becky Quick (Anchor), Joe Kernen (Anchor), Andrew Ross Sorkin (Anchor)</desc>			<date>20130624</date>			<category lang="en">TV Shows</category>			<audio>				<stereo>stereo</stereo>			</audio>			<previously-shown />			<subtitles />		</programme>		<programme start="20130622220000 -0500" stop="20130623010000 -0500" channel="19">			<title lang="en">MLB: Pittsburgh Pirates at Los Angeles Angels</title>			<date>20130622</date>			<category lang="en">Baseball</category>			<audio>				<stereo>stereo</stereo>			</audio>			<previously-shown />			<subtitles />		</programme>		<programme start="20130621220000 -0500" stop="20130622010000 -0500" channel="19">			<title lang="en">MLB: Miami Marlins at San Francisco Giants</title>			<date>20130621</date>			<category lang="en">Baseball</category>			<audio>				<stereo>stereo</stereo>			</audio>			<previously-shown />			<subtitles />		</programme>		<programme start="20130622023000 -0500" stop="20130622053000 -0500" channel="19">			<title lang="en">AFL: St. Kilda vs. Melbourne</title>			<date>20130622</date>			<category lang="en">Rugby</category>			<audio>				<stereo>stereo</stereo>			</audio>			<previously-shown />			<subtitles />		</programme>		<programme start="20130622053000 -0500" stop="20130622073000 -0500" channel="19">			<title lang="en">NRL: Tigers vs. Raiders</title>			<date>20130622</date>			<category lang="en">Rugby</category>			<audio>				<stereo>stereo</stereo>			</audio>			<previously-shown />			<subtitles />		</programme>		<programme start="20130622150000 -0500" stop="20130622170000 -0500" channel="19">			<title lang="en">Confed Cup: Italy - Brazil</title>			<date>20130622</date>			<category lang="en">World Football</category>			<audio>				<stereo>stereo</stereo>			</audio>			<previously-shown />			<subtitles />		</programme>		<programme start="20130623133000 -0500" stop="20130623163000 -0500" channel="19">			<title lang="en">MLB: Colorado Rockies at Washington Nationals</title>			<date>20130623</date>			<category lang="en">Baseball</category>			<audio>				<stereo>stereo</stereo>			</audio>			<previously-shown />			<subtitles />		</programme>		<programme start="20130622190000 -0500" stop="20130622213000 -0500" channel="20">			<title lang="en">WNBA: Chicago at Indiana</title>			<date>20130622</date>			<category lang="en">Basketball</category>			<audio>				<stereo>stereo</stereo>			</audio>			<previously-shown />			<subtitles />		</programme>		<programme start="20130622220000 -0500" stop="20130623010000 -0500" channel="20">			<title lang="en">MLB: Oakland Athletics at Seattle Mariners</title>			<date>20130622</date>			<category lang="en">Baseball</category>			<audio>				<stereo>stereo</stereo>			</audio>			<previously-shown />			<subtitles />		</programme>		<programme start="20130622120000 -0500" stop="20130622150000 -0500" channel="20">			<title lang="en">MLB: Colorado Rockies at Washington Nationals</title>			<date>20130622</date>			<category lang="en">Baseball</category>			<audio>				<stereo>stereo</stereo>			</audio>			<previously-shown />			<subtitles />		</programme>		<programme start="20130623140000 -0500" stop="20130623170000 -0500" channel="20">			<title lang="en">MLB: Chicago White Sox at Kansas City Royals</title>			<date>20130623</date>			<category lang="en">Baseball</category>			<audio>				<stereo>stereo</stereo>			</audio>			<previously-shown />			<subtitles />		</programme>		<programme start="20130623190000 -0500" stop="20130623213000 -0500" channel="20">			<title lang="en">WNBA: Tulsa at Minnesota</title>			<date>20130623</date>			<category lang="en">Basketball</category>			<audio>				<stereo>stereo</stereo>			</audio>			<previously-shown />			<subtitles />		</programme>		<programme start="20130622190000 -0500" stop="20130622220000 -0500" channel="21">			<title lang="en">MLB: Los Angeles Dodgers at San Diego Padres </title>			<date>20130622</date>			<category lang="en">Baseball</category>			<audio>				<stereo>stereo</stereo>			</audio>			<previously-shown />			<subtitles />		</programme>		<programme start="20130621233000 -0500" stop="20130622023000 -0500" channel="21">			<title lang="en">AFL: Port Adelaide vs. Sydney Swans</title>			<date>20130621</date>			<category lang="en">Rugby</category>			<audio>				<stereo>stereo</stereo>			</audio>			<previously-shown />			<subtitles />		</programme>		<programme start="20130622130000 -0500" stop="20130622160000 -0500" channel="21">			<title lang="en">MLB: Baltimore Orioles at Toronto Blue Jays</title>			<date>20130622</date>			<category lang="en">Baseball</category>			<audio>				<stereo>stereo</stereo>			</audio>			<previously-shown />			<subtitles />		</programme>		<programme start="20130623010000 -0500" stop="20130623030000 -0500" channel="21">			<title lang="en">NRL: Eels vs. Rabbitohs</title>			<date>20130623</date>			<category lang="en">Rugby</category>			<audio>				<stereo>stereo</stereo>			</audio>			<previously-shown />			<subtitles />		</programme>		<programme start="20130623140000 -0500" stop="20130623150000 -0500" channel="21">			<title lang="en">Countdown to Green</title>			<date>20130623</date>			<category lang="en">Nascar</category>			<audio>				<stereo>stereo</stereo>			</audio>			<previously-shown />			<subtitles />		</programme>		<programme start="20130623150000 -0500" stop="20130623183000 -0500" channel="21">			<title lang="en">Sprint Cup Toyota - Save Mart 350</title>			<date>20130623</date>			<category lang="en">Nascar</category>			<audio>				<stereo>stereo</stereo>			</audio>			<previously-shown />			<subtitles />		</programme>		<programme start="20130621220000 -0500" stop="20130622010000 -0500" channel="22">			<title lang="en">MLB: Oakland Athletics at Seattle Mariners</title>			<date>20130621</date>			<category lang="en">Baseball</category>			<audio>				<stereo>stereo</stereo>			</audio>			<previously-shown />			<subtitles />		</programme>		<programme start="20130622140000 -0500" stop="20130622160000 -0500" channel="22">			<title lang="en">Liga Adelante: UD Almeria - Girona FC</title>			<date>20130622</date>			<category lang="en">World Football</category>			<audio>				<stereo>stereo</stereo>			</audio>			<previously-shown />			<subtitles />		</programme>		<programme start="20130623150000 -0500" stop="20130623170000 -0500" channel="22">			<title lang="en">Confed Cup: Nigeria - Spain</title>			<date>20130623</date>			<category lang="en">World Football</category>			<audio>				<stereo>stereo</stereo>			</audio>			<previously-shown />			<subtitles />		</programme>		<programme start="20130623230000 -0500" stop="20130624010000 -0500" channel="22">			<title lang="en">MLS: Chivas USA - Los Angeles Galaxy</title>			<date>20130623</date>			<category lang="en">World Football</category>			<audio>				<stereo>stereo</stereo>			</audio>			<previously-shown />			<subtitles />		</programme>		<programme start="20130622200000 -0500" stop="20130622230000 -0500" channel="23">			<title lang="en">NHL Finals: Boston Bruins at Chicago Blackhawks</title>			<date>20130622</date>			<category lang="en">Ice Hockey</category>			<audio>				<stereo>stereo</stereo>			</audio>			<previously-shown />			<subtitles />		</programme>		<programme start="20130621220000 -0500" stop="20130622013000 -0500" channel="23">			<title lang="en">CFL Pre: Edmonton at B.C.</title>			<date>20130621</date>			<category lang="en">American Football</category>			<audio>				<stereo>stereo</stereo>			</audio>			<previously-shown />			<subtitles />		</programme>		<programme start="20130622150000 -0500" stop="20130622170000 -0500" channel="23">			<title lang="en">Confed Cup: Italy - Brazil</title>			<date>20130622</date>			<category lang="en">World Football</category>			<audio>				<stereo>stereo</stereo>			</audio>			<previously-shown />			<subtitles />		</programme>		<programme start="20130623150000 -0500" stop="20130623170000 -0500" channel="23">			<title lang="en">Confed Cup: Nigeria - Spain</title>			<date>20130623</date>			<category lang="en">World Football</category>			<audio>				<stereo>stereo</stereo>			</audio>			<previously-shown />			<subtitles />		</programme>		<programme start="20130622190000 -0500" stop="20130622220000 -0500" channel="24">			<title lang="en">MLB: Texas Rangers at St. Louis Cardinals</title>			<date>20130622</date>			<category lang="en">Baseball</category>			<audio>				<stereo>stereo</stereo>			</audio>			<previously-shown />			<subtitles />		</programme>		<programme start="20130622033000 -0500" stop="20130622053000 -0500" channel="24">			<title lang="en">Sanzar Summer Tours: New Zealand vs. France</title>			<date>20130622</date>			<category lang="en">Rugby</category>			<audio>				<stereo>stereo</stereo>			</audio>			<previously-shown />			<subtitles />		</programme>		<programme start="20130622060000 -0500" stop="20130622080000 -0500" channel="24">			<title lang="en">Sanzar Summer Tours: Australia vs. British and Irish Lions</title>			<date>20130622</date>			<category lang="en">Rugby</category>			<audio>				<stereo>stereo</stereo>			</audio>			<previously-shown />			<subtitles />		</programme>		<programme start="20130622150000 -0500" stop="20130622170000 -0500" channel="24">			<title lang="en">Confed Cup: Japan - Mexico</title>			<date>20130622</date>			<category lang="en">World Football</category>			<audio>				<stereo>stereo</stereo>			</audio>			<previously-shown />			<subtitles />		</programme>		<programme start="20130623150000 -0500" stop="20130623170000 -0500" channel="24">			<title lang="en">Confed Cup: Uruguay - Tahiti</title>			<date>20130623</date>			<category lang="en">World Football</category>			<audio>				<stereo>stereo</stereo>			</audio>			<previously-shown />			<subtitles />		</programme>		<programme start="20130622090000 -0500" stop="20130622130000 -0500" channel="29">			<title lang="en">Athletics: European Team Championships</title>			<date>20130622</date>			<category lang="en">Other Sports</category>			<audio>				<stereo>stereo</stereo>			</audio>			<previously-shown />			<subtitles />		</programme>		<programme start="20130623123000 -0500" stop="20130623143000 -0500" channel="29">			<title lang="en">Junior WC: Wales vs. England</title>			<date>20130623</date>			<category lang="en">Rugby</category>			<audio>				<stereo>stereo</stereo>			</audio>			<previously-shown />			<subtitles />		</programme>		<programme start="20130623063000 -0500" stop="20130623083000 -0500" channel="30">			<title lang="en">Rowing: World Cup - Eton Dorney</title>			<date>20130623</date>			<category lang="en">Other Sports</category>			<audio>				<stereo>stereo</stereo>			</audio>			<previously-shown />			<subtitles />		</programme>		<programme start="20130623083000 -0500" stop="20130623093000 -0500" channel="30">			<title lang="en">Wimbledon: Review of 2012</title>			<date>20130623</date>			<category lang="en">Tennis</category>			<audio>				<stereo>stereo</stereo>			</audio>			<previously-shown />			<subtitles />		</programme>		<programme start="20130623093000 -0500" stop="20130623133000 -0500" channel="30">			<title lang="en">Athletics: European Team Championships</title>			<date>20130623</date>			<category lang="en">Other Sports</category>			<audio>				<stereo>stereo</stereo>			</audio>			<previously-shown />			<subtitles />		</programme>		<programme start="20130622200000 -0500" stop="20130622230000 -0500" channel="31">			<title lang="en">Glory 9</title>			<date>20130622</date>			<category lang="en">World Football</category>			<audio>				<stereo>stereo</stereo>			</audio>			<previously-shown />			<subtitles />		</programme>		<programme start="20130622120000 -0500" stop="20130622140000 -0500" channel="31">			<title lang="en">Super League Rugby: Catalan Dragons vs. Hull Kingston Rovers</title>			<date>20130622</date>			<category lang="en">World Football</category>			<audio>				<stereo>stereo</stereo>			</audio>			<previously-shown />			<subtitles />		</programme>		<programme start="20130622160000 -0500" stop="20130622163000 -0500" channel="31">			<title lang="en">24H Le Mans: Eurosport Coverage</title>			<date>20130622</date>			<category lang="en">Motor Sports</category>			<audio>				<stereo>stereo</stereo>			</audio>			<previously-shown />			<subtitles />		</programme>		<programme start="20130623030000 -0500" stop="20130623033000 -0500" channel="31">			<title lang="en">24H Le Mans: Eurosport Coverage</title>			<date>20130623</date>			<category lang="en">Motor Sports</category>			<audio>				<stereo>stereo</stereo>			</audio>			<previously-shown />			<subtitles />		</programme>		<programme start="20130623230000 -0500" stop="20130624010000 -0500" channel="31">			<title lang="en">MLS: Chivas USA - Los Angeles Galaxy</title>			<date>20130623</date>			<category lang="en">World Football</category>			<audio>				<stereo>stereo</stereo>			</audio>			<previously-shown />			<subtitles />		</programme>		<programme start="20130622160000 -0500" stop="20130622200000 -0500" channel="32">			<title lang="en">24H Le Mans: Eurosport Coverage</title>			<date>20130622</date>			<category lang="en">Motor Sports</category>			<audio>				<stereo>stereo</stereo>			</audio>			<previously-shown />			<subtitles />		</programme>		<programme start="20130622200000 -0500" stop="20130623000000 -0500" channel="32">			<title lang="en">24H Le Mans: Eurosport Coverage</title>			<date>20130622</date>			<category lang="en">Motor Sports</category>			<audio>				<stereo>stereo</stereo>			</audio>			<previously-shown />			<subtitles />		</programme>		<programme start="20130622030000 -0500" stop="20130622040000 -0500" channel="32">			<title lang="en">24H Le Mans: Warm Up</title>			<date>20130622</date>			<category lang="en">Motor Sports</category>			<audio>				<stereo>stereo</stereo>			</audio>			<previously-shown />			<subtitles />		</programme>		<programme start="20130622040000 -0500" stop="20130622050000 -0500" channel="32">			<title lang="en">24H Le Mans: Legends</title>			<date>20130622</date>			<category lang="en">Motor Sports</category>			<audio>				<stereo>stereo</stereo>			</audio>			<previously-shown />			<subtitles />		</programme>		<programme start="20130622080000 -0500" stop="20130622120000 -0500" channel="32">			<title lang="en">24H Le Mans: Eurosport Coverage</title>			<date>20130622</date>			<category lang="en">Motor Sports</category>			<audio>				<stereo>stereo</stereo>			</audio>			<previously-shown />			<subtitles />		</programme>		<programme start="20130622120000 -0500" stop="20130622160000 -0500" channel="32">			<title lang="en">24H Le Mans: Eurosport Coverage</title>			<date>20130622</date>			<category lang="en">Motor Sports</category>			<audio>				<stereo>stereo</stereo>			</audio>			<previously-shown />			<subtitles />		</programme>		<programme start="20130623000000 -0500" stop="20130623040000 -0500" channel="32">			<title lang="en">24H Le Mans: Eurosport Coverage</title>			<date>20130623</date>			<category lang="en">Motor Sports</category>			<audio>				<stereo>stereo</stereo>			</audio>			<previously-shown />			<subtitles />		</programme>		<programme start="20130623040000 -0500" stop="20130623080000 -0500" channel="32">			<title lang="en">24H Le Mans: Eurosport Coverage</title>			<date>20130623</date>			<category lang="en">Motor Sports</category>			<audio>				<stereo>stereo</stereo>			</audio>			<previously-shown />			<subtitles />		</programme>		<programme start="20130623080000 -0500" stop="20130623093000 -0500" channel="32">			<title lang="en">24H Le Mans: Eurosport Coverage</title>			<date>20130623</date>			<category lang="en">Motor Sports</category>			<audio>				<stereo>stereo</stereo>			</audio>			<previously-shown />			<subtitles />		</programme>		<programme start="20130622150000 -0500" stop="20130622170000 -0500" channel="33">			<title lang="en">Confed Cup: Japan - Mexico</title>			<date>20130622</date>			<category lang="en">World Football</category>			<audio>				<stereo>stereo</stereo>			</audio>			<previously-shown />			<subtitles />		</programme>		<programme start="20130623070000 -0500" stop="20130623110000 -0500" channel="33">			<title lang="en">European Tour: BMW International Open</title>			<date>20130623</date>			<category lang="en">Golf</category>			<audio>				<stereo>stereo</stereo>			</audio>			<previously-shown />			<subtitles />		</programme>		<programme start="20130622160000 -0500" stop="20130622200000 -0500" channel="34">			<title lang="en">24H Le Mans: Eurosport Coverage</title>			<date>20130622</date>			<category lang="en">Motor Sports</category>			<audio>				<stereo>stereo</stereo>			</audio>			<previously-shown />			<subtitles />		</programme>		<programme start="20130622200000 -0500" stop="20130623000000 -0500" channel="34">			<title lang="en">24H Le Mans: Eurosport Coverage</title>			<date>20130622</date>			<category lang="en">Motor Sports</category>			<audio>				<stereo>stereo</stereo>			</audio>			<previously-shown />			<subtitles />		</programme>		<programme start="20130622030000 -0500" stop="20130622040000 -0500" channel="34">			<title lang="en">24H Le Mans: Warm Up</title>			<date>20130622</date>			<category lang="en">Motor Sports</category>			<audio>				<stereo>stereo</stereo>			</audio>			<previously-shown />			<subtitles />		</programme>		<programme start="20130622040000 -0500" stop="20130622050000 -0500" channel="34">			<title lang="en">24H Le Mans: Legends</title>			<date>20130622</date>			<category lang="en">Motor Sports</category>			<audio>				<stereo>stereo</stereo>			</audio>			<previously-shown />			<subtitles />		</programme>		<programme start="20130622080000 -0500" stop="20130622120000 -0500" channel="34">			<title lang="en">24H Le Mans: Eurosport Coverage</title>			<date>20130622</date>			<category lang="en">Motor Sports</category>			<audio>				<stereo>stereo</stereo>			</audio>			<previously-shown />			<subtitles />		</programme>		<programme start="20130622120000 -0500" stop="20130622160000 -0500" channel="34">			<title lang="en">24H Le Mans: Eurosport Coverage</title>			<date>20130622</date>			<category lang="en">Motor Sports</category>			<audio>				<stereo>stereo</stereo>			</audio>			<previously-shown />			<subtitles />		</programme>		<programme start="20130623000000 -0500" stop="20130623040000 -0500" channel="34">			<title lang="en">24H Le Mans: Eurosport Coverage</title>			<date>20130623</date>			<category lang="en">Motor Sports</category>			<audio>				<stereo>stereo</stereo>			</audio>			<previously-shown />			<subtitles />		</programme>		<programme start="20130623040000 -0500" stop="20130623080000 -0500" channel="34">			<title lang="en">24H Le Mans: Eurosport Coverage</title>			<date>20130623</date>			<category lang="en">Motor Sports</category>			<audio>				<stereo>stereo</stereo>			</audio>			<previously-shown />			<subtitles />		</programme>		<programme start="20130623080000 -0500" stop="20130623093000 -0500" channel="34">			<title lang="en">24H Le Mans: Eurosport Coverage</title>			<date>20130623</date>			<category lang="en">Motor Sports</category>			<audio>				<stereo>stereo</stereo>			</audio>			<previously-shown />			<subtitles />		</programme>		<programme start="20130623150000 -0500" stop="20130623183000 -0500" channel="34">			<title lang="en">Sprint Cup Toyota - Save Mart 350</title>			<date>20130623</date>			<category lang="en">Nascar</category>			<audio>				<stereo>stereo</stereo>			</audio>			<previously-shown />			<subtitles />		</programme>		<programme start="20130624060000 -0500" stop="20130624070000 -0500" channel="34">			<title lang="en">Pep Guardiola Press Conference</title>			<date>20130624</date>			<category lang="en">World Football</category>			<audio>				<stereo>stereo</stereo>			</audio>			<previously-shown />			<subtitles />		</programme>		<programme start="20130622150000 -0500" stop="20130622170000 -0500" channel="35">			<title lang="en">Confed Cup: Italy - Brazil</title>			<date>20130622</date>			<category lang="en">World Football</category>			<audio>				<stereo>stereo</stereo>			</audio>			<previously-shown />			<subtitles />		</programme>		<programme start="20130623030000 -0500" stop="20130623033000 -0500" channel="35">			<title lang="en">24H Le Mans: Eurosport Coverage</title>			<date>20130623</date>			<category lang="en">Motor Sports</category>			<audio>				<stereo>stereo</stereo>			</audio>			<previously-shown />			<subtitles />		</programme>		<programme start="20130623070000 -0500" stop="20130623090000 -0500" channel="35">			<title lang="en">U19 BL: Hansa Rostock - VfL Wolfsburg</title>			<date>20130623</date>			<category lang="en">World Football</category>			<audio>				<stereo>stereo</stereo>			</audio>			<previously-shown />			<subtitles />		</programme>		<programme start="20130623093000 -0500" stop="20130623113000 -0500" channel="35">			<title lang="en">Friendly: Dirk Nowitzki All Stars - Manuel Neuer & Friends</title>			<date>20130623</date>			<category lang="en">World Football</category>			<audio>				<stereo>stereo</stereo>			</audio>			<previously-shown />			<subtitles />		</programme>		<programme start="20130623150000 -0500" stop="20130623170000 -0500" channel="35">			<title lang="en">Confed Cup: Nigeria - Spain</title>			<date>20130623</date>			<category lang="en">World Football</category>			<audio>				<stereo>stereo</stereo>			</audio>			<previously-shown />			<subtitles />		</programme>		<programme start="20130622230000 -0500" stop="20130623010000 -0500" channel="36">			<title lang="en">Pacific Nations Cup: Fiji vs. Tonga</title>			<date>20130622</date>			<category lang="en">Rugby</category>			<audio>				<stereo>stereo</stereo>			</audio>			<previously-shown />			<subtitles />		</programme>		<programme start="20130622033000 -0500" stop="20130622053000 -0500" channel="36">			<title lang="en">Sanzar Summer Tours: New Zealand vs. France</title>			<date>20130622</date>			<category lang="en">Rugby</category>			<audio>				<stereo>stereo</stereo>			</audio>			<previously-shown />			<subtitles />		</programme>		<programme start="20130622060000 -0500" stop="20130622080000 -0500" channel="36">			<title lang="en">Sanzar Summer Tours: Australia vs. British and Irish Lions</title>			<date>20130622</date>			<category lang="en">Rugby</category>			<audio>				<stereo>stereo</stereo>			</audio>			<previously-shown />			<subtitles />		</programme>		<programme start="20130622080000 -0500" stop="20130622100000 -0500" channel="36">			<title lang="en">SARU 4 Nations: Italy vs. Scotland</title>			<date>20130622</date>			<category lang="en">Rugby</category>			<audio>				<stereo>stereo</stereo>			</audio>			<previously-shown />			<subtitles />		</programme>		<programme start="20130622110000 -0500" stop="20130622130000 -0500" channel="36">			<title lang="en">SARU 4 Nations: Samoa vs. South Africa</title>			<date>20130622</date>			<category lang="en">Rugby</category>			<audio>				<stereo>stereo</stereo>			</audio>			<previously-shown />			<subtitles />		</programme>		<programme start="20130623010000 -0500" stop="20130623030000 -0500" channel="36">			<title lang="en">Pacific Nations Cup: Japan vs. United States</title>			<date>20130623</date>			<category lang="en">Rugby</category>			<audio>				<stereo>stereo</stereo>			</audio>			<previously-shown />			<subtitles />		</programme>		<programme start="20130623043000 -0500" stop="20130623073000 -0500" channel="36">			<title lang="en">ICC: England vs. India</title>			<date>20130623</date>			<category lang="en">Cricket</category>			<audio>				<stereo>stereo</stereo>			</audio>			<previously-shown />			<subtitles />		</programme>		<programme start="20130623073000 -0500" stop="20130623103000 -0500" channel="36">			<title lang="en">ICC: England vs. India</title>			<date>20130623</date>			<category lang="en">Cricket</category>			<audio>				<stereo>stereo</stereo>			</audio>			<previously-shown />			<subtitles />		</programme>		<programme start="20130623103000 -0500" stop="20130623140000 -0500" channel="36">			<title lang="en">ICC: England vs. India</title>			<date>20130623</date>			<category lang="en">Cricket</category>			<audio>				<stereo>stereo</stereo>			</audio>			<previously-shown />			<subtitles />		</programme>		<programme start="20130623173000 -0500" stop="20130623183000 -0500" channel="36">			<title lang="en">Andy Murray: The Man Behind the Racquet</title>			<date>20130623</date>			<category lang="en">Tennis</category>			<audio>				<stereo>stereo</stereo>			</audio>			<previously-shown />			<subtitles />		</programme>		<programme start="20130623010000 -0500" stop="20130623030000 -0500" channel="37">			<title lang="en">NRL: Eels vs. Rabbitohs</title>			<date>20130623</date>			<category lang="en">Rugby</category>			<audio>				<stereo>stereo</stereo>			</audio>			<previously-shown />			<subtitles />		</programme>		<programme start="20130623090000 -0500" stop="20130623110000 -0500" channel="37">			<title lang="en">GAA: Donegal vs. Down</title>			<date>20130623</date>			<category lang="en">Other Sports</category>			<audio>				<stereo>stereo</stereo>			</audio>			<previously-shown />			<subtitles />		</programme>		<programme start="20130623110000 -0500" stop="20130623130000 -0500" channel="37">			<title lang="en">GAA: Cork vs. Clare</title>			<date>20130623</date>			<category lang="en">Other Sports</category>			<audio>				<stereo>stereo</stereo>			</audio>			<previously-shown />			<subtitles />		</programme>		<programme start="20130623150000 -0500" stop="20130623183000 -0500" channel="37">			<title lang="en">Sprint Cup Toyota - Save Mart 350</title>			<date>20130623</date>			<category lang="en">Nascar</category>			<audio>				<stereo>stereo</stereo>			</audio>			<previously-shown />			<subtitles />		</programme>		<programme start="20130622053000 -0500" stop="20130622083000 -0500" channel="38">			<title lang="en">AFL: Western Bulldogs vs. Richmond</title>			<date>20130622</date>			<category lang="en">Rugby</category>			<audio>				<stereo>stereo</stereo>			</audio>			<previously-shown />			<subtitles />		</programme>		<programme start="20130622083000 -0500" stop="20130622113000 -0500" channel="38">			<title lang="en">YB40 Cricket: Durham Dynamos vs. Hampshire Royals</title>			<date>20130622</date>			<category lang="en">Cricket</category>			<audio>				<stereo>stereo</stereo>			</audio>			<previously-shown />			<subtitles />		</programme>		<programme start="20130622113000 -0500" stop="20130622143000 -0500" channel="38">			<title lang="en">YB40 Cricket: Durham Dynamos vs. Hampshire Royals</title>			<date>20130622</date>			<category lang="en">Cricket</category>			<audio>				<stereo>stereo</stereo>			</audio>			<previously-shown />			<subtitles />		</programme>		<programme start="20130622150000 -0500" stop="20130622170000 -0500" channel="38">			<title lang="en">Confed Cup: Italy - Brazil</title>			<date>20130622</date>			<category lang="en">World Football</category>			<audio>				<stereo>stereo</stereo>			</audio>			<previously-shown />			<subtitles />		</programme>		<programme start="20130623010000 -0500" stop="20130623040000 -0500" channel="38">			<title lang="en">AFL: Fremantle vs. North Melbourne</title>			<date>20130623</date>			<category lang="en">Rugby</category>			<audio>				<stereo>stereo</stereo>			</audio>			<previously-shown />			<subtitles />		</programme>		<programme start="20130623060000 -0500" stop="20130623093000 -0500" channel="38">			<title lang="en">BTCC: Croft</title>			<date>20130623</date>			<category lang="en">Motor Sports</category>			<audio>				<stereo>stereo</stereo>			</audio>			<previously-shown />			<subtitles />		</programme>		<programme start="20130623093000 -0500" stop="20130623130000 -0500" channel="38">			<title lang="en">BTCC: Croft</title>			<date>20130623</date>			<category lang="en">Motor Sports</category>			<audio>				<stereo>stereo</stereo>			</audio>			<previously-shown />			<subtitles />		</programme>		<programme start="20130623130000 -0500" stop="20130623140000 -0500" channel="38">			<title lang="en">BRDC Formula 4 Championship Highlights</title>			<date>20130623</date>			<category lang="en">Motor Sports</category>			<audio>				<stereo>stereo</stereo>			</audio>			<previously-shown />			<subtitles />		</programme>		<programme start="20130623140000 -0500" stop="20130623150000 -0500" channel="38">			<title lang="en">Venus and Serena</title>			<date>20130623</date>			<category lang="en">Tennis</category>			<audio>				<stereo>stereo</stereo>			</audio>			<previously-shown />			<subtitles />		</programme>		<programme start="20130623150000 -0500" stop="20130623170000 -0500" channel="38">			<title lang="en">Confed Cup: Nigeria - Spain</title>			<date>20130623</date>			<category lang="en">World Football</category>			<audio>				<stereo>stereo</stereo>			</audio>			<previously-shown />			<subtitles />		</programme>	</tv>