{"1":{"channel_id":"1","name":"01 - NBC","img":"8ce52ab224906731eaed8497eb1e8cb4.png"},"2":{"channel_id":"2","name":"02 - CBS","img":"24f7afc3455576bbc5680426c5c48fe9.png"},"3":{"channel_id":"3","name":"03 - Cartoon Network","img":"c569d74352fba8895be2e728331b39cb.png","items":[{"id":"28493","network":"704","name":"NFL Short Cuts Week 9 (Feed 1)","description":"","time":"2013-11-05 00:00:00","end_time":"2013-11-05 10:00:00","runtime":"600","channel":"3","pool":"0","status":"1","version":"","language":"","category":"NFL","timered":"1","auto":"0","auto_assigned_cat":"0","parent_id":"0","quality":""},{"id":"28494","network":"704","name":"NFL Short Cuts Week 9 (Feed 1)","description":"","time":"2013-11-05 10:00:00","end_time":"2013-11-05 20:00:00","runtime":"600","channel":"3","pool":"0","status":"1","version":"","language":"","category":"NFL","timered":"0","auto":"0","auto_assigned_cat":"0","parent_id":"0","quality":""}]},"4":{"channel_id":"4","name":"04 - Comedy Central","img":"c1b8ea697a91401f26fafeab7c3e8510.png","items":[{"id":"28495","network":"705","name":"NFL Short Cuts Week 9 (Feed 2)","description":"","time":"2013-11-05 00:00:00","end_time":"2013-11-05 10:00:00","runtime":"600","channel":"4","pool":"0","status":"1","version":"","language":"","category":"NFL","timered":"1","auto":"0","auto_assigned_cat":"0","parent_id":"0","quality":""},{"id":"28496","network":"705","name":"NFL Short Cuts Week 9 (Feed 2)","description":"","time":"2013-11-05 10:00:00","end_time":"2013-11-05 20:00:00","runtime":"600","channel":"4","pool":"0","status":"1","version":"","language":"","category":"NFL","timered":"0","auto":"0","auto_assigned_cat":"0","parent_id":"0","quality":""}]},"5":{"channel_id":"5","name":"05 - Showtime","img":"14388ceed55a041a9536f7b61084b805.png"},"6":{"channel_id":"6","name":"06 - HBO","img":"865288e9c8d5a89402c862503ee16f92.png"},"7":{"channel_id":"7","name":"07 - AMC","img":"60fbe46c5427af4ae3b9629d07cd47f5.png","items":[{"id":"28687","network":"MSG-634","name":"Boomer and Carton","description":"Former NFL quarterback for the Cincinnati Bengals, Boomer Esiason and radio personality Craig Carton host a televised version of their successful New York sports radio program that includes news, headlines and celebrity interviews.\r\nCredits: Boomer Esiason (Host), Craig Carton (Host)","time":"2013-11-05 06:00:00","end_time":"2013-11-05 10:00:00","runtime":"240","channel":"7","pool":"0","status":"1","version":"","language":"","category":"Other Sports","timered":"0","auto":"0","auto_assigned_cat":"0","parent_id":"0","quality":""},{"id":"28839","network":"649, 699","name":"NBA: Atlanta Hawks at Sacramento Kings","description":"NBA: Atlanta Hawks at Sacramento Kings","time":"2013-11-05 22:00:00","end_time":"2013-11-06 01:00:00","runtime":"180","channel":"7","pool":"0","status":"1","version":"","language":"","category":"NBA","timered":"0","auto":"0","auto_assigned_cat":"0","parent_id":"0","quality":""},{"id":"28688","network":"MSG-634","name":"Boomer and Carton","description":"Former NFL quarterback for the Cincinnati Bengals, Boomer Esiason and radio personality Craig Carton host a televised version of their successful New York sports radio program that includes news, headlines and celebrity interviews.\r\nCredits: Boomer Esiason (Host), Craig Carton (Host)","time":"2013-11-06 06:00:00","end_time":"2013-11-06 10:00:00","runtime":"240","channel":"7","pool":"0","status":"1","version":"","language":"","category":"Other Sports","timered":"0","auto":"0","auto_assigned_cat":"0","parent_id":"0","quality":""},{"id":"28689","network":"MSG-634","name":"Boomer and Carton","description":"Former NFL quarterback for the Cincinnati Bengals, Boomer Esiason and radio personality Craig Carton host a televised version of their successful New York sports radio program that includes news, headlines and celebrity interviews.\r\nCredits: Boomer Esiason (Host), Craig Carton (Host)","time":"2013-11-07 06:00:00","end_time":"2013-11-07 10:00:00","runtime":"240","channel":"7","pool":"0","status":"1","version":"","language":"","category":"Other Sports","timered":"0","auto":"0","auto_assigned_cat":"0","parent_id":"0","quality":""},{"id":"28690","network":"MSG-634","name":"Boomer and Carton","description":"Former NFL quarterback for the Cincinnati Bengals, Boomer Esiason and radio personality Craig Carton host a televised version of their successful New York sports radio program that includes news, headlines and celebrity interviews.\r\nCredits: Boomer Esiason (Host), Craig Carton (Host)","time":"2013-11-08 06:00:00","end_time":"2013-11-08 10:00:00","runtime":"240","channel":"7","pool":"0","status":"1","version":"","language":"","category":"Other Sports","timered":"0","auto":"0","auto_assigned_cat":"0","parent_id":"0","quality":""}]},"8":{"channel_id":"8","name":"08 - USA","img":"2df8a335889a2f6cc3eb79b7c9bf8b90.png","items":[{"id":"28834","network":"634","name":"NBA: Charlotte Bobcats at New York Knicks","description":"NBA: Charlotte Bobcats at New York Knicks","time":"2013-11-05 19:30:00","end_time":"2013-11-05 22:30:00","runtime":"180","channel":"8","pool":"0","status":"1","version":"","language":"","category":"NBA","timered":"0","auto":"0","auto_assigned_cat":"0","parent_id":"0","quality":""}]},"9":{"channel_id":"9","name":"09 - DSC","img":"bf2356b5096a7d87381178d1a8fa5f9b.png","items":[{"id":"28833","network":"631","name":"NBA: Utah Jazz at Brooklyn Nets","description":"NBA: Utah Jazz at Brooklyn Nets","time":"2013-11-05 19:30:00","end_time":"2013-11-05 22:30:00","runtime":"180","channel":"9","pool":"0","status":"1","version":"","language":"","category":"NBA","timered":"0","auto":"0","auto_assigned_cat":"0","parent_id":"0","quality":""}]},"10":{"channel_id":"10","name":"10 - NGC","img":"b042211c44cf74df3a4042390afaf730.png","items":[{"id":"28832","network":"673, 663","name":"NBA: Indiana Pacers at Detroit Pistons","description":"NBA: Indiana Pacers at Detroit Pistons","time":"2013-11-05 19:30:00","end_time":"2013-11-05 22:30:00","runtime":"180","channel":"10","pool":"0","status":"1","version":"","language":"","category":"NBA","timered":"0","auto":"0","auto_assigned_cat":"0","parent_id":"0","quality":""}]},"11":{"channel_id":"11","name":"11 - History","img":"a7720fae55e1dd8337da421302aa16a2.png","items":[{"id":"28845","network":"635 , 635-1","name":"NHL: New York Islanders at Washington Capitals","description":"Team New York Islanders playing against team Washington Capitals","time":"2013-11-05 19:00:00","end_time":"2013-11-05 22:00:00","runtime":"180","channel":"11","pool":"0","status":"1","version":"","language":"","category":"Ice Hockey","timered":"0","auto":"0","auto_assigned_cat":"0","parent_id":"0","quality":""},{"id":"28852","network":"638-1, 698","name":"NHL: Buffalo Sabres at San Jose Sharks","description":"Team Buffalo Sabres playing against team San Jose Sharks","time":"2013-11-05 22:30:00","end_time":"2013-11-06 01:30:00","runtime":"180","channel":"11","pool":"0","status":"1","version":"","language":"","category":"Ice Hockey","timered":"0","auto":"0","auto_assigned_cat":"0","parent_id":"0","quality":""}]},"12":{"channel_id":"12","name":"12 - NBC SN","img":"a21476d800f0064c6c3fd2d3311aa64b.png","items":[{"id":"28697","network":"NBCSN-220","name":"The Dan Patrick Show","description":"A sports talk show hosted by former ESPN Sportscenter anchor Dan Patrick, who interviews the newsmakers of the day and opines on various topics in the world of sports and beyond; regular guests include Charles Barkley, Reggie Miller and John Smoltz.","time":"2013-11-05 09:00:00","end_time":"2013-11-05 12:30:00","runtime":"210","channel":"12","pool":"0","status":"1","version":"","language":"","category":"Other Sports","timered":"0","auto":"0","auto_assigned_cat":"0","parent_id":"0","quality":""},{"id":"28849","network":"NBCSN,CSN-PH","name":"NHL: Philadelphia Flyers at Carolina Hurricanes","description":"Team Philadelphia Flyers playing against team Carolina Hurricanes","time":"2013-11-05 19:30:00","end_time":"2013-11-05 22:30:00","runtime":"180","channel":"12","pool":"0","status":"1","version":"","language":"","category":"Ice Hockey","timered":"0","auto":"0","auto_assigned_cat":"0","parent_id":"0","quality":""},{"id":"28698","network":"NBCSN-220","name":"The Dan Patrick Show","description":"A sports talk show hosted by former ESPN Sportscenter anchor Dan Patrick, who interviews the newsmakers of the day and opines on various topics in the world of sports and beyond; regular guests include Charles Barkley, Reggie Miller and John Smoltz.","time":"2013-11-06 09:00:00","end_time":"2013-11-06 12:30:00","runtime":"210","channel":"12","pool":"0","status":"1","version":"","language":"","category":"Other Sports","timered":"0","auto":"0","auto_assigned_cat":"0","parent_id":"0","quality":""},{"id":"28699","network":"NBCSN-220","name":"The Dan Patrick Show","description":"A sports talk show hosted by former ESPN Sportscenter anchor Dan Patrick, who interviews the newsmakers of the day and opines on various topics in the world of sports and beyond; regular guests include Charles Barkley, Reggie Miller and John Smoltz.","time":"2013-11-07 09:00:00","end_time":"2013-11-07 12:30:00","runtime":"210","channel":"12","pool":"0","status":"1","version":"","language":"","category":"Other Sports","timered":"0","auto":"0","auto_assigned_cat":"0","parent_id":"0","quality":""}]},"13":{"channel_id":"13","name":"13 - beIN Sport","img":"1d8d5f265118ddbbae53e0fd8148fcf0.png","items":[{"id":"28844","network":"628","name":"NHL: Dallas Stars at Boston Bruins","description":"Team Dallas Stars playing against team Boston Bruins","time":"2013-11-05 19:00:00","end_time":"2013-11-05 22:00:00","runtime":"180","channel":"13","pool":"0","status":"1","version":"","language":"","category":"Ice Hockey","timered":"0","auto":"0","auto_assigned_cat":"0","parent_id":"0","quality":""}]},"14":{"channel_id":"14","name":"14 - AXStv","img":"3277980417fb634823b647c6f38d7479.png","items":[{"id":"28677","network":"CNBC","name":"Squawk Box","description":"As the United States markets prepare to open, anchors Joe Kernen, Becky Quick and Andrew Ross Sorkin welcome some of the biggest names in business and politics to a show that is aimed at professionals and casual investors alike.\r\nCredits: Becky Quick (Anchor), Joe Kernen (Anchor), Andrew Ross Sorkin (Anchor)","time":"2013-11-05 06:00:00","end_time":"2013-11-05 09:00:00","runtime":"180","channel":"14","pool":"0","status":"1","version":"","language":"","category":"TV Shows","timered":"0","auto":"0","auto_assigned_cat":"0","parent_id":"0","quality":""},{"id":"28682","network":"CNBC","name":"Squawk on the Street","description":"The show's team presents the only show headquartered on the floor of the New York Stock Exchange, observing as the bell is rung to start each trading day and reporting from the posts where shares of the biggest companies in the world are traded.\r\nCredits: David Faber (Anchor), Melissa Lee (Anchor), Carl Quintanilla (Anchor), Jim Cramer (Anchor)","time":"2013-11-05 09:00:00","end_time":"2013-11-05 12:00:00","runtime":"180","channel":"14","pool":"0","status":"1","version":"","language":"","category":"TV Shows","timered":"0","auto":"0","auto_assigned_cat":"0","parent_id":"0","quality":""},{"id":"28641","network":"763-1","name":"NBA: Houston Rockets at Portland Trail Blazers","description":"","time":"2013-11-05 22:00:00","end_time":"2013-11-06 01:00:00","runtime":"180","channel":"14","pool":"0","status":"1","version":"","language":"","category":"NBA","timered":"0","auto":"0","auto_assigned_cat":"0","parent_id":"0","quality":""},{"id":"28678","network":"CNBC","name":"Squawk Box","description":"As the United States markets prepare to open, anchors Joe Kernen, Becky Quick and Andrew Ross Sorkin welcome some of the biggest names in business and politics to a show that is aimed at professionals and casual investors alike.\r\nCredits: Becky Quick (Anchor), Joe Kernen (Anchor), Andrew Ross Sorkin (Anchor)","time":"2013-11-06 06:00:00","end_time":"2013-11-06 09:00:00","runtime":"180","channel":"14","pool":"0","status":"1","version":"","language":"","category":"TV Shows","timered":"0","auto":"0","auto_assigned_cat":"0","parent_id":"0","quality":""},{"id":"28683","network":"CNBC","name":"Squawk on the Street","description":"The show's team presents the only show headquartered on the floor of the New York Stock Exchange, observing as the bell is rung to start each trading day and reporting from the posts where shares of the biggest companies in the world are traded.\r\nCredits: David Faber (Anchor), Melissa Lee (Anchor), Carl Quintanilla (Anchor), Jim Cramer (Anchor)","time":"2013-11-06 09:00:00","end_time":"2013-11-06 12:00:00","runtime":"180","channel":"14","pool":"0","status":"1","version":"","language":"","category":"TV Shows","timered":"0","auto":"0","auto_assigned_cat":"0","parent_id":"0","quality":""},{"id":"28640","network":"668 698","name":"NBA: Golden State Warriors at Minnesota Timberwolves","description":"","time":"2013-11-06 20:00:00","end_time":"2013-11-06 23:00:00","runtime":"180","channel":"14","pool":"0","status":"1","version":"","language":"","category":"NBA","timered":"0","auto":"0","auto_assigned_cat":"0","parent_id":"0","quality":""},{"id":"28679","network":"CNBC","name":"Squawk Box","description":"As the United States markets prepare to open, anchors Joe Kernen, Becky Quick and Andrew Ross Sorkin welcome some of the biggest names in business and politics to a show that is aimed at professionals and casual investors alike.\r\nCredits: Becky Quick (Anchor), Joe Kernen (Anchor), Andrew Ross Sorkin (Anchor)","time":"2013-11-07 06:00:00","end_time":"2013-11-07 09:00:00","runtime":"180","channel":"14","pool":"0","status":"1","version":"","language":"","category":"TV Shows","timered":"0","auto":"0","auto_assigned_cat":"0","parent_id":"0","quality":""},{"id":"28684","network":"CNBC","name":"Squawk on the Street","description":"The show's team presents the only show headquartered on the floor of the New York Stock Exchange, observing as the bell is rung to start each trading day and reporting from the posts where shares of the biggest companies in the world are traded.\r\nCredits: David Faber (Anchor), Melissa Lee (Anchor), Carl Quintanilla (Anchor), Jim Cramer (Anchor)","time":"2013-11-07 09:00:00","end_time":"2013-11-07 12:00:00","runtime":"180","channel":"14","pool":"0","status":"1","version":"","language":"","category":"TV Shows","timered":"0","auto":"0","auto_assigned_cat":"0","parent_id":"0","quality":""},{"id":"28680","network":"CNBC","name":"Squawk Box","description":"As the United States markets prepare to open, anchors Joe Kernen, Becky Quick and Andrew Ross Sorkin welcome some of the biggest names in business and politics to a show that is aimed at professionals and casual investors alike.\r\nCredits: Becky Quick (Anchor), Joe Kernen (Anchor), Andrew Ross Sorkin (Anchor)","time":"2013-11-08 06:00:00","end_time":"2013-11-08 09:00:00","runtime":"180","channel":"14","pool":"0","status":"1","version":"","language":"","category":"TV Shows","timered":"0","auto":"0","auto_assigned_cat":"0","parent_id":"0","quality":""}]},"15":{"channel_id":"15","name":"15 - ESPN","img":"c8b5c488400e2b7d84eb5df1710353c3.png","items":[{"id":"28829","network":"ESPN","name":"World Series of Poker: Final Table","description":"","time":"2013-11-05 21:00:00","end_time":"2013-11-05 23:00:00","runtime":"120","channel":"15","pool":"0","status":"1","version":"","language":"","category":"Other Sports","timered":"0","auto":"0","auto_assigned_cat":"0","parent_id":"0","quality":""},{"id":"28622","network":"ESPN","name":"NCAAF: Oregon at Stanford","description":"","time":"2013-11-07 21:00:00","end_time":"2013-11-08 00:30:00","runtime":"210","channel":"15","pool":"0","status":"1","version":"","language":"","category":"NCAAF","timered":"0","auto":"0","auto_assigned_cat":"0","parent_id":"0","quality":""}]},"16":{"channel_id":"16","name":"16 - ESPN2","img":"6cb647c87ff91bc9cdfebe5af0819224.png","items":[{"id":"28692","network":"ESPN2","name":"Mike &amp; Mike","description":"Mike Greenberg and Mike Golic discuss the latest issues in the world of sports and interview the newsmakers in a simulcast of their ESPN Radio morning show, which features insightful commentary and lively debates over the most controversial issues.\r\nCredits: Mike Golic (Host), Mike Greenberg (Host)","time":"2013-11-05 06:00:00","end_time":"2013-11-05 10:00:00","runtime":"240","channel":"16","pool":"0","status":"1","version":"","language":"","category":"Other Sports","timered":"0","auto":"0","auto_assigned_cat":"0","parent_id":"0","quality":""},{"id":"28617","network":"ESPN2","name":"NCAAF: Ohio at Buffalo","description":"","time":"2013-11-05 20:00:00","end_time":"2013-11-05 23:30:00","runtime":"210","channel":"16","pool":"0","status":"1","version":"","language":"","category":"NCAAF","timered":"0","auto":"0","auto_assigned_cat":"0","parent_id":"0","quality":""},{"id":"28693","network":"ESPN2","name":"Mike &amp; Mike","description":"Mike Greenberg and Mike Golic discuss the latest issues in the world of sports and interview the newsmakers in a simulcast of their ESPN Radio morning show, which features insightful commentary and lively debates over the most controversial issues.\r\nCredits: Mike Golic (Host), Mike Greenberg (Host)","time":"2013-11-06 06:00:00","end_time":"2013-11-06 10:00:00","runtime":"240","channel":"16","pool":"0","status":"1","version":"","language":"","category":"Other Sports","timered":"0","auto":"0","auto_assigned_cat":"0","parent_id":"0","quality":""},{"id":"28619","network":"ESPN2","name":"NCAAF: Central Michigan at Ball St.","description":"","time":"2013-11-06 20:00:00","end_time":"2013-11-06 23:30:00","runtime":"210","channel":"16","pool":"0","status":"1","version":"","language":"","category":"NCAAF","timered":"0","auto":"0","auto_assigned_cat":"0","parent_id":"0","quality":""},{"id":"28694","network":"ESPN2","name":"Mike &amp; Mike","description":"Mike Greenberg and Mike Golic discuss the latest issues in the world of sports and interview the newsmakers in a simulcast of their ESPN Radio morning show, which features insightful commentary and lively debates over the most controversial issues.\r\nCredits: Mike Golic (Host), Mike Greenberg (Host)","time":"2013-11-07 06:00:00","end_time":"2013-11-07 10:00:00","runtime":"240","channel":"16","pool":"0","status":"1","version":"","language":"","category":"Other Sports","timered":"0","auto":"0","auto_assigned_cat":"0","parent_id":"0","quality":""},{"id":"28695","network":"ESPN2","name":"Mike &amp; Mike","description":"Mike Greenberg and Mike Golic discuss the latest issues in the world of sports and interview the newsmakers in a simulcast of their ESPN Radio morning show, which features insightful commentary and lively debates over the most controversial issues.\r\nCredits: Mike Golic (Host), Mike Greenberg (Host)","time":"2013-11-08 06:00:00","end_time":"2013-11-08 10:00:00","runtime":"240","channel":"16","pool":"0","status":"1","version":"","language":"","category":"Other Sports","timered":"0","auto":"0","auto_assigned_cat":"0","parent_id":"0","quality":""}]},"17":{"channel_id":"17","name":"17 - ESPN U","img":"b635b18c26678b8bd261c6e6800053da.png","items":[{"id":"28618","network":"ESPNU","name":"NCAAF: Bowling Green at Miami (OH)","description":"","time":"2013-11-05 20:00:00","end_time":"2013-11-05 23:30:00","runtime":"210","channel":"17","pool":"0","status":"1","version":"","language":"","category":"NCAAF","timered":"0","auto":"0","auto_assigned_cat":"0","parent_id":"0","quality":""},{"id":"28621","network":"ESPNU","name":"NCAAF: Troy at UL-Lafayette","description":"","time":"2013-11-07 19:30:00","end_time":"2013-11-07 23:00:00","runtime":"210","channel":"17","pool":"0","status":"1","version":"","language":"","category":"NCAAF","timered":"0","auto":"0","auto_assigned_cat":"0","parent_id":"0","quality":""}]},"18":{"channel_id":"18","name":"18 - Fox Sports 1","img":"b0e163e7283b9c0ceba5843c4af5c50d.png","items":[{"id":"28837","network":"677, 681","name":"NBA: San Antonio Spurs at Denver Nuggets","description":"NBA: San Antonio Spurs at Denver Nuggets","time":"2013-11-05 21:00:00","end_time":"2013-11-06 00:00:00","runtime":"180","channel":"18","pool":"0","status":"1","version":"","language":"","category":"NBA","timered":"0","auto":"0","auto_assigned_cat":"0","parent_id":"0","quality":""},{"id":"28633","network":"FS1","name":"Europa: FC Kuban Krasnodar - Swansea City","description":"","time":"2013-11-07 12:00:00","end_time":"2013-11-07 14:00:00","runtime":"120","channel":"18","pool":"0","status":"1","version":"18 (HQ\/LQ) ; 20 (720p)","language":"","category":"World Football","timered":"0","auto":"0","auto_assigned_cat":"0","parent_id":"0","quality":""},{"id":"28620","network":"FS1","name":"NCAAF: Oklahoma at Baylor","description":"","time":"2013-11-07 19:30:00","end_time":"2013-11-07 23:00:00","runtime":"210","channel":"18","pool":"0","status":"1","version":"","language":"","category":"NCAAF","timered":"0","auto":"0","auto_assigned_cat":"0","parent_id":"0","quality":""}]},"19":{"channel_id":"19","name":"19 - NFL Network","img":"1474403606f9de343a12a2777f9c71a3.png","items":[{"id":"28631","network":"NFLNet","name":"NFL Total Access Kickoff","description":"","time":"2013-11-07 18:00:00","end_time":"2013-11-07 20:00:00","runtime":"120","channel":"19","pool":"0","status":"1","version":"19 (HQ\/LQ) ; 20 (720p)","language":"","category":"NFL","timered":"0","auto":"0","auto_assigned_cat":"0","parent_id":"0","quality":""},{"id":"28625","network":"NFLNet","name":"NFL: Washington Redskins at Minnesota Vikings","description":"","time":"2013-11-07 20:30:00","end_time":"2013-11-08 00:00:00","runtime":"210","channel":"19","pool":"0","status":"1","version":"19 (HQ\/LQ) ; 20 (720p) ; 24 (HQ\/LQ) ; 35 (German)","language":"eng","category":"NFL","timered":"0","auto":"0","auto_assigned_cat":"0","parent_id":"0","quality":""}]},"20":{"channel_id":"20","name":"20 - NBA TV","img":"1340a06c11ff0d430ec9b384764b0286.png","items":[{"id":"28836","network":"NBATV","name":"NBA: Los Angeles Lakers at Dallas Mavericks","description":"NBA: Los Angeles Lakers at Dallas Mavericks","time":"2013-11-05 20:30:00","end_time":"2013-11-05 23:30:00","runtime":"180","channel":"20","pool":"0","status":"1","version":"","language":"","category":"NBA","timered":"0","auto":"0","auto_assigned_cat":"0","parent_id":"0","quality":""},{"id":"28714","network":"NBATV","name":"NBA: Houston Rockets at Los Angeles Clippers","description":"NBA: Houston Rockets at Los Angeles Clippers","time":"2013-11-04 22:30:00","end_time":"2013-11-05 01:30:00","runtime":"180","channel":"20","pool":"0","status":"1","version":"","language":"","category":"NBA","timered":"1","auto":"0","auto_assigned_cat":"0","parent_id":"0","quality":""},{"id":"28634","network":"FS1","name":"Europa: FC Kuban Krasnodar - Swansea City","description":"","time":"2013-11-07 12:00:00","end_time":"2013-11-07 14:00:00","runtime":"120","channel":"20","pool":"0","status":"1","version":"18 (HQ\/LQ) ; 20 (720p)","language":"","category":"World Football","timered":"0","auto":"0","auto_assigned_cat":"0","parent_id":"28633","quality":"720p"},{"id":"28632","network":"NFLNet","name":"NFL Total Access Kickoff","description":"","time":"2013-11-07 18:00:00","end_time":"2013-11-07 20:00:00","runtime":"120","channel":"20","pool":"0","status":"1","version":"19 (HQ\/LQ) ; 20 (720p)","language":"","category":"NFL","timered":"0","auto":"0","auto_assigned_cat":"0","parent_id":"28631","quality":"720p"},{"id":"28626","network":"NFLNet","name":"NFL: Washington Redskins at Minnesota Vikings","description":"","time":"2013-11-07 20:30:00","end_time":"2013-11-08 00:00:00","runtime":"210","channel":"20","pool":"0","status":"1","version":"19 (HQ\/LQ) ; 20 (720p) ; 24 (HQ\/LQ) ; 35 (German)","language":"","category":"NFL","timered":"0","auto":"0","auto_assigned_cat":"0","parent_id":"28625","quality":"720p"}]},"21":{"channel_id":"21","name":"21 - MLB Network","img":"fcd32e68a04802248ad82082805ac295.png","items":[{"id":"28853","network":"Uni Deportes","name":"U17 WC: Argentina vs Mexico","description":"","time":"2013-11-05 08:00:00","end_time":"2013-11-05 10:00:00","runtime":"120","channel":"21","pool":"0","status":"1","version":"","language":"","category":"World Football","timered":"1","auto":"0","auto_assigned_cat":"0","parent_id":"0","quality":""},{"id":"28850","network":"669","name":"NHL: Calgary Flames at Minnesota Wild","description":"Team Calgary Flames playing against team Minnesota Wild","time":"2013-11-05 20:00:00","end_time":"2013-11-05 23:00:00","runtime":"180","channel":"21","pool":"0","status":"1","version":"","language":"","category":"Ice Hockey","timered":"0","auto":"0","auto_assigned_cat":"0","parent_id":"0","quality":""},{"id":"28639","network":"638-1 692","name":"NHL: Buffalo Sabres at Los Angeles Kings","description":"","time":"2013-11-07 22:30:00","end_time":"2013-11-08 01:30:00","runtime":"180","channel":"21","pool":"0","status":"1","version":"","language":"","category":"Ice Hockey","timered":"0","auto":"0","auto_assigned_cat":"0","parent_id":"0","quality":""}]},"22":{"channel_id":"22","name":"22 - NHL Network","img":"f05aa230f13c7efa71b3385dad6894c3.png","items":[{"id":"28642","network":"698 638-1","name":"NHL: Buffalo Sabres at San Jose Sharks","description":"","time":"2013-11-05 22:30:00","end_time":"2013-11-06 01:30:00","runtime":"180","channel":"22","pool":"0","status":"1","version":"","language":"","category":"Ice Hockey","timered":"0","auto":"0","auto_assigned_cat":"0","parent_id":"0","quality":""},{"id":"28638","network":"698","name":"NHL: Vancouver Canucks at San Jose Sharks","description":"","time":"2013-11-07 22:30:00","end_time":"2013-11-08 01:30:00","runtime":"180","channel":"22","pool":"0","status":"1","version":"","language":"","category":"Ice Hockey","timered":"0","auto":"0","auto_assigned_cat":"0","parent_id":"0","quality":""}]},"23":{"channel_id":"23","name":"23 - TSN","img":"9566ac8adbe815140ae2b0719fb3ecd3.png","items":[{"id":"28847","network":"RDS,TSN,FS-MW","name":"NHL: St. Louis Blues at Montr\u00c3\u00a9al Canadiens","description":"Team St. Louis Blues playing against team Montr\u00e9al Canadiens","time":"2013-11-05 19:30:00","end_time":"2013-11-05 22:30:00","runtime":"180","channel":"23","pool":"0","status":"1","version":"","language":"","category":"Ice Hockey","timered":"0","auto":"0","auto_assigned_cat":"0","parent_id":"0","quality":""}]},"24":{"channel_id":"24","name":"24 - SNETO","img":"037fae32959c413ca40b0850da5b6540.png","items":[{"id":"28831","network":"TSN2","name":"NBA: Miami Heat at Toronto Raptors","description":"NBA: Miami Heat at Toronto Raptors","time":"2013-11-05 19:00:00","end_time":"2013-11-05 22:00:00","runtime":"180","channel":"24","pool":"0","status":"1","version":"","language":"","category":"NBA","timered":"0","auto":"0","auto_assigned_cat":"0","parent_id":"0","quality":""},{"id":"28627","network":"SNETO","name":"NFL: Washington Redskins at Minnesota Vikings","description":"","time":"2013-11-07 20:30:00","end_time":"2013-11-08 00:00:00","runtime":"210","channel":"24","pool":"0","status":"1","version":"19 (HQ\/LQ) ; 20 (720p) ; 24 (HQ\/LQ) ; 35 (German)","language":"eng","category":"NFL","timered":"0","auto":"0","auto_assigned_cat":"0","parent_id":"28625","quality":""}]},"25":{"channel_id":"25","name":"25 - Channel 25","img":"6f27564feba1d495c9d889403a8081df.png","items":[{"id":"28643","network":"1430","name":"NHL: Vancouver Canucks at Phoenix Coyotes","description":"","time":"2013-11-05 21:00:00","end_time":"2013-11-06 00:00:00","runtime":"180","channel":"25","pool":"0","status":"1","version":"","language":"","category":"Ice Hockey","timered":"0","auto":"0","auto_assigned_cat":"0","parent_id":"0","quality":""},{"id":"28706","network":"TENC-847","name":"Pakistan v South Africa 2013: 3RD ODI","description":"","time":"2013-11-06 06:00:00","end_time":"2013-11-06 14:00:00","runtime":"480","channel":"25","pool":"0","status":"1","version":"","language":"","category":"Cricket","timered":"0","auto":"0","auto_assigned_cat":"0","parent_id":"0","quality":""},{"id":"28707","network":"TENC-847","name":"Pakistan v South Africa 2013: 4TH ODI","description":"","time":"2013-11-08 06:00:00","end_time":"2013-11-08 14:00:00","runtime":"480","channel":"25","pool":"0","status":"1","version":"","language":"","category":"Cricket","timered":"0","auto":"0","auto_assigned_cat":"0","parent_id":"0","quality":""}]},"26":{"channel_id":"26","name":"26 - Channel 26","img":"9ae4835a44eb109a53b80727910f4c3f.png","items":[{"id":"28846","network":"142x","name":"NHL: Ottawa Senators at Columbus Blue Jackets","description":"Team Ottawa Senators playing against team Columbus Blue Jackets","time":"2013-11-05 19:00:00","end_time":"2013-11-05 22:00:00","runtime":"180","channel":"26","pool":"0","status":"1","version":"","language":"","category":"Ice Hockey","timered":"0","auto":"0","auto_assigned_cat":"0","parent_id":"0","quality":""}]},"27":{"channel_id":"27","name":"27 - TBA","img":"fbf42be7b863f7a5d46936f53f459746.png","items":[{"id":"28848","network":"142x","name":"NHL: Edmonton Oilers at Florida Panthers","description":"Team Edmonton Oilers playing against team Florida Panthers","time":"2013-11-05 19:30:00","end_time":"2013-11-05 22:30:00","runtime":"180","channel":"27","pool":"0","status":"1","version":"","language":"","category":"Ice Hockey","timered":"0","auto":"0","auto_assigned_cat":"0","parent_id":"0","quality":""}]},"28":{"channel_id":"28","name":"28 - Channel 28","img":"7f9aaffacc575fdfa175c5e616f90a0f.png","items":[{"id":"28738","network":"CBN-796","name":"Cricket: India vs West Indies, 1st Test Match, Day 1","description":"Eden Gardens, Kolkata","time":"2013-11-05 22:30:00","end_time":"2013-11-06 07:30:00","runtime":"540","channel":"28","pool":"0","status":"1","version":"","language":"eng","category":"Cricket","timered":"0","auto":"0","auto_assigned_cat":"0","parent_id":"28736","quality":""},{"id":"28741","network":"CBN-796","name":"Cricket: India vs West Indies, 1st Test Match, Day 2","description":"Kolkata","time":"2013-11-06 22:30:00","end_time":"2013-11-07 07:30:00","runtime":"540","channel":"28","pool":"0","status":"1","version":"","language":"","category":"Cricket","timered":"0","auto":"0","auto_assigned_cat":"0","parent_id":"0","quality":""},{"id":"28742","network":"CBN-796","name":"Cricket: India vs West Indies, 1st Test Match, Day 3","description":"","time":"2013-11-07 22:30:00","end_time":"2013-11-08 07:30:00","runtime":"540","channel":"28","pool":"0","status":"1","version":"","language":"","category":"Cricket","timered":"0","auto":"0","auto_assigned_cat":"0","parent_id":"0","quality":""}]},"29":{"channel_id":"29","name":"29 - Sky UK","img":"3b97872583d44e3645eaf9079b325133.png"},"30":{"channel_id":"30","name":"30 - Cable NL","img":"83d2c417d303f5c2300acc05e34e82a4.png"},"31":{"channel_id":"31","name":"31 - Sat EU","img":"6ecaaa5224f1ba7714b004937450a4cd.png"},"32":{"channel_id":"32","name":"32 - Sat EU #2","img":"e228062a12d5a8670273eef394eea8f4.png"},"33":{"channel_id":"33","name":"33 - Sky DE","img":"21e120e764140fb43d229b974f8d6a0b.png"},"34":{"channel_id":"34","name":"34 - Sky DE","img":"6848537cb6b56d2af1249f9e5710cf8b.png"},"35":{"channel_id":"35","name":"35 - Cable DE","img":"66f5f36e3cdd8726800268544b670327.png","items":[{"id":"28628","network":"Sport1 US","name":"NFL: Washington Redskins at Minnesota Vikings","description":"","time":"2013-11-07 20:30:00","end_time":"2013-11-08 00:00:00","runtime":"210","channel":"35","pool":"0","status":"1","version":"19 (HQ\/LQ) ; 20 (720p) ; 24 (HQ\/LQ) ; 35 (German)","language":"de","category":"NFL","timered":"0","auto":"0","auto_assigned_cat":"0","parent_id":"28625","quality":""}]},"36":{"channel_id":"36","name":"36 - Sky UK","img":"f97e088347f8c6f5f5dc611da3b36c3d.png"},"37":{"channel_id":"37","name":"37 - Sky UK","img":"af144e285b07b8e336b587d841b983fb.png"},"38":{"channel_id":"38","name":"38 - Sky UK","img":"672bb8a4ae7c274b18c7b091c5ad9e5a.png"},"39":{"channel_id":"39","name":"39 - Sky UK","img":"6203e47d3405064de0d09d0b3e53b0fc.png"},"40":{"channel_id":"40","name":"40 - ESPN America","img":"f5fff1acc09b9cefb4158e92945c7b1e.png"},"41":{"channel_id":"41","name":"41 - MMA TV 1","img":"eb6c41eff7e4f51eee1a3029977dc521.png"},"42":{"channel_id":"42","name":"42 - MMA TV 3","img":"593e028910f14f22099b635ea4747180.png"},"43":{"channel_id":"43","name":"43 - Cable West","img":"c33ef72cf35a22b0379a8ed9cac81b9d.png"},"44":{"channel_id":"44","name":"44 - Cable West","img":"2e16de732294ad60d2b95258a06ca8c8.png"},"45":{"channel_id":"45","name":"45 - FiOS East","img":"b0a4296a729bb1bb31964251e5e9e468.png"},"46":{"channel_id":"46","name":"46 - FiOS East","img":"5baa4356d375ea338385c8bf05a9ad89.png"},"47":{"channel_id":"47","name":"47 - Bonus","img":"31e293e08dd006e2e5463c1999bb2262.png"},"48":{"channel_id":"48","name":"48 - Bonus","img":"bfc783296a2649ecadf9876258905a92.png"},"49":{"channel_id":"49","name":"49 - Bonus","img":"a0c3c80267363f8094f0919d7712f7e2.png"},"50":{"channel_id":"50","name":"50 - Bonus","img":"4e5ca79d0bb7c615c06e3ae04497f13c.png"}}