<?xml version="1.0" encoding="UTF-8" standalone="yes"?>
<addon id="plugin.video.diy"
       name="DIY Network"
       version="1.0.10"
       provider-name="t1m">
  <requires>
    <import addon="xbmc.python" version="2.1.0"/>
  </requires>
  <extension point="xbmc.python.pluginsource"
            library="default.py">
        <provides>video</provides>
  </extension>
  <extension point="xbmc.addon.metadata">
    <summary lang="en">DIY Network</summary>
    <description lang="en">From remodeling to gardening to crafts DIYNetwork.com provides resources and knowledge through step-by-step photos and videos</description>
    <disclaimer lang="en">Feel free to use this script. For information visit the wiki.</disclaimer>
    <platform>all</platform>
    <language>en</language>
    <license>GNU GENERAL PUBLIC LICENSE. Version 2, June 1991</license>
    <forum>http://forum.kodi.tv/showthread.php?tid=222451</forum>
    <website>http://www.diynetwork.com/</website>
    <email></email>
    <source>https://github.com/learningit/plugin.video.diy/</source>
  </extension>
</addon>
