<?xml version="1.0" encoding="UTF-8"?>
<addon id="plugin.video.time_com" name="TIME.com" version="1.0.1" provider-name="AddonScriptorDE">
    <requires>
        <import addon="xbmc.python" version="2.1.0"/>
        <import addon="script.module.pyamf" version="0.6.1"/>
    </requires>
    <extension point="xbmc.python.pluginsource" library="default.py">
        <provides>video</provides>
    </extension>
    <extension point="xbmc.addon.metadata">
        <platform>all</platform>
        <summary lang="en">Watch videos from the TIME magazine</summary>
        <language>en</language>
        <description lang="en">Watch videos from the TIME magazine</description>
        <disclaimer lang="en">Some parts of this addon may not be legal in your country of residence - please check with your local laws before installing.</disclaimer>
        <license>GNU GENERAL PUBLIC LICENSE. Version 2, June 1991</license>
        <source>https://github.com/AddonScriptorDE/plugin.video.time_com</source>
        <forum>http://forum.xbmc.org/showthread.php?tid=136417</forum>
        <email>AddonScriptorDE at yahoo dot de</email>
        <website>http://www.time.com</website>
    </extension>
</addon>
