<?xml version="1.0" encoding="UTF-8" standalone="yes"?>
<addon id="plugin.video.mtv.it" name="MTV.it on demand" version="1.0.3" provider-name="NeverWise">
  <requires>
    <import addon="xbmc.python" version="2.1.0"/>
    <import addon="script.module.neverwise" version="1.0.4"/>
  </requires>
  <extension point="xbmc.python.pluginsource" library="default.py">
    <provides>video</provides>
  </extension>
  <extension point="xbmc.addon.metadata">
    <platform>all</platform>
    <summary lang="it">MTV.it on demand</summary>
    <summary lang="en">MTV.it on demand</summary>
    <description lang="it">I programmi TV e le serie TV in streaming su MTV.</description>
    <description lang="en">The TV programs and TV series in streaming on MTV.</description>
    <disclaimer lang="it">Alcune parti di questo addon potrebbero non essere legali nel tuo paese di residenza. Si prega di verificare la legislazione in vigore prima di installare.</disclaimer>
    <disclaimer lang="en">Some parts of this addon may not be legal in your country of residence. Please check with your local laws before installing.</disclaimer>
    <language>it</language>
    <license>GNU GENERAL PUBLIC LICENSE. Version 3, 29 June 2007</license>
    <forum></forum>
    <website></website>
    <email></email>
    <source>https://github.com/NeverWise/plugin.video.mtv.it</source>
  </extension>
</addon>
