<?xml version="1.0" encoding="UTF-8" standalone="yes"?>
<addon id="plugin.video.dmd-czech.dvtv" name="Drtinová Veselovský TV (zastaralý)" version="1.2.4" provider-name="Štěpán Ort">
  <requires>
    <import addon="xbmc.python" version="2.1.0"/>
	  <import addon="script.module.dmd-czech.common" version="1.5.5"/>
    <import addon="plugin.video.dmd-czech.aktualne" version="2.0.0" />
  </requires>
  <extension point="xbmc.python.pluginsource" library="addon.py">
    <provides>video</provides>
  </extension>
  <extension point="xbmc.addon.metadata">
    <summary>DVTV - Drtinová, Veselovský TV</summary>
	<description>Plugin to play videos from DVTV.cz</description>
    <description lang="cs">Použijte Aktuálně TV</description>
    <platform>all</platform>
  </extension>
</addon>
