<?xml version="1.0" encoding="UTF-8"?>
<addon id="plugin.video.ebaumsworld_com" name="eBaumsWorld.com" version="2.0.4" provider-name="AddonScriptorDE">
    <requires>
        <import addon="xbmc.python" version="2.1.0"/>
    </requires>
    <extension point="xbmc.python.pluginsource" library="default.py">
        <provides>video</provides>
    </extension>
    <extension point="xbmc.addon.metadata">
        <platform>all</platform>
        <summary lang="en">Watch videos from eBaum's World</summary>
        <language></language>
        <description lang="en">Watch videos from eBaum's World</description>
        <website>http://www.ebaumsworld.com</website>
        <source>https://github.com/AddonScriptorDE/plugin.video.ebaumsworld_com</source>
        <forum>http://forum.xbmc.org/showthread.php?tid=135599</forum>
        <email>AddonScriptorDE at yahoo dot de</email>
        <broken>Add-on is not working due to website changes</broken>
    </extension>
</addon>
