<window id="3018">
	<defaultcontrol always="true">4</defaultcontrol>
	<coordinates>
		<system>1</system>
		<posx>335</posx>
		<posy>230</posy>
	</coordinates>
	<include>dialogeffect</include>
	<controls>
		<control type="image">
			<posx>0</posx>
			<posy>0</posy>
			<width>610</width>
			<height>340</height>
			<texture border="40">DialogBack.png</texture>
		</control>
		<control type="image">
			<description>Dialog Header image</description>
			<posx>40</posx>
			<posy>16</posy>
			<width>530</width>
			<height>40</height>
			<texture>dialogheader.png</texture>
		</control>
		<control id="1" type="label">
			<description>header label</description>
			<posx>40</posx>
			<posy>20</posy>
			<width>530</width>
			<height>30</height>
			<font>font13_title</font>
			<label>$ADDON[plugin.video.synopsi 30201] - SynopsiTV</label>
			<align>center</align>
			<aligny>center</aligny>
			<textcolor>selected</textcolor>
			<shadowcolor>black</shadowcolor>
		</control>
		<control type="button">
			<description>Close Window button</description>
			<posx>520</posx>
			<posy>15</posy>
			<width>64</width>
			<height>32</height>
			<label>-</label>
			<font>-</font>
			<onclick>PreviousMenu</onclick>
			<texturefocus>DialogCloseButton-focus.png</texturefocus>
			<texturenofocus>DialogCloseButton.png</texturenofocus>
			<onleft>10</onleft>
			<onright>10</onright>
			<onup>10</onup>
			<ondown>10</ondown>
			<visible>system.getbool(input.enablemouse)</visible>
		</control>

		<!-- custom controls inside the common dialog layout -->
		<control id="10" type="label">
			<description>dialog line 1</description>
			<posx>30</posx>
			<posy>60</posy>
			<width>550</width>
			<height>30</height>
			<align>center</align>
			<aligny>center</aligny>
			<label>Enter your credentials</label>
			<font>font13</font>
			<visible>False</visible>
		</control>

		<control type="label">
			<description>real name</description>
			<posx>130</posx>
			<posy>100</posy>
			<width>100</width>
			<height>40</height>
			<!--<align>left</align>-->
			<align>right</align>
			<aligny>center</aligny>
			<label>$ADDON[plugin.video.synopsi 30202]</label>
			<font>font13</font>
			<textcolor>FF888888</textcolor>
		</control>
			
		<control id="4" type="button">
			<description>real name</description>
			<posx>145</posx>
			<posy>100</posy>
			<width>435</width>
			<height>40</height>
			<!--<align>left</align>-->
			<align>right</align>
			<aligny>center</aligny>
			<label></label>
			<font>font13</font>
			<textcolor>FF888888</textcolor>
			<onleft>4</onleft>
			<onright>4</onright>
			<onup>3</onup>
			<ondown>5</ondown>
		</control>
		
		<control type="label">
			<description>email</description>
			<posx>130</posx>
			<posy>150</posy>
			<width>100</width>
			<height>40</height>
			<!--<align>left</align>-->
			<align>right</align>
			<aligny>center</aligny>
			<label>$ADDON[plugin.video.synopsi 30003]</label>
			<font>font13</font>
			<textcolor>FF888888</textcolor>
		</control>
		
		<control id="5" type="button">
			<description>email</description>
			<posx>145</posx>
			<posy>150</posy>
			<width>435</width>
			<height>40</height>
			<!--<align>left</align>-->
			<align>right</align>
			<aligny>center</aligny>
			<font>font13</font>
			<label></label>
			<textcolor>FF888888</textcolor>
			<onleft>5</onleft>
			<onright>5</onright>
			<onup>4</onup>
			<ondown>110</ondown>
		</control>
		
		<control id="110" type="button">
			<description>Create account button</description>
			<posx>430</posx>
			<posy>220</posy>
			<width>150</width>
			<height>40</height>
			<label>$ADDON[plugin.video.synopsi 30203]</label>
			<font>font12_title</font>
			<textcolor>white</textcolor>
			<focusedcolor>white</focusedcolor>
			<align>center</align>
			<onleft>5</onleft>
			<onright>110</onright>
			<onup>5</onup>
			<ondown>110</ondown>
		</control>
	</controls>
</window>
