<window id="8011">
	<defaultcontrol always="true">59</defaultcontrol>
	<controls>
		<control type="group">
			<posx>200</posx>
			<posy>45</posy>
			<width>960</width>
			<height>600</height>
			<!-- <visible>!Window.IsVisible(FileBrowser)</visible>-->
			<animation easing="out" effect="slide" end="0,0" start="1100,0" time="400" tween="quadratic">WindowOpen</animation>
			<animation easing="out" effect="slide" end="1100,0" start="0,0" time="400" tween="quadratic">WindowClose</animation>
			<control type="image">
				<posx>5</posx>
				<posy>5</posy>
				<width>960</width>
				<height>600</height>
				<colordiffuse>FFFFFFFF</colordiffuse>
				<texture border="20">DialogBack.png</texture>
			</control>
			<control type="button">
				<description>Close Window button</description>
				<posx>30</posx>
				<posy>10</posy>
				<width>64</width>
				<height>32</height>
				<label>-</label>
				<font>-</font>
				<onclick>PreviousMenu</onclick>
				<texturefocus>DialogCloseButton-focus.png</texturefocus>
				<texturenofocus>DialogCloseButton.png</texturenofocus>
				<onleft>9000</onleft>
				<onright>9000</onright>
				<onup>9000</onup>
				<ondown>9000</ondown>
				<visible>system.getbool(input.enablemouse)</visible>
			</control>
			<control type="label">
				<posx>20</posx>
				<posy>35</posy>
				<width>920</width>
				<height>40</height>
				<font>font13_title</font>
				<textcolor>white</textcolor>
				<selectedcolor>white</selectedcolor>				
				<label>$ADDON[plugin.video.synopsi 30204]</label>
				<align>center</align>
			</control>
			<control id="59" type="list">
				<description>List of movies</description>
				<posx>40</posx>
				<posy>80</posy>
				<width>900</width>
				<height>500</height>
				<onleft>59</onleft>
				<onright>59</onright>
				<onup>9000</onup>
				<ondown>59</ondown>
				<scrolltime>200</scrolltime>
				<orientation>vertical</orientation>
				<!-- <viewtype label="535">list</viewtype> -->
				<pagecontrol>-</pagecontrol>
				<itemlayout height="140" width="920">
					<control type="image">
						<posx>0</posx>
						<posy>0</posy>
						<width>100</width>
						<height>140</height>
						<info>ListItem.Icon</info>
						<bordersize>5</bordersize>
						<texture background="true">$INFO[ListItem.Icon]</texture>
					</control>
					<!--	first label row: title	-->
					<control type="label">
						<posx>200</posx>
						<posy>25</posy>
						<width>100</width>
						<height>30</height>
						<label>$ADDON[plugin.video.synopsi 30205]:</label>
						<font>font13</font>
						<align>right</align>
						<aligny>center</aligny>
						<textcolor>blue</textcolor>
						<selectedcolor>white</selectedcolor>
					</control>
					<control type="label">
						<posx>210</posx>
						<posy>25</posy>
						<width>600</width>
						<height>30</height>
						<info>ListItem.Label</info>
						<font>font13</font>
						<align>left</align>
						<aligny>center</aligny>
						<textcolor>white</textcolor>
						<selectedcolor>white</selectedcolor>
					</control>
					<!--	second label row: director	-->
					<control type="label">
						<posx>200</posx>
						<posy>55</posy>
						<width>100</width>
						<height>30</height>
						<label>$ADDON[plugin.video.synopsi 30206]:</label>
						<font>font13</font>
						<align>right</align>
						<aligny>center</aligny>
						<textcolor>blue</textcolor>
						<selectedcolor>white</selectedcolor>
					</control>
					<control type="label">
						<posx>210</posx>
						<posy>55</posy>
						<width>600</width>
						<height>30</height>
						<label>$INFO[ListItem.Property(director)]</label>
						<font>font13</font>
						<align>left</align>
						<aligny>center</aligny>
						<textcolor>white</textcolor>
						<selectedcolor>white</selectedcolor>
					</control>
					<!--	trird label row: cast	-->
					<control type="label">
						<posx>200</posx>
						<posy>85</posy>
						<width>100</width>
						<height>30</height>
						<label>$ADDON[plugin.video.synopsi 30207]:</label>
						<font>font13</font>
						<align>right</align>
						<aligny>center</aligny>
						<textcolor>blue</textcolor>
						<selectedcolor>white</selectedcolor>
					</control>
					<control type="label">
						<posx>210</posx>
						<posy>85</posy>
						<width>600</width>
						<height>30</height>
						<label>$INFO[ListItem.Property(cast)]</label>
						<font>font13</font>
						<align>left</align>
						<aligny>center</aligny>
						<textcolor>white</textcolor>
						<selectedcolor>white</selectedcolor>
					</control>
					
				</itemlayout>
				<focusedlayout height="140" width="920">

					<control type="image">
						<posx>0</posx>
						<posy>0</posy>
						<width>100</width>
						<height>140</height>
						<info>ListItem.Icon</info>
						<bordersize>5</bordersize>
						<texture background="true">$INFO[ListItem.Icon]</texture>
					</control>

					<!-- focused background	-->
					<control type="image">                                                                                                                           
						<posx>100</posx>                                                                                                                         
						<posy>0</posy>        
						<width>760</width>                                                                                                                       
						<height>140</height>                                                                                                                     
						<texture background="true">HomeSubFO.png</texture>                                                                                       
					</control>                                                  
					
					<!--	first label row: title	-->
					<control type="label">
						<posx>200</posx>
						<posy>25</posy>
						<width>100</width>
						<height>30</height>
						<label>$ADDON[plugin.video.synopsi 30205]:</label>
						<font>font13</font>
						<align>right</align>
						<aligny>center</aligny>
						<textcolor>blue</textcolor>
						<selectedcolor>white</selectedcolor>
					</control>
					<control type="label">
						<posx>210</posx>
						<posy>25</posy>
						<width>600</width>
						<height>30</height>
						<info>ListItem.Label</info>
						<font>font13</font>
						<align>left</align>
						<aligny>center</aligny>
						<textcolor>white</textcolor>
						<selectedcolor>white</selectedcolor>
					</control>
					<!--	second label row: director	-->
					<control type="label">
						<posx>200</posx>
						<posy>55</posy>
						<width>100</width>
						<height>30</height>
						<label>$ADDON[plugin.video.synopsi 30206]:</label>
						<font>font13</font>
						<align>right</align>
						<aligny>center</aligny>
						<textcolor>blue</textcolor>
						<selectedcolor>white</selectedcolor>
					</control>
					<control type="label">
						<posx>210</posx>
						<posy>55</posy>
						<width>600</width>
						<height>30</height>
						<label>$INFO[ListItem.Property(director)]</label>
						<font>font13</font>
						<align>left</align>
						<aligny>center</aligny>
						<textcolor>white</textcolor>
						<selectedcolor>white</selectedcolor>
					</control>
					<!--	trird label row: cast	-->
					<control type="label">
						<posx>200</posx>
						<posy>85</posy>
						<width>100</width>
						<height>30</height>
						<label>$ADDON[plugin.video.synopsi 30207]:</label>
						<font>font13</font>
						<align>right</align>
						<aligny>center</aligny>
						<textcolor>blue</textcolor>
						<selectedcolor>white</selectedcolor>
					</control>
					<control type="label">
						<posx>210</posx>
						<posy>85</posy>
						<width>600</width>
						<height>30</height>
						<label>$INFO[ListItem.Property(cast)]</label>
						<font>font13</font>
						<align>left</align>
						<aligny>center</aligny>
						<textcolor>white</textcolor>
						<selectedcolor>white</selectedcolor>
					</control>
					
				</focusedlayout>
			</control>
		</control>
	</controls>
</window>
