<?xml version="1.0" encoding="UTF-8"?>
<addon id="plugin.video.puls4" name="Puls 4" version="0.2.1" provider-name="sofaking">
    <requires>
        <import addon="xbmc.python" version="2.1.0"/>
        <import addon="script.module.parsedom" version="0.9.1"/>
    </requires>
    <extension point="xbmc.python.pluginsource" library="default.py">
        <provides>video</provides>
    </extension>
    <extension point="xbmc.addon.metadata">
        <platform>all</platform>
        <summary lang="de">Puls 4</summary>
        <summary lang="en">Puls 4</summary>
        <language>de</language>
        <description lang="de">Puls 4 - Ermöglicht Ihnen den Zugriff auf die Puls 4 Video Platform</description>
        <description lang="en">Puls 4 - This plugin provides access to the "Puls 4 Video Portal"(Austrian Television)</description>
        <license>GNU GENERAL PUBLIC LICENSE. Version 2, June 1991</license>
        <email>sofaking@gettingmoney.at</email>
        <website>http://nem0.lowfidelity.at</website>
        <source>http://github.com/s0faking/plugin.video.puls4</source>
    </extension>
</addon>
