<?xml version="1.0" encoding="UTF-8" standalone="yes"?>
<addon id="plugin.video.esquire"
       name="Esquire TV"
       version="2.0.2"
       provider-name="t1m">
  <requires>
    <import addon="xbmc.python" version="2.1.0"/>
    <import addon="script.module.t1mlib" version="1.0.1"/>
  </requires>
  <extension point="xbmc.python.pluginsource"
            library="default.py">
        <provides>video</provides>
  </extension>
  <extension point="xbmc.addon.metadata">
    <summary lang="en">Esquire TV Video Addon</summary>
    <description lang="en">Esquire TV Video Addon</description>
    <disclaimer lang="en">Feel free to use this script. For information visit the wiki.</disclaimer>
    <platform>all</platform>
    <language>en</language>
    <license>GNU GENERAL PUBLIC LICENSE. Version 2, June 1991</license>
    <forum>http://forum.kodi.tv/showthread.php?tid=224739</forum>
    <website>http://tv.esquire.com/now/</website>
    <email></email>
    <source>https://github.com/learningit/plugin.video.esquire/</source>
  </extension>
</addon>
