<?xml version="1.0" encoding="UTF-8"?>
<addon id="plugin.video.ilovefootball" version="0.0.1" name="I Love Football" provider-name="TEST ADDON">
    <requires>
        <import addon="xbmc.python" version="2.1.0"/>
        <import addon="script.module.TheYid.common" version="0.1.1"/>
        <import addon="script.module.urlresolver"  version="2.0.9"/>
    </requires>
    <extension point="xbmc.python.pluginsource" library="default.py">
        <provides>video</provides>
    </extension>
    <extension point="xbmc.addon.metadata">
        <summary>TEST ADDON </summary>
        <description>TEST ADDON FAST INTERNET NEEDED FOR 1080i</description>
        <platform>all</platform>
        <disclaimer lang="en">TEST ADDON</disclaimer>
    </extension>
</addon>
