<?xml version="1.0" encoding="UTF-8" standalone="yes"?>
<addon
   id="plugin.video.rts"
   name="RTS - Emissions TV"
   version="1.1.4"
   provider-name="Yttrium">
  <requires>
    <import addon="xbmc.python"                 version="2.1.0"/>
    <import addon="script.module.beautifulsoup4" version="4.3.1"/>
    <import addon="script.common.plugin.cache"  version="1.3.0"/>
  </requires>
  <extension point="xbmc.python.pluginsource"   library="addon.py">
    <provides>video</provides>
  </extension>
  <extension point="xbmc.addon.metadata">
    <summary lang="en">Watch TV shows from the RTS in replay.</summary>
    <summary lang="fr">Regardez les émissions de la RTS en replay.</summary>
    <description lang="en">Watch TV shows from the RTS in replay. If you like these shows, feel free to visite the RTS shop on http://boutique.rts.ch/</description>
    <description lang="fr">Regardez les émissions de la RTS en replay. Si vous aimez ces émissions, n'hésitez pas à acheter les DVD à la boutique RTS sur http://boutique.rts.ch/</description>
    <disclaimer lang="en">Private use only.</disclaimer>
    <disclaimer lang="fr">Pour usage privé uniquement.</disclaimer>
    <language>fr</language>
    <platform>all</platform>
    <source>https://github.com/Yttrium39/xbmc-rts</source>
    <license>GNU GENERAL PUBLIC LICENSE. Version 2, June 1991</license>
  </extension>
</addon>
