<?xml version="1.0" encoding="UTF-8" standalone="yes"?>
<addon id="plugin.video.tagen.tv" name="Tagen TV" version="0.1.0" provider-name="Tomasz Karbownicki">
  <requires>
    <import addon="xbmc.python" version="2.1.0"/>
    <import addon="script.module.requests"/>
    <import addon="script.module.pytz"/>
    <import addon="script.module.routing" version="0.1.0"/>
  </requires>
  <extension point="xbmc.python.pluginsource" library="addon.py">
    <provides>video</provides>
  </extension>
  <extension point="xbmc.addon.metadata">
    <platform>all</platform>
    <language></language>
    <summary lang="en">Tagen TV - Polish Internet Tv</summary>
    <summary lang="pl">Tagen TV - Polska telewizja internetowa</summary>
    <description lang="en">Tagen.tv is the first television co-created by Internet users. We are not scared of topics and are happy to show the event, phenomenon or people from a completely different perspective. If like us, you are dissatisfied with the state of Polish media, which in sensationalism and audience has long ago lost its mission then you have come to the right place. In Tagen.tv you decide what and when you want to watch, support artists and what topics to promote.</description>
    <description lang="pl">Tagen.tv to pierwsza telewizja współtworzona przez internautów. Nie boimy się żadnych tematów i chętnie pokazujemy wydarzenia, zjawiska czy ludzi z zupełnie innej perspektywy. Jeżeli tak jak my, jesteś niezadowolony ze stanu Polskich mediów, które w pogoni za sensacją i oglądalnością dawno zgubiły swoją misję to trafiliście w odpowiednie miejsce. W Tagen.tv sami decydujecie co i kiedy chcecie oglądać, których twórców wspierać i jakie tematy promować.</description>
    <website>http://tagen.tv/</website>
    <email>t.karbownicki@tagen.tv</email>
  </extension>
</addon>
