<?xml version="1.0" encoding="UTF-8"?>
<addon id="plugin.video.filma24-al" version="1.0.7" name="Filma24-AL" provider-name="Bekim Krasniqi">

  <requires>
        <import addon="script.module.urlresolver" version="2.2.0"/>
        <import addon="script.module.addon.common" version="2.0.0" />
  </requires>	<extension point="xbmc.python.pluginsource" library="default.py">
		<provides>video</provides>
	</extension>
	<extension point="xbmc.addon.metadata">
		<summary>Films with Albanian subtitles from Filma24-AL</summary>
		<description>Films with Albanian subtitles from Filma24-AL.</description>
		<platform>all</platform>
	</extension>
</addon>