<?xml version="1.0" encoding="UTF-8" standalone="yes"?>
<window>
    <onload>SetProperty(loading.progress,25)</onload>
    <onload>SetProperty(loading.status,$ADDON[script.hdhomerun.view 32010])</onload>
    <defaultcontrol>200</defaultcontrol>
    <coordinates>
        <system>1</system>
        <posx>0</posx>
        <posy>0</posy>
    </coordinates>
    <animation effect="fade" time="100">WindowClose</animation>
    <controls>

        <control type="group">
            <posx>810</posx>
            <posy>490</posy>
            <control type="image">
                <posx>0</posx>
                <posy>0</posy>
                <width>300</width>
                <height>140</height>
                <texture>script-hdhomerun-view-white_square.png</texture>
                <colordiffuse>FF000000</colordiffuse>
            </control>
            <control type="label">
                <posx>10</posx>
                <posy>10</posy>
                <width>280</width>
                <height>80</height>
                <font>font30</font>
                <align>center</align>
                <aligny>center</aligny>
                <textcolor>FFFFFFFF</textcolor>
                <label>[B][COLOR FF99CCFF]$INFO[Window.Property(channel)][/COLOR][/B]</label>
            </control>
            <control type="label">
                <posx>10</posx>
                <posy>100</posy>
                <width>280</width>
                <height>30</height>
                <font>font10</font>
                <align>center</align>
                <aligny>center</aligny>
                <textcolor>FFAAAAAA</textcolor>
                <label>$ADDON[script.hdhomerun.view 32032]</label>
            </control>
        </control>

    </controls>
</window>
