<?xml version="1.0" encoding="UTF-8" standalone="yes"?>
<window>
    <coordinates>
        <system>1</system>
        <posx>0</posx>
        <posy>0</posy>
    </coordinates>
    <animation effect="slide" start="0,1080" end="0,0" time="300" reversible="false" condition="!IsEmpty(Window(10000).Property(script.hdhomerun.view.window.animations))">WindowOpen</animation>
    <animation effect="slide" start="0,0" end="0,-1080" time="300" reversible="false" condition="!IsEmpty(Window(10000).Property(script.hdhomerun.view.window.animations))">WindowClose</animation>
    <controls>
        <control type="image">
            <posx>0</posx>
            <posy>0</posy>
            <width>1920</width>
            <height>1080</height>
            <texture>script-hdhomerun-view-white_square.png</texture>
            <colordiffuse>D0000000</colordiffuse>
            <aspectratio>stretch</aspectratio>
        </control>

        <control type="grouplist" id="252">
            <posx>682</posx>
            <posy>300</posy>
            <height>300</height>
            <width>556</width>
            <itemgap>44</itemgap>
            <ondown>240</ondown>
            <orientation>horizontal</orientation>

            <control type="button" id="241">
                <visible>!Control.IsVisible(248)</visible>
                <width>256</width>
                <height>256</height>
                <label>[B]$ADDON[script.hdhomerun.view 32836][/B]</label>
                <font>font13</font>
                <align>center</align>
                <aligny>top</aligny>
                <textcolor>FFFFFFFF</textcolor>
                <textoffsety>266</textoffsety>
                <texturefocus>script-hdhomerun-view-search_icon_focus.png</texturefocus>
                <texturenofocus>script-hdhomerun-view-search_icon.png</texturenofocus>
            </control>

            <control type="button" id="248">
                <visible>!Player.HasVideo | !IsEmpty(Window(10000).Property(script.hdhomerun.view.playing.dvr))</visible>
                <width>256</width>
                <height>256</height>
                <label>[B]LIVE TV[/B]</label>
                <font>font13</font>
                <align>center</align>
                <aligny>top</aligny>
                <textcolor>FFFFFFFF</textcolor>
                <textoffsety>266</textoffsety>
                <texturefocus>script-hdhomerun-view-live_tv_icon_focus.png</texturefocus>
                <texturenofocus>script-hdhomerun-view-live_tv_icon.png</texturenofocus>
            </control>

            <control type="button" id="247">
                <width>256</width>
                <height>256</height>
                <label>[B]$ADDON[script.hdhomerun.view 32837][/B]</label>
                <font>font13</font>
                <align>center</align>
                <aligny>top</aligny>
                <textcolor>FFFFFFFF</textcolor>
                <textoffsety>266</textoffsety>
                <texturefocus>script-hdhomerun-view-exit_icon_focus.png</texturefocus>
                <texturenofocus>script-hdhomerun-view-exit_icon.png</texturenofocus>
            </control>
        </control>

        <control type="group" id="240">
            <defaultcontrol>242</defaultcontrol>

            <posx>665</posx>
            <posy>700</posy>

            <control type="grouplist" id="250">
                <left>0</left>
                <top>0</top>
                <height>110</height>
                <itemgap>50</itemgap>
                <onup>252</onup>
                <orientation>horizontal</orientation>

                <control type="button" id="242">
                    <width>110</width>
                    <height>110</height>
                    <label>13395</label>
                    <font>-</font>
                    <texturefocus>script-hdhomerun-view-video_icon_focus.png</texturefocus>
                    <texturenofocus>script-hdhomerun-view-video_icon.png</texturenofocus>
                    <onclick>ActivateWindow(OSDVideoSettings)</onclick>
                </control>

                <control type="button" id="243">
                    <width>110</width>
                    <height>110</height>
                    <label>13396</label>
                    <font>-</font>
                    <texturefocus>script-hdhomerun-view-audio_icon_focus.png</texturefocus>
                    <texturenofocus>script-hdhomerun-view-audio_icon.png</texturenofocus>
                    <onclick>ActivateWindow(OSDAudioSettings)</onclick>
                </control>

                <control type="button" id="245">
                    <width>110</width>
                    <height>110</height>
                    <label>13396</label>
                    <font>-</font>
                    <texturefocus>script-hdhomerun-view-volume_down_icon_focus.png</texturefocus>
                    <texturenofocus>script-hdhomerun-view-volume_down_icon.png</texturenofocus>
                    <onclick>VolumeDown</onclick>
                </control>

                <control type="button" id="244">
                    <width>110</width>
                    <height>110</height>
                    <label>13396</label>
                    <font>-</font>
                    <texturefocus>script-hdhomerun-view-volume_up_icon_focus.png</texturefocus>
                    <texturenofocus>script-hdhomerun-view-volume_up_icon.png</texturenofocus>
                    <onclick>VolumeUp</onclick>
                </control>

            </control>

        </control>

        <control type="group">
            <visible>!IsEmpty(Window(10000).Property(script.hdhomerun.view.busy))</visible>
            <posx>1367</posx>
            <posy>860</posy>

            <control type="image">
                <posx>0</posx>
                <posy>0</posy>
                <width>503</width>
                <height>170</height>
                <texture>script-hdhomerun-view-loading_bg.png</texture>
                <colordiffuse>80FFFFFF</colordiffuse>
                <aspectratio>stretch</aspectratio>
            </control>
            <control type="label">
                <posx>21</posx>
                <posy>44</posy>
                <width>307</width>
                <height>106</height>
                <font>font13</font>
                <align>center</align>
                <aligny>center</aligny>
                <textcolor>FF000000</textcolor>
                <label>[B]$INFO[Window(10000).Property(script.hdhomerun.view.busy)][/B]</label>
            </control>
            <control type="image">
                <posx>354</posx>
                <posy>21</posy>
                <width>128</width>
                <height>128</height>
                <texture>script-hdhomerun-view-loading.gif</texture>
                <colordiffuse>80FFFFFF</colordiffuse>
                <aspectratio>stretch</aspectratio>
            </control>

        </control>

    </controls>
</window>
