<?xml version="1.0" encoding="UTF-8" standalone="yes"?>
<window>
    <defaultcontrol>220</defaultcontrol>
    <coordinates>
        <system>1</system>
        <posx>0</posx>
        <posy>0</posy>
    </coordinates>
    <animation type="WindowOpen">
        <effect type="zoom" start="0" end="100" center="1920,540" time="300" delay="300" />
        <effect type="fade" start="0" end="100" time="300" delay="300" />
    </animation>
    <animation type="WindowClose">
        <effect type="zoom" start="100" end="0" center="1920,540" time="300" />
        <effect type="fade" start="100" end="0" time="300" />
    </animation>
    <controls>
        <control type="image">
            <posx>0</posx>
            <posy>0</posy>
            <width>1920</width>
            <height>1080</height>
            <texture>script-hdhomerun-view-white_square.png</texture>
            <colordiffuse>E0000000</colordiffuse>
            <aspectratio>stretch</aspectratio>
        </control>

        <control type="group">
            <posx>65</posx>
            <posy>0</posy>
            <control type="image">
                <posx>60</posx>
                <posy>0</posy>
                <width>5</width>
                <height>1080</height>
                <texture>script-hdhomerun-view-white_square.png</texture>
                <colordiffuse>A0FFFFFF</colordiffuse>
                <aspectratio>stretch</aspectratio>
            </control>
            <control type="image">
                <posx>-65</posx>
                <posy>0</posy>
                <width>125</width>
                <height>1080</height>
                <texture>script-hdhomerun-view-white_square.png</texture>
                <colordiffuse>807CF711</colordiffuse>
                <aspectratio>stretch</aspectratio>
            </control>
            <control type="label">
                <posx>30</posx>
                <posy>60</posy>
                <width>1080</width>
                <height>60</height>
                <font>font30</font>
                <align>right</align>
                <aligny>center</aligny>
                <textcolor>FFFFFFFF</textcolor>
                <angle>90</angle>
                <label>[B][UPPERCASE]$ADDON[script.hdhomerun.view 32824][/UPPERCASE][/B]</label>
            </control>
        </control>

        <control type="group">
            <posx>150</posx>
            <posy>0</posy>
            <control type="image">
                <posx>10</posx>
                <posy>10</posy>
                <width>1665</width>
                <height>300</height>
                <texture>script-hdhomerun-view-white_square.png</texture>
                <colordiffuse>E0202020</colordiffuse>
                <aspectratio>stretch</aspectratio>
            </control>
            <control type="image">
                <posx>186</posx>
                <posy>136</posy>
                <width>48</width>
                <height>48</height>
                <texture>script-hdhomerun-view-dvr_rules_icon.png</texture>
                <colordiffuse>FF000000</colordiffuse>
                <aspectratio>stretch</aspectratio>
            </control>
            <control type="image">
                <posx>10</posx>
                <posy>10</posy>
                <width>400</width>
                <height>300</height>
                <texture fallback="script-hdhomerun-view-no_image.png">$INFO[Container(201).ListItem.Thumb]</texture>
                <aspectratio>scale</aspectratio>
            </control>
            <control type="label">
                <posx>450</posx>
                <posy>28</posy>
                <width>1205</width>
                <height>40</height>
                <font>font13</font>
                <align>left</align>
                <textcolor>FFFFFFFF</textcolor>
                <label>[B]$INFO[Window.Property(series.title)][/B]</label>
            </control>
            <control type="label">
                <visible>!Control.HasFocus(201)</visible>
                <posx>450</posx>
                <posy>88</posy>
                <width>1205</width>
                <height>40</height>
                <font>font13</font>
                <align>left</align>
                <textcolor>FFFFFFFF</textcolor>
                <label>[B]$INFO[Window.Property(synopsis.title)][/B]</label>
            </control>
            <control type="label">
                <visible>Control.HasFocus(201)</visible>
                <posx>450</posx>
                <posy>88</posy>
                <width>1205</width>
                <height>40</height>
                <font>font13</font>
                <align>left</align>
                <textcolor>FFFFFFFF</textcolor>
                <label>[B]$INFO[Container(220).NumItems][/B]</label>
            </control>
            <control type="textbox">
                <visible>!Control.HasFocus(201)</visible>
                <posx>450</posx>
                <posy>130</posy>
                <width>1205</width>
                <height>145</height>
                <font>font13</font>
                <align>left</align>
                <textcolor>FFCCCCCC</textcolor>
                <label>$INFO[Window.Property(synopsis)]</label>
            </control>
            <control type="textbox">
                <visible>Control.HasFocus(201)</visible>
                <posx>450</posx>
                <posy>130</posy>
                <width>1205</width>
                <height>145</height>
                <font>font13</font>
                <align>left</align>
                <textcolor>FFCCCCCC</textcolor>
                <label>$INFO[Container(201).ListItem.Property(episode.synopsis)]</label>
            </control>

            <control type="grouplist" id="220">
                <width>1540</width>
                <left>60</left>
                <align>center</align>
                <top>340</top>
                <height>110</height>
                <itemgap>10</itemgap>
                <ondown>200</ondown>
                <orientation>horizontal</orientation>
                <control type="button" id="208">
                    <visible>!IsEmpty(Window.Property(show.watch))</visible>
                    <width>300</width>
                    <height>70</height>
                    <label>[B]WATCH[/B]</label>
                    <font>font13</font>
                    <align>center</align>
                    <texturefocus border="6">script-hdhomerun-view-flat_button.png</texturefocus>
                    <texturenofocus border="6">script-hdhomerun-view-flat_button_nf.png</texturenofocus>
                </control>
                <control type="button" id="206">
                    <visible>!IsEmpty(Window.Property(show.hasRule))</visible>
                    <width>300</width>
                    <height>70</height>
                    <label>[B]PRIORITY[/B]</label>
                    <font>font13</font>
                    <align>center</align>
                    <texturefocus border="6">script-hdhomerun-view-flat_button.png</texturefocus>
                    <texturenofocus border="6">script-hdhomerun-view-flat_button_nf.png</texturenofocus>
                </control>
                <control type="button" id="205">
                    <visible>!IsEmpty(Window.Property(show.hasRule))</visible>
                    <width>300</width>
                    <height>70</height>
                    <label>[B]$INFO[Window.Property(record.always)][/B]</label>
                    <font>font13</font>
                    <align>center</align>
                    <texturefocus border="6">script-hdhomerun-view-flat_button.png</texturefocus>
                    <texturenofocus border="6">script-hdhomerun-view-flat_button_nf.png</texturenofocus>
                </control>
                <control type="button" id="203">
                    <visible>IsEmpty(Window.Property(show.hasRule))</visible>
                    <width>300</width>
                    <height>70</height>
                    <label>[B]$ADDON[script.hdhomerun.view 32824][/B]</label>
                    <font>font13</font>
                    <align>center</align>
                    <texturefocus border="6">script-hdhomerun-view-flat_button.png</texturefocus>
                    <texturenofocus border="6">script-hdhomerun-view-flat_button_nf.png</texturenofocus>
                </control>
                <control type="button" id="207">
                    <visible>!IsEmpty(Window.Property(show.hasRule))</visible>
                    <width>300</width>
                    <height>70</height>
                    <label>[B]DELETE[/B]</label>
                    <font>font13</font>
                    <align>center</align>
                    <texturefocus border="6">script-hdhomerun-view-flat_button.png</texturefocus>
                    <texturenofocus border="6">script-hdhomerun-view-flat_button_nf.png</texturenofocus>
                </control>
                <control type="button" id="204">
                    <visible>!IsEmpty(Window.Property(show.hide))</visible>
                    <width>300</width>
                    <height>70</height>
                    <label>[B]$INFO[Window.Property(show.hide)][/B]</label>
                    <font>font13</font>
                    <align>center</align>
                    <texturefocus border="6">script-hdhomerun-view-flat_button.png</texturefocus>
                    <texturenofocus border="6">script-hdhomerun-view-flat_button_nf.png</texturenofocus>
                </control>
            </control>

        </control>

        <control type="group" id="200">
            <defaultcontrol>201</defaultcontrol>
            <posx>70</posx>
            <posy>390</posy>
            <control type="group">
                <posx>90</posx>
                <posy>40</posy>
                <control type="label">
                    <posx>5</posx>
                    <posy>5</posy>
                    <width>180</width>
                    <height>30</height>
                    <font>font10</font>
                    <align>left</align>
                    <aligny>center</aligny>
                    <textcolor>FFFFFFFF</textcolor>
                    <label>[B]$ADDON[script.hdhomerun.view 32814][/B]</label>
                </control>
                <control type="label">
                    <posx>205</posx>
                    <posy>5</posy>
                    <width>755</width>
                    <height>30</height>
                    <font>font10</font>
                    <align>left</align>
                    <aligny>center</aligny>
                    <textcolor>FFFFFFFF</textcolor>
                    <label>[B]$ADDON[script.hdhomerun.view 32821][/B]</label>
                </control>
                <control type="label">
                    <posx>980</posx>
                    <posy>5</posy>
                    <width>250</width>
                    <height>30</height>
                    <font>font10</font>
                    <align>left</align>
                    <aligny>center</aligny>
                    <textcolor>FFFFFFFF</textcolor>
                    <label>[B]$ADDON[script.hdhomerun.view 32816][/B]</label>
                </control>
                <control type="label">
                    <posx>1250</posx>
                    <posy>5</posy>
                    <width>190</width>
                    <height>30</height>
                    <font>font10</font>
                    <align>left</align>
                    <aligny>center</aligny>
                    <textcolor>FFFFFFFF</textcolor>
                    <label>[B]$ADDON[script.hdhomerun.view 32825][/B]</label>
                </control>
                <control type="label">
                    <posx>1460</posx>
                    <posy>5</posy>
                    <width>190</width>
                    <height>30</height>
                    <font>font10</font>
                    <align>left</align>
                    <aligny>center</aligny>
                    <textcolor>FFFFFFFF</textcolor>
                    <label>[B]$ADDON[script.hdhomerun.view 32826][/B]</label>
                </control>
            </control>

            <control type="list" id="201">
                <posx>90</posx>
                <posy>90</posy>
                <width>1665</width>
                <height>600</height>
                <scrolltime>200</scrolltime>
                <orientation>vertical</orientation>
                <onup>220</onup>
                <pagecontrol>251</pagecontrol>

                <!-- ITEM LAYOUT ########################################## -->
                <itemlayout height="92">

                    <control type="group">
                        <posx>0</posx>
                        <posy>0</posy>
                        <control type="image">
                            <posx>0</posx>
                            <posy>0</posy>
                            <width>1665</width>
                            <height>90</height>
                            <texture>script-hdhomerun-view-white_square.png</texture>
                            <colordiffuse>FF202020</colordiffuse>
                            <aspectratio>stretch</aspectratio>
                        </control>

                        <control type="group">
                            <posx>5</posx>
                            <posy>5</posy>
                            <control type="image">
                                <posx>0</posx>
                                <posy>0</posy>
                                <width>190</width>
                                <height>80</height>
                                <texture>script-hdhomerun-view-white_square.png</texture>
                                <colordiffuse>FF404040</colordiffuse>
                                <aspectratio>stretch</aspectratio>
                            </control>
                            <control type="label">
                                <posx>10</posx>
                                <posy>5</posy>
                                <width>170</width>
                                <height>30</height>
                                <font>font10</font>
                                <align>left</align>
                                <aligny>center</aligny>
                                <textcolor>FFFFFFFF</textcolor>
                                <label>[B]$INFO[ListItem.Property(channel.number)][/B]</label>
                            </control>
                            <control type="label">
                                <posx>10</posx>
                                <posy>45</posy>
                                <width>170</width>
                                <height>30</height>
                                <font>font10</font>
                                <align>left</align>
                                <aligny>center</aligny>
                                <textcolor>FFCCCCCC</textcolor>
                                <label>$INFO[ListItem.Property(channel.name)]</label>
                            </control>
                        </control>

                        <control type="group">
                            <posx>205</posx>
                            <posy>5</posy>
                            <control type="image">
                                <posx>0</posx>
                                <posy>0</posy>
                                <width>765</width>
                                <height>80</height>
                                <texture>script-hdhomerun-view-white_square.png</texture>
                                <colordiffuse>FF404040</colordiffuse>
                                <aspectratio>stretch</aspectratio>
                            </control>
                            <control type="label">
                                <posx>10</posx>
                                <posy>5</posy>
                                <width>745</width>
                                <height>30</height>
                                <font>font10</font>
                                <align>left</align>
                                <aligny>center</aligny>
                                <textcolor>FFFFFFFF</textcolor>
                                <label>[B]$INFO[ListItem.Property(series.title)][/B]</label>
                            </control>
                            <control type="label">
                                <posx>10</posx>
                                <posy>45</posy>
                                <width>745</width>
                                <height>30</height>
                                <font>font10</font>
                                <align>left</align>
                                <aligny>center</aligny>
                                <textcolor>FFCCCCCC</textcolor>
                                <label>$INFO[ListItem.Label]</label>
                            </control>
                        </control>

                        <control type="group">
                            <posx>980</posx>
                            <posy>5</posy>
                            <control type="image">
                                <posx>0</posx>
                                <posy>0</posy>
                                <width>260</width>
                                <height>80</height>
                                <texture>script-hdhomerun-view-white_square.png</texture>
                                <colordiffuse>FF404040</colordiffuse>
                                <aspectratio>stretch</aspectratio>
                            </control>
                            <control type="label">
                                <posx>10</posx>
                                <posy>5</posy>
                                <width>240</width>
                                <height>30</height>
                                <font>font10</font>
                                <align>left</align>
                                <aligny>center</aligny>
                                <textcolor>FFFFFFFF</textcolor>
                                <label>[B]$INFO[ListItem.Property(episode.number)][/B]</label>
                            </control>
                        </control>

                        <control type="group">
                            <posx>1250</posx>
                            <posy>5</posy>
                            <control type="image">
                                <posx>0</posx>
                                <posy>0</posy>
                                <width>200</width>
                                <height>80</height>
                                <texture>script-hdhomerun-view-white_square.png</texture>
                                <colordiffuse>FF404040</colordiffuse>
                                <aspectratio>stretch</aspectratio>
                            </control>
                            <control type="label">
                                <posx>10</posx>
                                <posy>5</posy>
                                <width>180</width>
                                <height>30</height>
                                <font>font10</font>
                                <align>left</align>
                                <aligny>center</aligny>
                                <textcolor>FFFFFFFF</textcolor>
                                <label>[B]$INFO[ListItem.Property(air.date)][/B]</label>
                            </control>
                            <control type="label">
                                <posx>10</posx>
                                <posy>45</posy>
                                <width>180</width>
                                <height>30</height>
                                <font>font10</font>
                                <align>left</align>
                                <aligny>center</aligny>
                                <textcolor>FFCCCCCC</textcolor>
                                <label>$INFO[ListItem.Property(air.time)]</label>
                            </control>
                        </control>

                        <control type="group">
                            <posx>1460</posx>
                            <posy>5</posy>
                            <control type="image">
                                <posx>0</posx>
                                <posy>0</posy>
                                <width>200</width>
                                <height>80</height>
                                <texture>script-hdhomerun-view-white_square.png</texture>
                                <colordiffuse>FF404040</colordiffuse>
                                <aspectratio>stretch</aspectratio>
                            </control>
                            <control type="label">
                                <posx>10</posx>
                                <posy>5</posy>
                                <width>180</width>
                                <height>30</height>
                                <font>font10</font>
                                <align>left</align>
                                <aligny>center</aligny>
                                <textcolor>FFFFFFFF</textcolor>
                                <label>[B]$INFO[ListItem.Property(original.date)][/B]</label>
                            </control>
                            <control type="label">
                                <posx>10</posx>
                                <posy>45</posy>
                                <width>180</width>
                                <height>30</height>
                                <font>font10</font>
                                <align>left</align>
                                <aligny>center</aligny>
                                <textcolor>FFCCCCCC</textcolor>
                                <label>$INFO[ListItem.Property(original.time)]</label>
                            </control>
                        </control>

                    </control>
                </itemlayout>

                <!-- FOCUSED LAYOUT ####################################### -->
                <focusedlayout height="92">
                    <control type="group">
                        <posx>0</posx>
                        <posy>0</posy>
                        <control type="image">
                            <posx>0</posx>
                            <posy>0</posy>
                            <width>1665</width>
                            <height>90</height>
                            <texture>script-hdhomerun-view-white_square.png</texture>
                            <colordiffuse>FF202020</colordiffuse>
                            <aspectratio>stretch</aspectratio>
                        </control>

                        <control type="group">
                            <posx>5</posx>
                            <posy>5</posy>
                            <control type="image">
                                <posx>0</posx>
                                <posy>0</posy>
                                <width>190</width>
                                <height>80</height>
                                <texture>script-hdhomerun-view-white_square.png</texture>
                                <colordiffuse>FF404040</colordiffuse>
                                <aspectratio>stretch</aspectratio>
                            </control>
                            <control type="image">
                                <visible>Control.HasFocus(201)</visible>
                                <posx>0</posx>
                                <posy>0</posy>
                                <width>190</width>
                                <height>80</height>
                                <texture>script-hdhomerun-view-white_square.png</texture>
                                <colordiffuse>FF006000</colordiffuse>
                                <aspectratio>stretch</aspectratio>
                            </control>
                            <control type="label">
                                <posx>10</posx>
                                <posy>5</posy>
                                <width>170</width>
                                <height>30</height>
                                <font>font10</font>
                                <align>left</align>
                                <aligny>center</aligny>
                                <textcolor>FFFFFFFF</textcolor>
                                <label>[B]$INFO[ListItem.Property(channel.number)][/B]</label>
                            </control>
                            <control type="label">
                                <posx>10</posx>
                                <posy>45</posy>
                                <width>170</width>
                                <height>30</height>
                                <font>font10</font>
                                <align>left</align>
                                <aligny>center</aligny>
                                <textcolor>FFCCCCCC</textcolor>
                                <label>$INFO[ListItem.Property(channel.name)]</label>
                            </control>
                        </control>

                        <control type="group">
                            <posx>205</posx>
                            <posy>5</posy>
                            <control type="image">
                                <posx>0</posx>
                                <posy>0</posy>
                                <width>765</width>
                                <height>80</height>
                                <texture>script-hdhomerun-view-white_square.png</texture>
                                <colordiffuse>FF404040</colordiffuse>
                                <aspectratio>stretch</aspectratio>
                            </control>
                            <control type="image">
                                <visible>Control.HasFocus(201)</visible>
                                <posx>0</posx>
                                <posy>0</posy>
                                <width>765</width>
                                <height>80</height>
                                <texture>script-hdhomerun-view-white_square.png</texture>
                                <colordiffuse>FF006000</colordiffuse>
                                <aspectratio>stretch</aspectratio>
                            </control>
                            <control type="label">
                                <posx>10</posx>
                                <posy>5</posy>
                                <width>745</width>
                                <height>30</height>
                                <font>font10</font>
                                <align>left</align>
                                <aligny>center</aligny>
                                <textcolor>FFFFFFFF</textcolor>
                                <label>[B]$INFO[ListItem.Property(series.title)][/B]</label>
                            </control>
                            <control type="label">
                                <posx>10</posx>
                                <posy>45</posy>
                                <width>745</width>
                                <height>30</height>
                                <font>font10</font>
                                <align>left</align>
                                <aligny>center</aligny>
                                <textcolor>FFCCCCCC</textcolor>
                                <label>$INFO[ListItem.Label]</label>
                            </control>
                        </control>

                        <control type="group">
                            <posx>980</posx>
                            <posy>5</posy>
                            <control type="image">
                                <posx>0</posx>
                                <posy>0</posy>
                                <width>260</width>
                                <height>80</height>
                                <texture>script-hdhomerun-view-white_square.png</texture>
                                <colordiffuse>FF404040</colordiffuse>
                                <aspectratio>stretch</aspectratio>
                            </control>
                            <control type="image">
                                <visible>Control.HasFocus(201)</visible>
                                <posx>0</posx>
                                <posy>0</posy>
                                <width>260</width>
                                <height>80</height>
                                <texture>script-hdhomerun-view-white_square.png</texture>
                                <colordiffuse>FF006000</colordiffuse>
                                <aspectratio>stretch</aspectratio>
                            </control>
                            <control type="label">
                                <posx>10</posx>
                                <posy>5</posy>
                                <width>240</width>
                                <height>30</height>
                                <font>font10</font>
                                <align>left</align>
                                <aligny>center</aligny>
                                <textcolor>FFFFFFFF</textcolor>
                                <label>[B]$INFO[ListItem.Property(episode.number)][/B]</label>
                            </control>
                        </control>

                        <control type="group">
                            <posx>1250</posx>
                            <posy>5</posy>
                            <control type="image">
                                <posx>0</posx>
                                <posy>0</posy>
                                <width>200</width>
                                <height>80</height>
                                <texture>script-hdhomerun-view-white_square.png</texture>
                                <colordiffuse>FF404040</colordiffuse>
                                <aspectratio>stretch</aspectratio>
                            </control>
                            <control type="image">
                                <visible>Control.HasFocus(201)</visible>
                                <posx>0</posx>
                                <posy>0</posy>
                                <width>200</width>
                                <height>80</height>
                                <texture>script-hdhomerun-view-white_square.png</texture>
                                <colordiffuse>FF006000</colordiffuse>
                                <aspectratio>stretch</aspectratio>
                            </control>
                            <control type="label">
                                <posx>10</posx>
                                <posy>5</posy>
                                <width>180</width>
                                <height>30</height>
                                <font>font10</font>
                                <align>left</align>
                                <aligny>center</aligny>
                                <textcolor>FFFFFFFF</textcolor>
                                <label>[B]$INFO[ListItem.Property(air.date)][/B]</label>
                            </control>
                            <control type="label">
                                <posx>10</posx>
                                <posy>45</posy>
                                <width>180</width>
                                <height>30</height>
                                <font>font10</font>
                                <align>left</align>
                                <aligny>center</aligny>
                                <textcolor>FFCCCCCC</textcolor>
                                <label>$INFO[ListItem.Property(air.time)]</label>
                            </control>
                        </control>

                        <control type="group">
                            <posx>1460</posx>
                            <posy>5</posy>
                            <control type="image">
                                <posx>0</posx>
                                <posy>0</posy>
                                <width>200</width>
                                <height>80</height>
                                <texture>script-hdhomerun-view-white_square.png</texture>
                                <colordiffuse>FF404040</colordiffuse>
                                <aspectratio>stretch</aspectratio>
                            </control>
                            <control type="image">
                                <visible>Control.HasFocus(201)</visible>
                                <posx>0</posx>
                                <posy>0</posy>
                                <width>200</width>
                                <height>80</height>
                                <texture>script-hdhomerun-view-white_square.png</texture>
                                <colordiffuse>FF006000</colordiffuse>
                                <aspectratio>stretch</aspectratio>
                            </control>
                            <control type="label">
                                <posx>10</posx>
                                <posy>5</posy>
                                <width>180</width>
                                <height>30</height>
                                <font>font10</font>
                                <align>left</align>
                                <aligny>center</aligny>
                                <textcolor>FFFFFFFF</textcolor>
                                <label>[B]$INFO[ListItem.Property(original.date)][/B]</label>
                            </control>
                            <control type="label">
                                <posx>10</posx>
                                <posy>45</posy>
                                <width>180</width>
                                <height>30</height>
                                <font>font10</font>
                                <align>left</align>
                                <aligny>center</aligny>
                                <textcolor>FFCCCCCC</textcolor>
                                <label>$INFO[ListItem.Property(original.time)]</label>
                            </control>
                        </control>

                    </control>
                </focusedlayout>
            </control>

            <control type="scrollbar" id="251">
                <visible>Container(201).OnScrollPrevious | Container(201).OnScrollNext</visible>
                <animation effect="fade" start="100" end="0" time="200" delay="500">Hidden</animation>
                <posx>1770</posx>
                <posy>90</posy>
                <width>10</width>
                <height>600</height>
                <visible>true</visible>
                <texturesliderbackground colordiffuse="40000000">script-hdhomerun-view-white_square.png</texturesliderbackground>
                <texturesliderbar colordiffuse="40FFFFFF">script-hdhomerun-view-white_square.png</texturesliderbar>
                <texturesliderbarfocus>-</texturesliderbarfocus>
                <textureslidernib>-</textureslidernib>
                <textureslidernibfocus>-</textureslidernibfocus>
                <orientation>vertical</orientation>
                <showonepage>false</showonepage>
                <onup>201</onup>
                <ondown>201</ondown>
                <onleft>201</onleft>
                <onright>201</onright>
            </control>

        </control>

        <control type="group">
            <visible>!IsEmpty(Window(10000).Property(script.hdhomerun.view.busy))</visible>
            <posx>1367</posx>
            <posy>860</posy>

            <control type="image">
                <posx>0</posx>
                <posy>0</posy>
                <width>503</width>
                <height>170</height>
                <texture>script-hdhomerun-view-loading_bg.png</texture>
                <colordiffuse>80FFFFFF</colordiffuse>
                <aspectratio>stretch</aspectratio>
            </control>
            <control type="label">
                <posx>21</posx>
                <posy>44</posy>
                <width>307</width>
                <height>106</height>
                <font>font13</font>
                <align>center</align>
                <aligny>center</aligny>
                <textcolor>FF000000</textcolor>
                <label>[B]$INFO[Window(10000).Property(script.hdhomerun.view.busy)][/B]</label>
            </control>
            <control type="image">
                <posx>354</posx>
                <posy>21</posy>
                <width>128</width>
                <height>128</height>
                <texture>script-hdhomerun-view-loading.gif</texture>
                <colordiffuse>80FFFFFF</colordiffuse>
                <aspectratio>stretch</aspectratio>
            </control>

        </control>

    </controls>
</window>
