<?xml version="1.0" encoding="UTF-8" standalone="yes"?>
<addon id="plugin.video.yts" name="[COLOR FF6AC045]YTS[/COLOR] Viewer" version="1.0.6" provider-name="mancuniancol">
	<requires>
		<import addon="xbmc.python" version="2.12.0"/>
		<import addon="script.module.mctools" optional="false"/>
	</requires>
    <extension point="xbmc.python.pluginsource" library="main.py">
        <provides>video</provides>
	</extension>
	<extension point="xbmc.service" library="service.py" start="login">
	</extension>
	<extension point="xbmc.addon.metadata">
		<summary lang="en">Download HD movies at the smallest size</summary>
		<description lang="en">This Add-on allows to view YTS links be play for Pulsar, XBMCtorrent, KmediaTorrent, Torrenter V2 or YATP with additional local library integration option</description>
		<language></language>
		<platform>all</platform>
		<forum></forum>
		<disclaimer lang="en">It is just for educational purpose[CR]Check if it is illegal in your country to use.</disclaimer>
		<license>GNU GENERAL PUBLIC LICENSE. Version 2, June 1991</license>
	</extension>
</addon>