<?xml version="1.0" encoding="UTF-8" standalone="yes"?>
<addon 
	id="plugin.video.powerunlimited" 
	name="PowerUnlimited Tv" 
	version="1.0.3" 
	provider-name="Skipmode A1">
  <requires>
    <import addon="xbmc.python"                 version="2.1.0"/>
    <import addon="xbmc.addon"                  version="12.0.0"/>
	<import addon="script.module.beautifulsoup" version="3.0.8"/>
	<import addon="plugin.video.youtube" 		version="5.1.7" />
  </requires>
	<extension point="xbmc.python.pluginsource" library="addon.py">
		<provides>video</provides>
	</extension>
  <extension point="xbmc.addon.metadata">
	<platform>all</platform>
	<summary lang="en">Watch videos from PowerUnlimited Tv (dutch)</summary>
	<description lang="en">Watch videos from PowerUnlimited Tv (dutch)</description>
	<disclaimer lang="en">For bugs, requests or general questions visit the PowerUnlimited Tv thread on the XBMC forum.</disclaimer>
	<summary lang="nl">Bekijk videos van PowerUnlimited Tv (dutch)</summary>
	<description lang="nl">Bekijk videos van PowerUnlimited Tv (dutch)</description>
	<disclaimer lang="nl">Bugs of andere feedback op deze plugin kan geplaatst worden in de PowerUnlimited Tv thread op het XBMC forum.</disclaimer>
    <language>nl</language>
    <platform>all</platform>
    <license>GNU GENERAL PUBLIC LICENSE. Version 3, June 2007</license>
    <forum>http://forum.xbmc.org/showthread.php?tid=203211</forum>
    <website>http://www.pu.nl/</website>
    <email></email>
    <source></source>
  </extension>
</addon>