<?xml version="1.0" encoding="UTF-8" standalone="yes"?>
<addon id="plugin.video.mediacorp"
       name="Mediacorp Singapore"
       version="1.5.2"
       provider-name="t1m">
  <requires>
    <import addon="xbmc.python" version="2.1.0"/>
  </requires>
  <extension point="xbmc.python.pluginsource"
            library="default.py">
        <provides>video</provides>
  </extension>
  <extension point="xbmc.addon.metadata">
    <summary lang="en">Mediacorp Singapore</summary>
    <description lang="en">Mediacorp Singapore - Toggle.sg version. To display Chinese correctly, choose Arial Font under Settings-Appearance-Skin-Font</description>
    <disclaimer lang="en">Feel free to use this script. For information visit the wiki.</disclaimer>
    <platform>all</platform>
    <language>en</language>
    <license>GNU GENERAL PUBLIC LICENSE. Version 2, June 1991</license>
    <forum>http://forum.xbmc.org/showthread.php?tid=173754</forum>
    <website>www.toggle.sg</website>
    <email></email>
    <source>https://github.com/learningit/plugin.video.mediacorp</source>
  </extension>
</addon>
