<?xml version="1.0" encoding="UTF-8"?>
<addon id="plugin.video.onedrive" version="0.4.0" name="onedrive" provider-name="ddurdle">
    <requires>
        <import addon="xbmc.python" version="2.1.0"/>
    </requires>
    <extension point="xbmc.python.pluginsource" library="default.py">
        <provides>video image audio</provides>
    </extension>
    <extension point="xbmc.addon.metadata">
        <summary>Plays video and music from your OneDrive service</summary>
        <description>Plays video and music from your OneDrive service. This addon is not affiliated with Microsoft</description>
        <platform>all</platform>
    </extension>
</addon>

