<?xml version="1.0" encoding="UTF-8" standalone="yes"?>
<addon id="plugin.video.espn_3"
       name="ESPN 3"
       version="1.2.4"
       provider-name="BlueCop,Romans I XVI,locomot1f,MetalChris">
    <requires>
        <import addon="xbmc.python"                   version="2.1.0"/>
	   <import addon="script.module.beautifulsoup4"  version="4.3.2"/>
    </requires>
    <extension point="xbmc.python.pluginsource" library="addon.py">
        <provides>video</provides>
    </extension>
    <extension point="xbmc.addon.metadata">
	<language />
        <platform>all</platform>
        <license>GNU GENERAL PUBLIC LICENSE. Version 3, 29 June 2007</license>
        <summary lang="en">ESPN 3</summary>
        <description lang="en">Watch full live streaming sporting events and replays on ESPN 3, including football, baseball, cricket, soccer, and basketball events.</description>
	<forum>http://forum.kodi.tv/showthread.php?tid=230418</forum>
	<source>https://github.com/locomot1f/plugin.video.espn_3.git</source>
	<email>bgunteriv@gmail.com</email>
    </extension>
</addon>
