<?xml version="1.0" encoding="UTF-8" standalone="yes"?>

<addon id="plugin.video.cessfull"
    name="Cessfull"
    version="1.0.0"
    provider-name="Team Cessfull">
    <requires>
        <import addon="xbmc.python" version="2.14.0" />
        <import addon="script.module.requests" version="1.1.0" />
    </requires>
    <extension point="xbmc.python.pluginsource" library="addon.py">
        <provides>video</provides>
    </extension>
    <extension point="xbmc.addon.metadata">
        <platform>all</platform>
        <summary>Cessfull</summary>
        <description lang="fr">Cessfull est un service de seedbox vous permettant de télécharger la totalité de vos fichiers torrents de manière totalement anonymes et sécurisés. Notre service étant basé sur le Cloud, toutes vos données sont accessibles où vous le voulez, quand vous le souhaitez !</description>
        <description lang="en">Cessfull is a seedbox service that allows you to download all your torrents files so completely anonymous and secure. Our service is cloud-based, all your data is available where you want, when you want !</description>
        <website>https://www.cessfull.com</website>
        <license>GNU GENERAL PUBLIC LICENSE Version 3, 29 June 2007</license>
        <source>https://www.cessfull.com/static/plugins/plugin.video.cessfull.zip</source>
        <email>support@cessfull.zendesk.com</email>
    </extension>
    <language>en fr</language>

</addon>
