<?xml version="1.0" encoding="UTF-8"?>
<addon
  id="plugin.image.xzen"
  version="0.1.0"
  name="XZen">
  <requires>
    <import addon="xbmc.python" version="2.1.0"/>
  </requires>
  <extension point="xbmc.python.pluginsource" library="default.py">
    <provides>image</provides>
  </extension>
 <extension point="xbmc.addon.metadata">
    <summary lang="en">Zenfolio Browser for XBMC</summary>
    <description lang="en">Browse the public Zenfolio galleries, and view your Zenfolio photo portfolios in XBMC</description>
    <disclaimer lang="en"></disclaimer>
    <platform>all</platform>
    <language></language>
    <license>GNU GENERAL PUBLIC LICENSE. Version 2, June 1991</license>
    <forum>http://forum.xbmc.org/showthread.php?tid=153178</forum>
    <website>http://wiki.xbmc.org/index.php?title=Add-on:XZen</website>
    <email></email>
    <source>https://github.com/bossanova808/plugin.image.xzen</source>
  </extension>
</addon>
