<?xml version="1.0" encoding="UTF-8" standalone="yes"?>
<addon id="plugin.video.zattoobox"
       version="1.0.0"
       name="Zattoo Box"
       provider-name="Pascal Nançoz">
  <requires>
    <import addon="xbmc.python" version="2.14.0"/>
    <import addon="xbmc.addon" version="13.0.0" />
  </requires>
  <extension point="xbmc.python.pluginsource" library="plugin.py">
    <provides>video</provides>
  </extension>
  <extension point="xbmc.addon.metadata">
    <summary lang="en">Play Live TV and recorded programs from a Zattoo account.</summary>
    <description lang="en">Play Live TV and recorded programs from a Zattoo account.
- Watch live TV from any available channel
- Favorites filter for convenient access
- Recordings available for instant watching
- Quick setup</description>
    <platform>all</platform>
    <language></language>
    <license>BSD 2-Clause</license>
    <forum>https://github.com/nancpasc/ZattooBox/wiki/ZattooBox-Wiki</forum>
    <website>https://github.com/nancpasc/ZattooBox/wiki/ZattooBox-Wiki</website>
    <source>https://github.com/nancpasc/ZattooBox.git</source>
    <email>nancpasc@gmail.com</email>
    <disclaimer lang="en">Check http://www.zattoo.com for availability in your country.</disclaimer>
  </extension>
</addon>
