<?xml version="1.0" encoding="UTF-8"?>
<addon
    id="plugin.video.jupiterbroadcasting"
    name="Jupiter Broadcasting"
    version="3.2.1"
    provider-name="Rob Loach">
    <requires>
        <import addon="xbmc.python" version="2.1.0" />
        <import addon="script.module.beautifulsoup" version="3.0.8" />
    </requires>
    <extension point="xbmc.python.pluginsource" library="default.py">
        <provides>video</provides>
    </extension>
    <extension point="xbmc.addon.metadata">
        <summary lang="en">Jupiter Broadcasting video addon</summary>
        <description lang="en">Watch shows from the Jupiter Broadcasting Network including the Linux Action Show, TechSNAP, FauxShow, Coder Radio, Women's Tech Radio and more.</description>
        <disclaimer lang="en">For more information, visit JupiterBroadcasting.com.</disclaimer>
        <license>GNU GENERAL PUBLIC LICENSE. Version 2, June 1991</license>
        <website>http://jupiterbroadcasting.com</website>
        <source>http://github.com/robloach/plugin.video.jupiterbroadcasting</source>
        <platform>all</platform>
        <language>en</language>
    </extension>
</addon>
