<?xml version="1.0" encoding="UTF-8"?>
<addon id="plugin.video.gaffa.tv" version="1.0.1" name="Gaffa.tv" provider-name="twinther">
    <requires>
        <import addon="xbmc.python" version="2.1.0"/>
    </requires>
    <extension point="xbmc.python.pluginsource" library="addon.py">
        <provides>video</provides>
    </extension>
    <extension point="xbmc.addon.metadata">
        <summary lang="en">Gaffa.tv</summary>
        <description lang="en">Gaffa.tv is music-tv when you want it. On Gaffa.tv you will find reports and interviews made by GAFFAs journalists mixed with portraits, musicvideos and entertaining clips.[CR][CR]If you have comments or suggestions for this addon, please feel free to participate in the debate on my blog at http://tommy.winther.nu</description>
        <summary lang="da">Gaffa.tv</summary>
        <description lang="da">Gaffa.tv er musik-tv, når du vil ha' det. På Gaffa.tv vil man blandt andet kunne se reportager og interviews lavet af GAFFAs journalister i ind- og udland blandet med portrætter, musikvideoer og underholdende indslag.[CR][CR]Har du kommentarer, ris eller ros til denne addon er du velkommen til at deltage i debatten på min blog på http://tommy.winther.nu</description>
        <license>GPL 2.0</license>
        <platform>all</platform>
        <email>tommy@winther.nu</email>
    </extension>
</addon>
