<?xml version="1.0" encoding="UTF-8" standalone="yes"?>
<addon id="plugin.video.realtimetvitalia" name="Real Time TV Italia" version="1.0.4" provider-name="Goph">
  <requires>
	<import addon="xbmc.python" version="2.1.0"/>
	<import addon="xbmc.addon" version="12.0.0"/>
	<import addon="script.common.plugin.cache" version="0.9.1"/>
    <import addon="script.module.pyamf" version="0.6.1"/>
	<import addon="script.module.beautifulsoup" version="3.0.8"/>
	<import addon="script.module.simple.downloader" version="0.9.4"/>
  </requires>
  <extension point="xbmc.python.pluginsource" library="default.py">
    <provides>video</provides>
  </extension>
  <extension point="xbmc.addon.metadata">
	<platform>all</platform>
  	<language>it</language>
    <summary lang="it">Guarda i video da www.realtime.it</summary>
	<summary lang="en">Watch videos from www.realtime.it</summary>
    <description lang="it">Visualizza i programmi e gli episodi completi dal sito www.realtime.it</description>
	<description lang="en">Watch the shows and the complete episodes from the website www.realtime.it</description>
	<forum>http://forum.xbmc.org/showthread.php?tid=196642</forum>
    <website>https://github.com/xbmc-goph/plugin.video.realtimetvitalia</website>
    <email></email>
    <source>https://github.com/xbmc-goph/plugin.video.realtimetvitalia</source>
    <license>GNU GENERAL PUBLIC LICENSE. Version 2, June 1991</license>
  </extension>
</addon>
