<?xml version="1.0" encoding="UTF-8" standalone="yes"?>
<addon id="plugin.video.si"
       name="Sports Illustrated"
       version="1.4.5"
       provider-name="t1m">
  <requires>
    <import addon="xbmc.python" version="2.1.0"/>
  </requires>
  <extension point="xbmc.python.pluginsource"
            library="default.py">
        <provides>video</provides>
  </extension>
  <extension point="xbmc.addon.metadata">
    <summary lang="en">Sports Illustrated</summary>
    <description lang="en">Sports Illustrated Online for XBMC. Sport Illustrated is the premier magazine for Sports. SI.com is a 24/7 sports news website delivers more than 150 original stories to users each week.  Coverage includes NFL, MLB, NHL, NBA, College Football, College Basketball, NASCAR, Golf, Boxing, Horse Racing, Soccer and Tennis.  SI Now provides new, in-depth interviews and commentary on sports events globally. The Swim Daily provides videos and interviews with the famous SI Swimsuit Issue Models.</description>
    <disclaimer lang="en">Feel free to use this script. For information visit the wiki.</disclaimer>
    <platform>all</platform>
    <language>en</language>
    <license>GNU GENERAL PUBLIC LICENSE. Version 2, June 1991</license>
    <forum>http://forum.xbmc.org/showthread.php?tid=179781</forum>
    <website>http://www.si.com</website>
    <email></email>
    <source>https://github.com/learningit/plugin.video.si</source>
  </extension>
</addon>
