<?xml version="1.0" encoding="UTF-8"?>
<addon id="plugin.video.hotddl" version="0.0.9" name="HotDDL" provider-name="@MrEntertainRepo">
    <requires>
        <import addon="xbmc.python" version="2.1.0"/>
        <import addon="script.module.t0mm0.common" version="2.1.1"/>
        <import addon="script.module.urlresolver"  version="2.0.9"/>
        <import addon="script.module.simplejson" version="3.3.0"/>
    </requires>
    <extension point="xbmc.python.pluginsource" library="default.py">
        <provides>video</provides>
    </extension>
    <extension point="xbmc.addon.metadata">
        <summary>HotDDL for all scene releases lovers free on demand streaming HD </summary>
        <description>Play a wide selection of scene release movies and Tv shows from HotDDL in 1080p 720p HD SD just like oneclickwatch</description>
        <platform>all</platform>
	 <forum>http://entertainmentrepo.com/</forum>
	 <website>http://entertainmentrepo.com/</website>
        <disclaimer lang="en">All the movies and tv shows on this website are hosted on the third party sites and uploaded by other people. We are not responsible for any content that hosted on on the third-party sites. If you have any legal issues please contact appropriate video owners hosters.</disclaimer>
    </extension>
</addon>
