<?xml version="1.0" encoding="UTF-8" standalone="yes"?>
<addon id="plugin.audio.deejayIt.reloaded" name="DeeJay reloaded" version="1.6.0" provider-name="Filippo Carra">
    <requires>
        <import addon="xbmc.python" version="2.1.0"/>
        <import addon="script.module.beautifulsoup" version="3.2.1"/>
    </requires>
    <extension point="xbmc.python.pluginsource" library="default.py">
        <provides>audio</provides>
    </extension>
    <extension point="xbmc.addon.metadata">
        <summary lang="en">Deejay RELOADED</summary>
        <description lang="en">Access Radio Deejay's reloaded shows from Kodi. Radio DeeJay is an Italian radio station. It was founded on 1 February 1982 by the Italian radio and television personality Claudio Cecchetto and was acquired by the Gruppo Editoriale L'Espresso in 1989 (which also owns DeeJay TV, Repubblica Radio TV, m2o and Radio Capital).
        </description>
        <disclaimer lang="en">Unofficial, I'm just a fan.</disclaimer>
        <summary lang="it">Deejay RELOADED</summary>
        <description lang="it">Da Deejay Chiama Italia a Tropical Pizza, da Asganaway al Deejay Time, i programmi di Radio Deejay da riascoltare quando e dove vuoi.
        </description>
        <disclaimer lang="it">Non ufficiale, sono solo un fan.</disclaimer>
        <language>it</language>
        <platform>all</platform>
        <license>GPL v2</license>
        <forum></forum>
        <website>https://github.com/karrukola/plugin.audio.deejayIt.reloaded</website>
        <email>Filippo dot Carra at gMail dot com</email>
        <source>https://github.com/karrukola/plugin.audio.deejayIt.reloaded.git</source>
    </extension>
</addon>
