<?xml version="1.0" encoding="UTF-8" standalone="yes"?>
<addon id="plugin.video.pftvso"
	name="ProjectFreeTV.so"
	version="0.3.4"
	provider-name="natko1412">
  <requires>
    <import addon="xbmc.python" version="2.1.0"/>
    <import addon="script.module.beautifulsoup" version="3.2.1"/>
    <import addon="script.module.urlresolver" version="2.5.0" />
    <import addon="script.module.metahandler" />
    <import addon="script.module.simple.downloader" version="1.9.5"/>

    <import addon="script.module.axel.downloader" version="0.2.0" optional="true"/>

    
    
  </requires>
  <extension point="xbmc.python.pluginsource" library="default.py">
    <provides>video</provides>
  </extension>
  <extension point="xbmc.addon.metadata">
    <summary>Watch movies and TV Shows available at projectfreetv.so</summary>
        <description>Watch movies and TV Shows available at projectfreetv.so</description>
    
    <platform>all</platform>
    <forum>forums.tvaddons.ag</forum>
    
  </extension>
</addon>
