<?xml version="1.0" encoding="UTF-8"?>
<addon id="plugin.audio.rdio" version="1.14.1" name="Rdio" provider-name="Charles Blaxland">
  <requires>
    <import addon="xbmc.python" version="2.1.0"/>
    <import addon="script.module.oauth2" version="1.5.211"/>
    <import addon="script.module.pyamf" version="0.6.2"/>
    <import addon="script.module.parsedom" version="0.9.2"/>
    <import addon="script.module.t0mm0.common" version="1.1.0"/>
  </requires>
  <extension point="xbmc.python.pluginsource" library="rdioplugin.py">
    <provides>audio</provides>
  </extension>
  <extension point="xbmc.addon.metadata">
    <summary lang="en">Play music from Rdio through Kodi</summary>
    <description lang="en">
      Rdio is a subscription music service which allows you to manage your music collection and playlists, play and download them to various devices and discover new music through your friends and followers. This addon allows you to play music from Rdio through Kodi.
    </description>
    <platform>all</platform>
    <language></language>
    <license>GNU GENERAL PUBLIC LICENSE. Version 3, 29 June 2007</license>
    <forum>http://forum.kodi.tv/showthread.php?tid=133714</forum>
    <website>https://github.com/ampedandwired/rdio-xbmc/wiki</website>
    <source>https://github.com/ampedandwired/rdio-xbmc</source>
    <email></email>
    <disclaimer lang="en">Requires setup of an Rdio API key (free and fairly easy to do). See instructions at http://bit.ly/rdioxbmc)</disclaimer>
  </extension>
</addon>
