<?xml version="1.0" encoding="UTF-8" standalone="yes"?>
<addon id="script.pulsar.yify-platbr" name="platbr's Pulsar Yify Provider" version="0.0.4" provider-name="platbr">
	<requires>
		<import addon="xbmc.python" version="2.12.0"/>
        <import addon="plugin.video.pulsar" version="0.2"/>
	</requires>
	<extension point="xbmc.python.script" library="main.py">
		<provides>executable</provides>
	</extension>
	<extension point="xbmc.addon.metadata">
		<summary lang="en">platbr's Pulsar Yify Provider</summary>
		<language></language>
		<platform>all</platform>
		<broken>deprecated (please update provider to API V2)</broken>
	</extension>
</addon>
