<?xml version="1.0" encoding="UTF-8" standalone="yes"?>
<addon id="plugin.video.cbsn"
       name="CBSN News"
       version="2.0.3"
       provider-name="t1m">
  <requires>
    <import addon="xbmc.python" version="2.1.0"/>
    <import addon="script.module.t1mlib" version="1.0.6"/>
  </requires>
  <extension point="xbmc.python.pluginsource"
            library="default.py">
        <provides>video</provides>
  </extension>
  <extension point="xbmc.addon.metadata">
    <summary lang="en">CBSN News Live</summary>
    <description lang="en">CBSN News Live. CBSN News video feed with upto 1080 resolution.</description>
    <disclaimer lang="en">Feel free to use this script. For information visit the wiki.</disclaimer>
    <platform>all</platform>
    <language>en</language>
    <license>GNU GENERAL PUBLIC LICENSE. Version 2, June 1991</license>
    <forum>http://forum.kodi.tv/showthread.php?tid=216234</forum>
    <website>www.cbsn.com</website>
    <email></email>
    <source>https://github.com/learningit/repository.t1m.v2.addons/tree/master/src/plugin.video.t1m.cbsn</source>
  </extension>
</addon>
