<?xml version="1.0" encoding="UTF-8" standalone="yes"?>
<addon id="plugin.video.tcm"
       name="TCM"
       version="2.0.4"
       provider-name="t1m">
  <requires>
    <import addon="xbmc.python" version="2.1.0"/>
    <import addon="script.module.t1mlib" version="1.0.1"/>
  </requires>
  <extension point="xbmc.python.pluginsource"
            library="default.py">
        <provides>video</provides>
  </extension>
  <extension point="xbmc.addon.metadata">
    <summary lang="en">TCM Video On-Demand</summary>
    <description lang="en">TCM Video On-Demand</description>
    <disclaimer lang="en">Feel free to use this script. For information visit the wiki.</disclaimer>
    <platform>all</platform>
    <language>en</language>
    <license>GNU GENERAL PUBLIC LICENSE. Version 2, June 1991</license>
    <forum>http://forum.kodi.tv/showthread.php?tid=239765</forum>
    <website>www.tcm.com</website>
    <email></email>
    <source>https://github.com/learningit/repository.t1m.v2.addons/tree/master/src/plugin.video.t1m.tcm</source>
    <broken>This Addon is broken and no longer functions</broken>
  </extension>
</addon>
