<?xml version="1.0" encoding="UTF-8" standalone="yes"?>
<addon id="plugin.video.golem.de" name="Golem.de" version="2.0.3" provider-name="bromix">
	<requires>
		<import addon="xbmc.python" version="2.14.0"/>
	</requires>
	<extension point="xbmc.python.pluginsource" library="addon.py">
		<provides>video</provides>
	</extension>
	<extension point="xbmc.addon.metadata">
		<summary lang="en">Plugin for Golem.de</summary>
        <description lang="en">Watch videos from Golem.de - IT news for professionals.</description>
		<summary lang="de">Plugin für Golem.de</summary>
        <description lang="de">Schaue Videos von Golem.de - IT-News für Profis.</description>
        <disclaimer lang="en"></disclaimer>
		<language></language>
		<platform>all</platform>
		<license>GNU General Public License v2.0</license>
		<forum>http://forum.kodi.tv/showthread.php?tid=233961</forum>
		<website>www.golem.de/</website>
		<email>kodi at bromix.org</email>
		<source>https://github.com/bromix/plugin.video.golem.de</source>
	</extension>
</addon>
