<?xml version="1.0" encoding="UTF-8"?>
<addon id="plugin.video.greenpeace" name="Greenpeace videos" version="1.1.7" provider-name="Jose Antonio Montes (jamontes)">
    <requires>
        <import addon="xbmc.python" version="2.1.0"/>
        <import addon="plugin.video.youtube" version="3.4.4"/>
    </requires>
    <extension point="xbmc.python.pluginsource" library="default.py">
        <provides>video</provides>
    </extension>
    <extension point="xbmc.addon.metadata">
        <summary lang="ca">Vídeos de Greenpeace.</summary>
        <summary lang="de">Greenpeace Videos.</summary>
        <summary lang="el">Βίντεο της Greenpeace.</summary>
        <summary lang="en">Greenpeace Videos.</summary>
        <summary lang="en_NZ">Greenpeace Videos.</summary>
        <summary lang="es">Greenpeace Vídeos.</summary>
        <summary lang="fr">Vidéos de Greenpeace.</summary>
        <summary lang="fr_CA">Vidéos de Greenpeace.</summary>
        <summary lang="gl">Vídeo de Greenpeace</summary>
        <summary lang="he">סרטוני גרינפיס.</summary>
        <summary lang="hr">Greenpeace video snimke.</summary>
        <summary lang="hu">Greenpeace Videók.</summary>
        <summary lang="it">Video su Greenpeace</summary>
        <summary lang="lt">Grennpeace vaizdo įrašai</summary>
        <summary lang="nl">Greanpeace video`s.</summary>
        <summary lang="pl">Wideo Greenpeace</summary>
        <summary lang="pt">Vídeos da Greenpeace.</summary>
        <summary lang="pt_BR">Greenpeace Vídeos.</summary>
        <summary lang="sv">Greenpeace Videor.</summary>
        <summary lang="zh">绿色和平组织视频。</summary>
        <description lang="ca">Greenpeace és una organització independent de manifestacions global que actua des de 1971 per canviar les actituds i el comportament, per protegir i conservar el medi ambient i promoure la pau sense violència. Per mantenir la seva independència, Greenpeace no accepta donacions de governs o corporacions, però confia les contribucions dels partidaris individuals i subvencions de fundacions.[CR]Aquest complement permet veure els vídeos de Greenpeace disponibles en línia a través dels seus llocs web de tot el món.</description>
        <description lang="de">Greenpeace ist eine internationale Umweltorganisation, die seit 1971 mit gewaltfreien Aktionen für den Schutz der Lebensgrundlagen kämpft. Unser Ziel ist es, Umweltzerstörung zu verhindern, Verhaltensweisen zu ändern und Lösungen durchzusetzen. Greenpeace ist überparteilich und völlig unabhängig von Politik, Parteien und Industrie. Mehr als eine halbe Million Menschen in Deutschland spenden an Greenpeace und gewährleisten damit unsere tägliche Arbeit zum Schutz der Umwelt.[CR] Diese Erweiterung erlaubt es dir, die bereitgestellten Videos von Greenpeace zu sehen. </description>
        <description lang="el">Η Greenpeace είναι μια διεθνής μη κερδοσκοπική οργάνωση, που με τη δράση της από το 1971 αναδεικνύει τα σημαντικότερα περιβαλλοντικά προβλήματα και προωθεί αποτελεσματικές λύσεις για ένα πράσινο και ειρηνικό μέλλον. Για να διατηρήσει την ανεξαρτησία της, η Greenpeace δε δέχεται δωρεές από κυβερνήσεις ή επιχειρήσεις, αλλά στηρίζεται στις συνδρομές ιδιωτών και ιδρυμάτων.[CR]Αυτό το πρόσθετο σας επιτρέπει να παρακολουθήσετε βίντεο της Greenpeace που είναι διαθέσιμα διαδικτυακά μέσω των των ιστοσελίδων τους ανά τον κόσμο.</description>
        <description lang="en">Greenpeace is an independent global campaigning organisation that acts since 1971 to change attitudes and behaviour, to protect and conserve the environment and to promote the peace in a non-violent manner. To maintain its independence, Greenpeace does not accept donations from governments or corporations but relies on contributions from individual supporters and foundation grants.[CR]This add-on allows to watch the Greenpeace videos available online through their websites around the world.</description>
        <description lang="en_NZ">Greenpeace is an independent global campaigning organisation that acts since 1971 to change attitudes and behaviour, to protect and conserve the environment and to promote the peace in a non-violent manner. To maintain its independence, Greenpeace does not accept donations from governments or corporations but relies on contributions from individual supporters and foundation grants.[CR]This add-on allows to watch the Greenpeace videos available online through their websites around the world.</description>
        <description lang="es">Greenpeace es una organización independiente global, que actúa desde 1971 para cambiar actitudes y comportamientos, proteger y conservar el medio ambiente, y promover la paz, de forma no violenta. Para mantener su independencia, Greenpeace no acepta donaciones de gobiernos, empresas, ni partidos políticos, sino que depende de las aportaciones de sus socios.[CR]Este add-on permite ver los vídeos online de Greenpeace, disponibles en sus sitios web alrededor del mundo.</description>
        <description lang="fr">Greenpeace est une organisation de campagnes mondiales indépendante qui agit depuis 1971 pour changer les attitudes et les comportements, pour protéger et préserver l'environnement et pour promouvoir la paix d'une manière non violente. Pour maintenir son indépendance, Greenpeace n'accepte pas les dons de gouvernements ou de sociétés, mais s'appuie sur les contributions de donateurs individuels et des subventions provenant de fondations. [CR]Cet addiciel permet de regarder les vidéos disponibles en ligne de Greenpeace à partir de leurs sites Web à travers le monde.</description>
        <description lang="fr_CA">Greenpeace est une organisation de campagnes mondiales indépendante qui agit depuis 1971 pour changer les attitudes et les comportements, pour protéger et préserver l'environnement et pour promouvoir la paix d'une manière non violente. Pour maintenir son indépendance, Greenpeace n'accepte pas les dons de gouvernements ou de sociétés, mais s'appuie sur les contributions de donateurs individuels et des subventions provenant de fondations. [CR]Cet addiciel permet de regarder les vidéos disponibles en ligne de Greenpeace à partir de leurs sites Web à travers le monde.</description>
        <description lang="gl">Greenpeace é unha organización independente de carácter global que actúa dende 1971 para mudar actitudes e comportamentos que axuden a conservar e protexer o medio ambiente, así como promover a paz e a non violencia. Para manter esta independencia, Greenpeace non acepta doazóns de governos ou corporacións,  só acepta as que teñen orixes individuais e bolsas de fundacións.[CR]Este complemento permítelle ver os vídeos dispoñíbeis na súa páxina web.</description>
        <description lang="he">גרינפיס הוא ארגון קמפיין פוליטי גלובלי הפועל החל מ-1971 לשינוי גישה והתנהגות, להגן ולשמר על איכות הסביבה ולקדם את השלום באופן לא אלים. לשם שמירה על עצמאות הארגון, גרינפיס אינו מקבל תרומות מממשלות או תאגידים אלא נסמך על תרומות מתומכים פרטיים ומענקים מעמותות.[CR]הרחבה זו מאפשרת לצפות בסרטוני גרינפיס הזמינים באופן מקוון באתרי הארגון ברחבי העולם.</description>
        <description lang="hr">Greenpeace je nezavisna globalna organizacija koja djeluje od 1971 god. u svrhu promjene stavova i ponašanja, da bi zaštitili i sačuvali okoliš i promicali mir nenasilnim putem. Da bi održao svoju nezavisnost, Greenpeace ne prima donacije od vlada država ili korporacija ali se oslanja na podršku od pojedinačnih doprinositelja i dotacija od raznih fundacija.[CR]Ovaj dodatak omogućuje vam gledanje Greenpeace video snimaka dostupnih na Internetu preko njihovih web stranica diljem svijeta.</description>
        <description lang="hu">A Greenpeace egy független globális szervezet amely 1971 óta működik hogy megváltoztassa szokásokat és a hozzáállást, hogy védje és megőrizze a környezetet és hogy terjessze a békét nem erőszakos úton. Hogy fenntartsa a függetlenségét a Greenpeace nem fogad el adományokat kormányzatoktól és vállalatoktól, hanem független adományozókra, és alapítványi felajánlásokra támaszkodik.[CR]Ez a Kiegészítő lehetővé teszi a Greenpeace weboldalain világszerte közzétett online videók elérését.</description>
        <description lang="it">Greenpeace è una organizzazione indipendente che organizza campagnie mondiali, attivata sin dal 1971 per cambiare attitudini e comportamenti, per proteggere e conservare l'ambiente e per promuovere la pace in modi non violenti. Per mantenere la sua indipendenza, Greenpeace non accetta donazioni da governi o aziende, invece si affida e contrinuzioni da privatei e sovvenzioni dalla fondazione.[CR]Questo addon permette di guardare i video su Greenpeace disponibili online nei loro vari siti web nel mondo.</description>
        <description lang="lt">Greenpeace yra nepriklausoma tarptautinė organizacija, kuri veikia nuo 1971 metų, kad pakeistų požiūrį ir elgseną, tam kad apsaugoti ir tausoti aplinką ir skatinti taiką nesmurtiniu būdu. Tam kad išlaikytų nepriklausomybę, Greenpeace nepriima aukų vyriausybių ir korporacijų, o pasikliauna individualių rėmėjų indėliu ir fondų dotacijomis.[CR]Šis prieda leidžia peržiūrėti Grennpeace vaizdo įrašus, esančius jų tinklapyje.</description>
        <description lang="nl">Greenpeace is en onafhankelijke globale actieorganisatie die actief is sinds 1971 om houdingen en gedrag te veranderen, te beschermen en het behouden van het milieu en promoten van vrede op een niet-agressieve manier. Om zijn onafhankelijk te behouden accepteert Greenpeace geen donaties van overheden en corporaties maar vertrouwt op contributies van induviduele supporters en stichtingsgaranties.[CR]Deze add-on geeft de mogelijkheid om de Greenpeace video`s te bekijken die online beschikbaar zijn op hun website`s over de hele wereld.</description>
        <description lang="pl">Greenpeace to międzynarodowa organizacja pozarządowa założona w roku 1971 działająca na rzecz ochrony środowiska naturalnego. Organizacja koncentruje swoje działania na najbardziej istotnych, globalnych zagrożeniach dla bioróżnorodności i środowiska oraz promowaniu pokoju w sposób bez przemocy. Greenpeace nie przyjmuje pieniędzy od firm i rządów, co ma gwarantować jej niezależność.[CR]Dodatek pozwala na oglądanie filmów Greenpeace dostępnych w Internecie za pośrednictwem swoich stron internetowych rozsianych na całym świecie.</description>
        <description lang="pt">A Greenpeace é uma organização global independente de activismo que actua, desde 1971, para mudar atitudes e comportamentos de modo a proteger e conservar o ambiente e promover a paz de um modo não violento. Para manter a sua independência, a Greenpeace não aceita doações de governos ou de corporações, contando apenas com as contribuições de apoiantes individuais e bolsas de fundações.[CR]Este add-on permite-lhe ver vídeos da Greenpeace, disponíveis online através dos seus sites em todo o mundo.</description>
        <description lang="pt_BR">Greenpeace é uma organização global independente que atua desde 1971 para mudar atitudes e comportamentos, para proteger e conservar o meio ambiente e promover a paz de uma forma não-violenta. Para manter a sua independência, o Greenpeace não aceita doações de governos ou corporações, mas depende de contribuições de apoiadores individuais e doações de fundações.[CR]Este add-on permite assistir a vídeos on-line do Greenpeace disponíveis através de seus sites na web ao redor do mundo.</description>
        <description lang="sv">Greenpeace är en oberoende global organisation som sedan 1971 verkar för att ändra attityder och beteenden, att skydda och behålla miljön och främja fred med icke-våldsaktioner. För att bibehålla sitt oberoende accepterar inte Greenpeace donationer från regeringar eller företag utan förlitar sig helt på gåvor från individer och stiftelser.[CR]Detta tillägg gör så att du kan se de Greenpeace-videor som finns tillgängliga online på deras webbsidor runtom i världen.</description>
        <description lang="zh">绿色和平组织是全球性环保组织，其1971年以来致力于以实际行动推进积极改变，保护地球环境与世界和平。 为了保持公正性和独立性，绿色和平不接受任何政府、企业或政治团体的资助，只接受市民和独立基金的直接捐款。[CR] 此附加组件允许通过世界各地的视频网站观看绿色和平组织的视频。</description>
        <language>bg cs da de el en es fi fr hi in it iw ja ko nl no pt ro ru sl sv th tr zh</language>
        <platform>all</platform>
        <license>GNU GENERAL PUBLIC LICENSE. Version 3, 29 June 2007</license>
        <forum>http://forum.xbmc.org/showthread.php?tid=167903</forum>
        <website>http://www.greenpeace.org/international/en/</website>
        <source>https://github.com/jamontes/plugin.video.greenpeace</source>
        <mail></mail>
    </extension>
</addon>
