<?xml version="1.0" encoding="UTF-8" standalone="yes"?>
<addon id="plugin.video.IGNentertainment"
	name="IGN"
	version="1.0.8"
	provider-name="tvaddons.ag">
  <requires>
    <import addon="xbmc.python" version="2.1.0"/>
    <import addon="script.module.addon.common" version="2.0.0"/>
    <import addon="plugin.video.youtube" version="5.0.0"/>
  </requires>
  <extension point="xbmc.python.pluginsource" library="default.py">
    <provides>video</provides>
  </extension>
  <extension point="xbmc.addon.metadata">
    <summary lang="en">IGN</summary>
    <description lang="en">The latest game reviews, trailers and walkthroughs from the #1 games media company.</description>
    <platform>all</platform>
    <forum>http://forums.tvaddons.ag/forums/113-TVADDONS-AG-ADDON-REPOSITORY</forum>
    <website>http://www.tvaddons.ag/</website>
  </extension>
</addon>
