﻿<?xml version="1.0" encoding="UTF-8"?>
<addon
  id="pvr.nextpvr"
  version="1.9.21"
  name="NextPVR PVR Client"
  provider-name="Graeme Blackley">
  <requires>
    <c-pluff version="0.1"/>
    <import addon="xbmc.pvr" version="1.9.2"/>
    <import addon="xbmc.gui" version="5.3.0"/>
  </requires>
  <extension
    point="xbmc.pvrclient"
    library_linux="Kodi_NextPVR.pvr"
    library_osx="Kodi_NextPVR.pvr"
    library_freebsd="Kodi_NextPVR.pvr"
    library_wingl="Kodi_NextPVR_win32.dll"
    library_windx="Kodi_NextPVR_win32.dll"
    library_android="libKodi_NextPVR.so"/>
  <extension point="xbmc.addon.metadata">
    <summary lang="af">Kodi voorprogram vir die NextPVR</summary>
    <summary lang="be">Kodi frontend for the NextPVR</summary>
    <summary lang="bg">Kodi клиент за NextPVR</summary>
    <summary lang="ca">Interfície de l'Kodi pel NextPVR</summary>
    <summary lang="cs">Rozhraní Kodi pro NextPVR</summary>
    <summary lang="cy">Blaen Kodi ar gyfer NextPVR</summary>
    <summary lang="da">Kodi frontend til NextPVR</summary>
    <summary lang="de">Kodi Oberfläche für NextPVR</summary>
    <summary lang="el">Frontend του Kodi για το NextPVR</summary>
    <summary lang="en">Kodi frontend for the NextPVR</summary>
    <summary lang="en_AU">Kodi frontend for the NextPVR</summary>
    <summary lang="en_NZ">Kodi frontend for the NextPVR</summary>
    <summary lang="en_US">Kodi frontend for the NextPVR</summary>
    <summary lang="es">Front-end de Kodi para NextPVR</summary>
    <summary lang="es_AR">Front-end de Kodi para NextPVR</summary>
    <summary lang="et">Kodi esi NextPVR'ile</summary>
    <summary lang="fr">Interface logicielle pour l'enregistreur NextPVR</summary>
    <summary lang="fr_CA">Frontal Kodi pour NextPVR</summary>
    <summary lang="gl">Interface de Kodi para NextPVR</summary>
    <summary lang="he">לקוח טלוויזיה חיה עבור NextPVR</summary>
    <summary lang="hr">Kodi sučelje za NextPVR</summary>
    <summary lang="hu">Kodi NextPVR előtér-kiszolgáló</summary>
    <summary lang="id">Frontend Kodi untuk NextPVR</summary>
    <summary lang="is">Kodi framendi fyrir NextPVR</summary>
    <summary lang="it">Frontend Kodi per NextPVR</summary>
    <summary lang="ja">NextPVR 用 Kodi フロントエンド</summary>
    <summary lang="ka">Kodi-ის სამომხმარებლო მხარე NextPVR-თვის</summary>
    <summary lang="ko">NextPVR을 위한 Kodi 프론트엔드</summary>
    <summary lang="lt">Kodi sąsaja dėl/su NextPVR</summary>
    <summary lang="lv">Kodi galasistēma NextPVR</summary>
    <summary lang="mk">Kodi интерфејс за NextPVR</summary>
    <summary lang="ms">Bahagian hadapan Kodi untuk NextPVR</summary>
    <summary lang="my">Kodi ၏ frontend အတွက် NextPVR</summary>
    <summary lang="nl">Kodi frontend voor de NextPVR</summary>
    <summary lang="no">Kodi sitt frontend for NextPVR</summary>
    <summary lang="pl">Klient TV dla NextPVR</summary>
    <summary lang="pt">Frontend Kodi para NextPVR</summary>
    <summary lang="pt_BR">Kodi Frontend para o NextPVR</summary>
    <summary lang="ro">Interfața Kodi pentru NextPVR</summary>
    <summary lang="ru">Интерфейс Kodi для NextPVR</summary>
    <summary lang="sk">Kodi rozhranie pre NextPVR</summary>
    <summary lang="sl">Kodi-jev vmesnik za NextPVR</summary>
    <summary lang="sv">Kodi-frontend för NextPVR</summary>
    <summary lang="tr">NextPVR için Kodi ön ucu</summary>
    <summary lang="uk">Накладка Kodi для NextPVR</summary>
    <summary lang="vi">Giao tiếp Kodi cho NextPVR</summary>
    <summary lang="zh">Kodi 的 NextPVR 前端</summary>
    <summary lang="zh_TW">NextPVR的Kodi前端</summary>
    <description lang="af">NextPVR voorprogram. Ondersteun stroom van Lewendige TV &amp; Opnames, luister na Radio kanale en EPG.</description>
    <description lang="be">NextPVR frontend. Supports streaming of Live TV &amp; Recordings, listening to Radio channels and EPG.</description>
    <description lang="bg">NextPVR клиент. Поддържа стрийминг и записване на телевизия, слушане на радио канали и електронен програмен справочник.</description>
    <description lang="ca">Interfície per el NextPVR. Suporta fluxes de TV en directe i enregistraments,  escolta de canals de ràdio i EPG.</description>
    <description lang="cs">Rozhraní NextPVR. Podporuje proudové vysílání živého vysílání a nahrávek, poslech kanálů rádia a EPG.</description>
    <description lang="cy">Blaen NextPVR. Mae'n cynnal ffrydio Teledu Byw a Recordiadau, gwrando ar sianeli Radio ac Amserlen Rhaglenni.</description>
    <description lang="da">NextPVR frontend; understøtter streaming af TV og Optagelser, Radiokanaler og EPG.</description>
    <description lang="de">NextPVR Oberfläche. Unterstützt Live TV &amp; Aufnahmen, Radioknaäle und EPG.</description>
    <description lang="el">Frontend για το NextPVR. Υποστηρίζει ροές Live TV &amp; Εγγραφές, ακρόαση Ραδιοφώνου και EPG.</description>
    <description lang="en">NextPVR frontend. Supports streaming of Live TV &amp; Recordings, listening to Radio channels and EPG.</description>
    <description lang="en_AU">NextPVR frontend. Supports streaming of Live TV &amp; Recordings, listening to Radio channels and EPG.</description>
    <description lang="en_NZ">NextPVR frontend. Supports streaming of Live TV &amp; Recordings, listening to Radio channels and EPG.</description>
    <description lang="en_US">NextPVR frontend. Supports streaming of Live TV &amp; Recordings, listening to Radio channels and EPG.</description>
    <description lang="es">Front-end de NextPVR. Soporta transmisiones de TV en Vivo y Grabaciones, escuchar canales de Radio y Guía Electrónica de Programas (EPG).</description>
    <description lang="es_AR">Front-end de NextPVR. Soporta transmisiones de TV en Vivo y Grabaciones, escuchar canales de Radio y Guía Electrónica de Programas (GEP).</description>
    <description lang="et">NextPVR esi. Toetab telekanalite striimimist ja salvestamist, raadio kuulamist ja elektroonilist saatekava.</description>
    <description lang="fr">Interface logicielle pour l'enregistreur NextPVR. Supporte la lecture en continu de direct TV et l'enregistrement, l'écoute de radios et les guides de programmes.</description>
    <description lang="fr_CA">Frontal de numériscope pour NextPVR, prenant en charge la lecture en transit des télés en direct  &amp; les enregistrements, l'écoute de chaînes radio, et le GÉP.</description>
    <description lang="gl">Interface de NextPVR. Compatíbel coa transmisión de TV en directo, gravacións, escoita de canles de radio e Guía.</description>
    <description lang="he">לקוח טלוויזיה חיה של NextPVR. תומך בהזרמת שידורים חיים והקלטות, האזנה לרדיו, הצגת לוח שידורים ותזמון הקלטות.</description>
    <description lang="hr">NextPVR sučelje. Podržava stremanje i snimanje TV programa, slušanje radio programa i elektronski programski vodič (EPG).</description>
    <description lang="hu">NextPVR előtér-kiszolgáló. Élő adások, felvételek és rádió csatornák sugárzásának támogatása EPG-vel</description>
    <description lang="id">Frontend NextPVR. Mendukung pengaliran Siaran TV langsung dan perekaman, mendengarkan radio dan EPG.</description>
    <description lang="is">Framendi fyrir NextPVR. Styður straum á Live TV og upptökum, hlustun á útvarpsrásir og rafræna sjónvarpsvísa. (EGP).</description>
    <description lang="it">Frontend NextPVR. Supporta lo streaming di Live TV, le registrazioni, l'ascolto dei canali radio e l'EPG.</description>
    <description lang="ja">NextPVR フロントエンドです。Live TV や録画番組のストリーミング、ラジオチャンネルの視聴、EPG をサポートしています。</description>
    <description lang="ka">NextPVR სამომხმარებლო მხარე მხარს უჭერს Live TV-ის და ჩანაწერებს, რადიოს და EPG.</description>
    <description lang="ko">NextPVR 프론트엔드. 라이브 TV 스트리밍과 녹화, 라디오 청취, EPG를 지원합니다.</description>
    <description lang="lt">NextPVR sąsaja remia transliacijos Live TV &amp; Įrašus, klausytis radijo kanalus per EPG</description>
    <description lang="lv">NextPVR galasistēma. Atbalsta tiešraides TV un ierakstu straumēšanu, radio kanālu klausīšanos un EPG.</description>
    <description lang="mk">NextPVR интерфејс. Подржува стриминг на Live TV и снимања, слушање радио канали и ЕПГ</description>
    <description lang="ms">Bahagian hadapan NextPVR; menyokong penstirman TV Langsung &amp; Rakaman, mendengar saluran Radio dan EPG.</description>
    <description lang="my">NextPVR frontend. Live TV နှင့် Recordings ၊ ရေဒီယိုလှိုင်းများကို နားဆင်ခြင်း ၊ EPG စသည်တို့ကို ထောက်ပံ့ပေးသည်။</description>
    <description lang="nl">NextPVR frontend. Ondersteunt streaming van Live TV &amp; Recordings, het luisteren naar Radio kanalen en EPG.</description>
    <description lang="no">NextPVR frontend. Støtter visning av direkte TV og opptak, lytting til radiokanaler og EPG.</description>
    <description lang="pl">Klient NextPVR wspiera strumieniowanie kanałów radiowych i telewizyjnych, nagrywanie natychmiastowe i wg harmonogramu oraz funkcje przewodnika programów.</description>
    <description lang="pt">Frontend NextPVR. Suporta transmissão de Live TV e Gravações, ouvir estações de Rádio e EPG.</description>
    <description lang="pt_BR">NextPVR Frontend. Suporta streaming de TV ao Vivo e Gravações, ouvir canais de rádio e EPG.</description>
    <description lang="ro">Interfața NextPVR. Suporta streaming Live TV și inregistrari, radio și ghid electronic de programe (EPG)</description>
    <description lang="ru">Интерфейс для NextPVR. Поддерживает просмотр и запись ТВ, прослушивание радио и EPG.</description>
    <description lang="sk">NextPVR rozhranie. Podporuje streamovanie živého televízneho vysielania a nahrávok, počúvanie rozhlasových kanálov a EPG.</description>
    <description lang="sl">Vmesnik za NextPVR; podpira pretakanje televizije v živo &amp; posnetkov, poslušanje radia in EPG.</description>
    <description lang="sv">NextPVR-frontend. Stödjer strömning av direktsänd TV &amp; inspelningar, lyssna på radiokanaler och EPG.</description>
    <description lang="tr">NextPVR ön ucu. Canlı TV akışı ve kayıt yapabilme, radyo kanallarını dinleme ve EPG destekler.</description>
    <description lang="uk">Накладка для NextPVR. Підтримує потокове Live TV &amp; запис, прослуховування радіо каналів і телегід.</description>
    <description lang="vi">Giao tiếp NextPVR. Hỗ trợ truyền phát và thu chương trình Live TV, nghe Radio và hiển thị lịch trình chiếu (EPG).</description>
    <description lang="zh">NextPVR 前端。支持直播电视和录像流媒体、收听电台和电子节目单。</description>
    <description lang="zh_TW">NextPVR前端。支援的串流媒體包括有：直播電視和錄影，收聽廣播頻道和電子節目表。</description>
    <disclaimer lang="af">Hierdie is werk in vordering. Gebruik op jou eie risiko.</disclaimer>
    <disclaimer lang="be">This is a work in progress. Use at your own risk.</disclaimer>
    <disclaimer lang="bg">Разработката на програмата не е завършена. Ползвайте на своя отговорност.</disclaimer>
    <disclaimer lang="ca">Això és un treball en curs. Utilitzeu-lo sota la vostra responsabilitat.</disclaimer>
    <disclaimer lang="cs">Práce na tomto rozhraní stále probíhají. Používejte na vlastní nebezpečí.</disclaimer>
    <disclaimer lang="cy">Mae hwn i gyd ar waith. Ar eich menter eich hun.</disclaimer>
    <disclaimer lang="da">Dette er igangværende arbejde. Brug på eget ansvar.</disclaimer>
    <disclaimer lang="de">Dieses Addon befindet sich noch in der Entwicklung. Benutzung auf eigene Gefahr!</disclaimer>
    <disclaimer lang="el">Έργο υπό ανάπτυξη. Χρησιμοποιήστε το υπ' ευθύνη σας.</disclaimer>
    <disclaimer lang="en">This is a work in progress. Use at your own risk.</disclaimer>
    <disclaimer lang="en_AU">This is a work in progress. Use at your own risk.</disclaimer>
    <disclaimer lang="en_NZ">This is a work in progress. Use at your own risk.</disclaimer>
    <disclaimer lang="en_US">This is a work in progress. Use at your own risk.</disclaimer>
    <disclaimer lang="es">Este es un trabajo en desarrollo. Úsalo bajo tu responsabilidad.</disclaimer>
    <disclaimer lang="es_AR">Este es un trabajo en desarrollo. Usarlo bajo propio riesgo.</disclaimer>
    <disclaimer lang="es_MX">Este es un trabajo en curso. Úsalo bajo tu propio riesgo.</disclaimer>
    <disclaimer lang="et">See on pooleliolev töö. Kasutada omal vastutusel.</disclaimer>
    <disclaimer lang="fr">Logiciel en cours d'élaboration. À utiliser à vos risques et périls.</disclaimer>
    <disclaimer lang="fr_CA">Ceci est un travail en cours. Utilisez à vos propres risques.</disclaimer>
    <disclaimer lang="gl">Aínda está en desenvolvemento. Usar baixo o seu propio risco.</disclaimer>
    <disclaimer lang="he">זוהי הרחבה נסיונית. השימוש באחריות המשתמש בלבד.</disclaimer>
    <disclaimer lang="hr">NextPVR PVR klijent je je još uvijek pod razvojem. Koristite ga na vlastitu odgovornost.</disclaimer>
    <disclaimer lang="hu">Fejlesztés alatt! A saját felelősségére használja!</disclaimer>
    <disclaimer lang="id">Ini adalah proyek yang masih berjalan. Resiko ditanggung sendiri.</disclaimer>
    <disclaimer lang="is">Þetta er í vinnslu. Notist á eigin ábyrgð.</disclaimer>
    <disclaimer lang="it">Questo è un lavoro in corso d'opera. Utilizzalo a tuo rischio e pericolo.</disclaimer>
    <disclaimer lang="ja">これは現在開発中のプログラムです。利用は自己責任でお願いします。</disclaimer>
    <disclaimer lang="ka">ჩადგმა დამუშავების პროცესშია, გამოიყენეთ საკუთარი რისკის ფასად </disclaimer>
    <disclaimer lang="ko">아직 개발 진행중입니다. 부족한 부분이 있을 수 있습니다.</disclaimer>
    <disclaimer lang="lt">Tai yra nestabili programinė įranga! Autorius jokiu būdu neatsakingas už nepavykusius įrašus, neteisingus laikmačius, iššvaistytas valandas, ar nutikus kitiems nepageidaujamiems poveikiams ...[COLOR=red](Kodi.lt siūlo/rekomenduoja testuojant šį priedą persijungti į Anglų [orinali] kalbą)[/COLOR]</disclaimer>
    <disclaimer lang="lv">Šis darbs ir procesā. Izmantojiet paši uz savu risku.</disclaimer>
    <disclaimer lang="mk">Ова е работа која се извршува. Користи на сопствен ризик.</disclaimer>
    <disclaimer lang="ms">Ia masih dalam pembangunan. Guna atas risiko sendiri.</disclaimer>
    <disclaimer lang="my">အသုံးပြုရန် လုပ်ဆောင်နေခြင်းဖြစ်သည်။ ကိုယ့်တာဝန်ကိုယ်ယူပြီး အသုံးပြုပါ။</disclaimer>
    <disclaimer lang="nl">Hier wordt aan gewerkt, Gebruik op eigen risico.</disclaimer>
    <disclaimer lang="no">Dette er fortsatt under utvikling. Bruk på eget ansvar.</disclaimer>
    <disclaimer lang="pl">Oprogramowanie nadal jest w fazie rozwoju i jest niestabilne! Autorzy w żaden sposób nie są odpowiedzialni za nieudane nagrania, błędy w planie nagrań, zmarnowany czas ani jakiekolwiek inne niepożądane efekty.</disclaimer>
    <disclaimer lang="pt">Isto é um projecto em curso. Use-o por sua conta e risco.</disclaimer>
    <disclaimer lang="pt_BR">Este é um trabalho em progresso. Use a seu próprio risco</disclaimer>
    <disclaimer lang="ro">Aceasta este un proiect în lucru. Utilizați pe propriul risc.</disclaimer>
    <disclaimer lang="ru">Разработка программы не окончена. Используйте на свой страх и риск.</disclaimer>
    <disclaimer lang="sk">Práca na tomto rozhraní stále prebieha. Používajte ho preto na vlastné riziko.</disclaimer>
    <disclaimer lang="sl">Dodatek je še v izdelavi. Uporaba na lastno odgovornost.</disclaimer>
    <disclaimer lang="sv">Detta är ett pågående arbete. Använd på egen risk.</disclaimer>
    <disclaimer lang="tr">Bu devam eden bir çalışmadır. Kendiniz risk kullanın.</disclaimer>
    <disclaimer lang="uk">Роботи все ще тривають. Використовуйте на власний розсуд.</disclaimer>
    <disclaimer lang="vi">Đây là bản thử nghiệm. Bạn phải tự chịu trách nhiệm với nó</disclaimer>
    <disclaimer lang="zh">此插件仍在开发中，请自行把握试用风险。</disclaimer>
    <disclaimer lang="zh_TW">這是開發中的工作。使用上您須自行考慮到可能有的風險。</disclaimer>
    <platform>android</platform>
  </extension>
</addon>
