<scraper framework="1.1" date="2013-03-16" name="Adult DVD Empire" content="movies" thumb="adultdvdempire.jpg" language="en">
    <NfoUrl dest="3">
        <RegExp input="$$1" output="&lt;url&gt;http://www.\1&lt;/url&gt;" dest="3">
            <expression noclean="1">(adultdvdempire.com/\d+/\S+)</expression>
        </RegExp>
    </NfoUrl>
    <CreateSearchUrl dest="3">
        <RegExp input="$$1" output="&lt;url&gt;http://www.adultdvdempire.com/allsearch/search?pageSize=100&amp;view=list&amp;q=\1&lt;/url&gt;" dest="3">
            <expression noclean="1" />
        </RegExp>
    </CreateSearchUrl>
    <GetSearchResults dest="6">
        <RegExp input="$$5" output="&lt;?xml version=&quot;1.0&quot; encoding=&quot;iso-8859-1&quot; standalone=&quot;yes&quot;?&gt;&lt;results&gt;\1&lt;/results&gt;" dest="6">
            <RegExp input="$$1" output="&lt;entity&gt;&lt;title&gt;\2&lt;/title&gt;&lt;url&gt;http://www.adultdvdempire.com/general/\1&lt;/url&gt;&lt;/entity&gt;" dest="5">
                <expression repeat="yes" trim="1,2">&lt;p class="title"&gt;&lt;a href="/([^"]*)" title="([^"]*)</expression>
            </RegExp>
            <expression noclean="1" />
        </RegExp>
    </GetSearchResults>
    <GetDetails dest="3">
        <RegExp input="$$5" output="&lt;details&gt;\1&lt;/details&gt;" dest="3">
            <RegExp input="$$1" output="&lt;thumb&gt;\1&lt;/thumb&gt;" dest="5+">
                <expression>&lt;div id="Boxcover"&gt;&lt;a href="([^"]*)"</expression>
            </RegExp>
            <RegExp input="$$1" output="&lt;thumb&gt;\1bh.jpg&lt;/thumb&gt;" dest="5+">
                <expression>&lt;div id="Boxcover"&gt;&lt;a href="([^"]*)h\.jpg"</expression>
            </RegExp>
            <RegExp input="$$1" output="&lt;title&gt;\1&lt;/title&gt;" dest="5+">
                <expression trim="1">&lt;h1&gt;(.*?)&lt;/h1&gt;</expression>
            </RegExp>
            <RegExp input="$$1" output="&lt;studio&gt;\1&lt;/studio&gt;" dest="5+">
                <expression>Studio&lt;/strong&gt;[^&gt;]*.([^&lt;]*)</expression>
            </RegExp>
            <RegExp input="$$1" output="&lt;year&gt;\1&lt;/year&gt;" dest="5+">
                <expression trim="1">Production Year&lt;/strong&gt;.([^&lt;]*)</expression>
            </RegExp>
            <RegExp input="$$1" output="&lt;tagline&gt;\1&lt;/tagline&gt;" dest="5+">
                <expression>Tagline"&gt;([^&lt;]*)</expression>
            </RegExp>
            <RegExp input="$$1" output="&lt;plot&gt;\1&lt;/plot&gt;" dest="5+">
                <expression>&lt;/p&gt;&lt;p&gt;(.*?)&lt;/p&gt;&lt;/div</expression>
            </RegExp>
            <!--Actors without thumbs-->
            <RegExp input="$$7" output="&lt;actor&gt;&lt;name&gt;\2&lt;/name&gt;&lt;/actor&gt;" dest="5+">
                <RegExp input="$$1" output="\1" dest="7">
                    <expression clear="yes" noclean="1">Cast&lt;/h2&gt;&lt;ul&gt;(.*?)&lt;/ul&gt;</expression>
                </RegExp>
                <expression repeat="yes">&lt;a href="(/porn-videos)?/\d+/[\w-]*?-pornstars.html" class="PerformerName"&gt;([^&lt;]+)</expression>
            </RegExp>
            <!--Actors with thumbs-->
            <RegExp input="$$7" output="&lt;actor&gt;&lt;name&gt;\2&lt;/name&gt;&lt;thumb&gt;\1.jpg&lt;/thumb&gt;&lt;/actor&gt;" dest="5+">
                <RegExp input="$$1" output="\1" dest="7">
                    <expression clear="yes" noclean="1">&lt;div class="Section CastHeadShot"&gt;(.*?)&lt;/div&gt;</expression>
                </RegExp>
                <expression repeat="yes">&lt;img src='([^']*)t\.jpg'[^&gt;]*&gt;&lt;br /&gt;&lt;span&gt;([^&lt;]+)</expression>
            </RegExp>
            <RegExp input="$$7" output="&lt;genre&gt;\1&lt;/genre&gt;" dest="5+">
                <RegExp input="$$1" output="\1" dest="7">
                    <expression clear="yes" noclean="1">Categories&lt;/h2&gt;&lt;p&gt;(.*?)&lt;/p&gt;&lt;/div&gt;</expression>
                </RegExp>
                <expression repeat="yes">&lt;a href="http://www.adultdvdempire.com/[0-9]+/category/[^&gt;]*.([^&lt;]*)</expression>
            </RegExp>
            <RegExp input="$$1" output="&lt;runtime&gt;\1&lt;/runtime&gt;" dest="5+">
                <expression trim="1">Length&lt;/strong&gt;.([^&lt;]*)</expression>
            </RegExp>
            <RegExp input="$$1" output="&lt;mpaa&gt;\1&lt;/mpaa&gt;" dest="5+">
                <expression>Rating&lt;/strong&gt;.([^&lt;]*)</expression>
            </RegExp>
            <RegExp input="$$1" output="&lt;rating max=&quot;5&quot;&gt;\1&lt;/rating&gt;" dest="5+">
                <expression>Overall Rating:\s([\d.]*)\sout</expression>
            </RegExp>
            <RegExp input="$$1" output="&lt;director&gt;\2&lt;/director&gt;" dest="5+">
                <expression repeat="yes">&lt;a href="(/porn-videos)?/\d+/[\w-]*?-directors.html" class="PerformerName"&gt;([^&lt;]*)</expression>
            </RegExp>
            <RegExp input="$$1" output="&lt;set&gt;\1&lt;/set&gt;" dest="5+">
                <expression trim="1">&lt;a href="[^"]*/series/[^"]*"&gt;([^&lt;]*?)(\sSeries)?&lt;/a&gt;</expression>
            </RegExp>
            <expression noclean="1" />
        </RegExp>
    </GetDetails>
</scraper>
