﻿<?xml version="1.0" encoding="UTF-8" standalone="yes"?>
<addon id="plugin.video.tekthing"
       name="Tekthing"
       version="1.0.0"
       provider-name="Skipmode A1">
  <requires>
    <import addon="xbmc.python"                 version="2.1.0"/>
    <import addon="xbmc.addon"                  version="12.0.0"/>
	<import addon="script.module.beautifulsoup" version="3.0.8"/>
	<import addon="script.module.requests"      version="2.4.3"/>
    <import addon="plugin.video.youtube"        version="4.4.8"/>
  </requires>
  <extension point="xbmc.python.pluginsource" library="addon.py">
    <provides>video</provides>
  </extension>
  <extension point="xbmc.addon.metadata">
	<summary lang="en">You'll find something useful in every episode of TekThing: product reviews, how-to's, breakdowns on the big stories, and interviews with best experts around!</summary>
	<description lang="en">Whether tech is a passion, or something you deal with because you have to, you'll find something useful in every episode of TekThing: product reviews, how-to's, breakdowns on the big stories, and interviews with best experts around!</description>
	<disclaimer lang="en">For bugs, requests or general questions visit the Tekthing.com thread on the Kodi.tv forum</disclaimer>
    <language>en</language>
    <platform>all</platform>
    <license>GNU GENERAL PUBLIC LICENSE. Version 3, June 2007</license>
    <forum></forum>
    <website>http://tekthing.com</website>
    <email></email>
    <source>git://github.com/skipmodea1/plugin.video.tekthing.git</source>
  </extension>
</addon>
