<?xml version="1.0" encoding="UTF-8" standalone="yes"?>
<addon 
	id="plugin.video.gamegurumania" 
	name="Gamegurumania" 
	version="1.0.2" 
	provider-name="Skipmode A1">
  <requires>
    <import addon="xbmc.python"                 version="2.14.0"/>
    <import addon="xbmc.addon"                  version="12.0.0"/>
	<import addon="script.module.beautifulsoup" version="3.0.8"/>
	<import addon="plugin.video.youtube" 		version="4.4.8" />
  </requires>
  <extension point="xbmc.python.pluginsource" library="addon.py">
    <provides>video</provides>
  </extension>
  <extension point="xbmc.addon.metadata">
    <summary lang="en">Watch game videos made from ggmania.com</summary>
	<description lang="en">Watch game videos made from ggmania.com</description>
	<disclaimer lang="en">For bugs, requests or general questions visit the ggmania.com thread on the XBMC forum.</disclaimer>
	<summary lang="nl">Bekijk game videos van ggmania.com</summary>
	<description lang="nl">Bekijk game videos van ggmania.com</description>
	<disclaimer lang="nl">Bugs of andere feedback op deze plugin kan geplaatst worden in de ggmania.com thread op het XBMC forum.</disclaimer>
    <language>en</language>
    <platform>all</platform>
    <license>GNU GENERAL PUBLIC LICENSE. Version 3, June 2007</license>
    <forum>http://forum.xbmc.org/showthread.php?tid=203210</forum>
    <website>http://ggmania.com</website>
    <email></email>
    <source>git://github.com/skipmodea1/plugin.video.gamegurumania.git</source>
  </extension>
</addon>