<?xml version="1.0" encoding="UTF-8" standalone="yes"?>
<addon id="plugin.video.virginradio.it" name="Virgin Radio Italia" version="1.0.5" provider-name="NeverWise">
  <requires>
    <import addon="xbmc.python" version="2.1.0"/>
    <import addon="script.module.neverwise" version="1.0.4"/>
  </requires>
  <extension point="xbmc.python.pluginsource" library="default.py">
    <provides>audio video</provides>
  </extension>
  <extension point="xbmc.addon.metadata">
    <platform>all</platform>
    <summary lang="it">Virgin Radio Italia</summary>
    <summary lang="en">Virgin Radio Italia</summary>
    <description lang="it">Video e musica dal sito virginradio.it.</description>
    <description lang="en">Video and music from the site virginradio.it.</description>
    <disclaimer lang="it">Alcune parti di questo addon potrebbero non essere legali nel tuo paese di residenza. Si prega di verificare la legislazione in vigore prima di installare.</disclaimer>
    <disclaimer lang="en">Some parts of this addon may not be legal in your country of residence. Please check with your local laws before installing.</disclaimer>
    <language>it</language>
    <license>GNU GENERAL PUBLIC LICENSE. Version 3, 29 June 2007</license>
    <forum></forum>
    <website></website>
    <email></email>
    <source>https://github.com/NeverWise/plugin.video.virginradio.it</source>
  </extension>
</addon>
