<?xml version="1.0" encoding="UTF-8" standalone="yes"?>
<addon id="plugin.video.twomovies" version="2.6.5" name="2 Movies Evolved" provider-name="Blazetamer">
<requires>
<import addon="xbmc.python" version="2.1.0"/>
<import addon="script.module.urlresolver"  version="2.1.2"/>
<import addon="script.module.metahandler" version="2.3.1" />
<import addon="script.common.plugin.cache" version="2.5.2"/>
<import addon="script.module.t0mm0.common" version="2.0.0"/>
<import addon="script.module.simple.downloader" version="1.9.4" />
    <import addon="script.module.autoupdate" version="2.0.0" />


</requires>

<extension point="xbmc.python.pluginsource" library="default.py">
<provides>video</provides>
</extension>
<extension point="xbmc.addon.metadata">
<summary>Movies/TV/Anime</summary>
<description>- GFX by :Marquerite  A deep database of Movies , TV Shows. Downloading to your library has never been easier.</description>
<forum>http://forums.tvaddons.ag/blazetamer-s-repository/15351-release-2-movies.html</forum>
<website>http://twomovies.us/</website>

<platform>all</platform>
</extension>
</addon>