<?xml version="1.0" encoding="UTF-8" standalone="yes"?>
<addon id="plugin.video.dump" name="Dump.com" version="2.0.0" provider-name="Tristan Fischer (sphere@dersphere.de)">
    <requires>
        <import addon="xbmc.python" version="2.1.0"/>
        <import addon="script.module.beautifulsoup" version="3.0.8"/>
        <import addon="script.module.xbmcswift2" version="2.4.0"/>
    </requires>
    <extension point="xbmc.python.pluginsource" library="addon.py">
        <provides>video</provides>
    </extension>
    <extension point="xbmc.addon.metadata">
        <language />
        <platform>all</platform>
        <summary lang="en">Family Friendly Videos</summary>
        <description lang="en">Website containing interesting, educational and funny videos that are suitable for all ages. Updated daily.</description>
    </extension>
</addon>
