<?xml version="1.0" encoding="UTF-8"?>
<addon id="plugin.video.nfl-teams" version="1.2.0" name="NFL Teams" provider-name="Tenzer">
    <requires>
        <import addon="xbmc.python" version="2.1.0"/>
        <import addon="xbmc.addon" version="12.0.0"/>
        <import addon="script.module.requests" version="2.3.0"/>
    </requires>
    <extension point="xbmc.python.pluginsource" library="addon.py">
        <provides>video</provides>
    </extension>
    <extension point="xbmc.addon.metadata">
        <summary lang="en">NFL teams videos</summary>
        <description lang="en">Videos from the NFL teams' homepages. Highlights, interviews, analytics and cheerleaders.</description>
        <platform>all</platform>
        <language>en</language>
        <license>The MIT License (MIT)</license>
        <forum>http://forum.kodi.tv/showthread.php?tid=170281</forum>
        <website>https://github.com/Tenzer/plugin.video.nfl-teams</website>
        <source>https://github.com/Tenzer/plugin.video.nfl-teams</source>
        <email>xbmc@tenzer.dk</email>
    </extension>
</addon>
