<?xml version="1.0" encoding="UTF-8" standalone="yes"?>
<!--
Copyright (C) 2015 Fiona Schmidtke

This program is free software: you can redistribute it and/or modify
it under the terms of the GNU General Public License as published by
the Free Software Foundation, either version 3 of the License, or
(at your option) any later version.

This program is distributed in the hope that it will be useful,
but WITHOUT ANY WARRANTY; without even the implied warranty of
MERCHANTABILITY or FITNESS FOR A PARTICULAR PURPOSE. See the
GNU General Public License for more details.

You should have received a copy of the GNU General Public License
along with this program. If not, see <http://www.gnu.org/licenses/>.
-->
<addon id="plugin.video.sportschau" name="Sportschau" version="0.1.0" provider-name="Fiona Schmidtke">
  <requires>
    <import addon="xbmc.python" version="2.1.0"/>
    <import addon="script.module.xbmcswift2" version="2.4.0"/>
    <import addon="script.module.beautifulsoup4" version="4.3.2"/>
  </requires>
  <extension point="xbmc.python.pluginsource" library="addon.py">
    <provides>video</provides>
  </extension>
  <extension point="xbmc.addon.metadata">
    <platform>all</platform>
    <language>de</language>
    <license>GNU GENERAL PUBLIC LICENSE. Version 3, 29 June 2007</license>
    <website>https://github.com/fisch42/xbmc-plugin-sportschau</website>
    <source>https://github.com/fisch42/xbmc-plugin-sportschau</source>
    <forum></forum>
    <email></email>
    <summary lang="de">Sportschau Videos und Livestreams</summary>
    <summary lang="en">videos and livestreams from sportschau.de</summary>
    <description lang="de">Die Videos und Livestreams auf sportschau.de</description>
    <description lang="en">Videos and livestreams in German from sportschau.de</description>
  </extension>
</addon>
