<?xml version="1.0" encoding="UTF-8" standalone="yes"?>
<addon id="service.scrobbler.lastfm" name="Last.fm" version="1.2.2" provider-name="Team Kodi">
	<requires>
		<import addon="xbmc.python" version="2.19.0"/>
		<import addon="script.module.simplejson" version="3.3.0"/>
	</requires>
	<extension point="xbmc.service" library="scrobbler.py" start="login"/>
	<extension point="xbmc.addon.metadata">
		<summary lang="ca">Last.fm scrobbler</summary>
		<summary lang="cs">Last.fm doplněk pro odesílání infa na server</summary>
		<summary lang="de">Last.fm scrobbler</summary>
		<summary lang="el">Υπηρεσία κοινοποίησης (scrobbler) του Last.fm</summary>
		<summary lang="en">Last.fm scrobbler</summary>
		<summary lang="en_NZ">Last.fm scrobbler</summary>
		<summary lang="en_US">Last.fm scrobbler</summary>
		<summary lang="es">Last.fm scrobbler</summary>
		<summary lang="fi">Last.fm scrobbleri</summary>
		<summary lang="fr">Scrobbler Last.fm</summary>
		<summary lang="fr_CA">Scrobbler Last.fm</summary>
		<summary lang="gl">Last.fm scrobbler</summary>
		<summary lang="hr">Last.fm skrobler</summary>
		<summary lang="is">Last.fm scrobbler</summary>
		<summary lang="it">Scrobbler Last.fm</summary>
		<summary lang="ko">Last.fm 스크로블러</summary>
		<summary lang="lt">Last.fm scrobbler</summary>
		<summary lang="nl">Last.fm scrobbler</summary>
		<summary lang="no">Last.fm scrobbler</summary>
		<summary lang="pl">Scrobbler Last.fm </summary>
		<summary lang="pt">Scrobbler Last.fm</summary>
		<summary lang="pt_BR">Last.fm scrobbler</summary>
		<summary lang="sv">Last.fm scrobbler</summary>
		<description lang="ca">Last.fm scrobbler informarà de les cançons que has estat escoltant en Kodi a Last.fm</description>
		<description lang="cs">The Last.fm scrobbler odešle info o právě poslouchaných písničkách na last.fm</description>
		<description lang="de">Der Last.fm Scrobbler überträgt Informationen des Liedes, das Du hörst in Kodi, zu last.fm</description>
		<description lang="el">Το Scrobbler του Last.fm θα υποβάλλει πληροφορίες των τραγουδιών που ακούτε στο last.fm</description>
		<description lang="en">The Last.fm scrobbler will submit info of the songs you've been listening to in Kodi to last.fm</description>
		<description lang="en_NZ">The Last.fm scrobbler will submit info of the songs you've been listening to in Kodi to last.fm</description>
		<description lang="en_US">The Last.fm scrobbler will submit info of the songs you've been listening to in Kodi to last.fm</description>
		<description lang="es">Last.fm scrobbler informará de las canciones que has estado escuchando en Kodi a Last.fm</description>
		<description lang="fi">Last.fm scrobbleri lähettää tietoja Kodissa soittamistasi kappaleista Last.fm:lle</description>
		<description lang="fr">Le scrobbler Last.fm soumettra les infos des musiques que vous écoutez dans Kodi à last.fm</description>
		<description lang="fr_CA">Le scrobbler Last.fm enverra des infos à propos des morceaux que vous avez écoutées avec Kodi à Last.fm</description>
		<description lang="gl">O Last.fm scrobbler enviará info. das cancións que está a escotar no Kodi a last.fm</description>
		<description lang="hr">Last.fm skrobler će prijaviti informacije pjesme koju slušate u Kodiju na last.fm</description>
		<description lang="is">The Last.fm scrobbler mun senda gögn um lögin sem þú hefur verið að hlusta á í Kodi til last.fm</description>
		<description lang="it">Lo scrobler Last.fm invia a last.fm informazioni sul brano che stai ascoltando in Kodi </description>
		<description lang="ko">Last.fm 스크로블러는 Kodi에서 듣고있는 노래 정보를 last.fm으로 전송합니다.</description>
		<description lang="lt">Last.fm scrobbler pateiks last.fm informaciją apie jūsų per Kodi klausomas dainas</description>
		<description lang="nl">de Last.fm scrobbler verstuurt informatie over de nummers die u heeft geluisterd in Kodi naar Last.fm</description>
		<description lang="no">Last.fm scrobbler vil sende informasjon om sangene du har hørt på i Kodi til last.fm.</description>
		<description lang="pl">Scrobbler wysyła informacje o utworach, których słuchasz, do serwisu Last.fm</description>
		<description lang="pt">O Scrobbler Last.fm enviará informação ao last.fm sobre as músicas que tem ouvido no Kodi.</description>
		<description lang="pt_BR">O scrobbler Last.fm irá submeter info de músicas que estiveres escutando no Kodi para o last.fm</description>
		<description lang="sv">Scrobbler för Last.fm skickar information om de låtar du lyssnat på i Kodi till Last.fm</description>
		<language></language>
		<platform>all</platform>
		<license>GNU GENERAL PUBLIC LICENSE Version 2</license>
		<forum>http://forum.kodi.tv/showthread.php?tid=195597</forum>
		<website></website>
		<email></email>
		<source>https://github.com/XBMC-Addons/service.scrobbler.lastfm/</source>
	</extension>
</addon>
