﻿<?xml version="1.0" encoding="UTF-8" standalone="yes"?>
<addon id="plugin.video.voapersian" name="VOA Persian" version="0.7.0" provider-name="alij">
    <requires>
        <import addon="xbmc.python" version="2.1.0"/>
        <import addon="script.module.simplejson" version="2.0.9"/>
        <import addon="script.module.beautifulsoup" version="3.2.0"/>
    </requires>
    <extension point="xbmc.python.pluginsource" library="addon.py">
        <provides>video</provides>
    </extension>
    <extension point="xbmc.addon.metadata">
        <platform>all</platform>
        <disclaimer>VOA Persian Simple Plugin</disclaimer>
        <summary lang="en">A Simple VOA Persian video browser for Kodi</summary>
        <description lang="en">VOA Persian offline videos</description>
        <source>https://github.com/AliJannatpour/plugin.video.voapersian</source>
        <language>fa</language>
    </extension>
</addon>
