<?xml version="1.0" encoding="UTF-8" standalone="yes"?>
<addon id="plugin.video.ultimateguitar"
       name="Ultimate Guitar"
       version="1.0.3"
       provider-name="Kinkin">
    <requires>
        <import addon="xbmc.python" version="2.1.0"/>
    </requires>
    <extension point="xbmc.python.pluginsource"
               	library="default.py">
        <provides>video</provides>
    </extension>
    <extension point="xbmc.addon.metadata">
        <platform>all</platform>
        <summary>Learn to play guitar!</summary>
        <description>A complete guitar course from Justin Sandercoe, for beginners to advanced players</description>
    </extension>
	
</addon>
