<?xml version="1.0" encoding="UTF-8"?>
<addon
  id="pvr.demo"
  version="1.9.14"
  name="PVR Demo Client"
  provider-name="Pulse-Eight Ltd.">
  <requires>
    <c-pluff version="0.1"/>
    <import addon="xbmc.pvr" version="1.9.2"/>
  </requires>
  <extension
    point="xbmc.pvrclient"
    library_linux="Kodi_Demo.pvr"
	library_osx="Kodi_Demo.pvr"
    library_freebsd="Kodi_Demo.pvr"
    library_wingl="Kodi_Demo_win32.dll"
    library_windx="Kodi_Demo_win32.dll"
    library_android="libKodi_Demo.so" />
  <extension point="xbmc.addon.metadata">
    <summary lang="am">የ PVR ደንበኛ ናሙና </summary>
    <summary lang="bg">Демонстрация на ПВР клиента</summary>
    <summary lang="ca">Client Demo PVR</summary>
    <summary lang="cs">Ukázkový klient PVR</summary>
    <summary lang="cy">Dangosydd Rhaglen Rhagleni</summary>
    <summary lang="da">Demo PVR Klient</summary>
    <summary lang="de">Demo PVR Client</summary>
    <summary lang="el">Δοκιμαστικός Πελάτης PVR</summary>
    <summary lang="en">Demo PVR Client</summary>
    <summary lang="en_AU">Demo PVR Client</summary>
    <summary lang="en_NZ">Demo PVR Client</summary>
    <summary lang="en_US">Demo PVR Client</summary>
    <summary lang="es">Demo Cliente PVR</summary>
    <summary lang="es_AR">Cliente PVR demo</summary>
    <summary lang="es_MX">Cliente Demo PVR</summary>
    <summary lang="et">Demo PVR klient</summary>
    <summary lang="eu">PVR Bezeroaren Demoa</summary>
    <summary lang="fi">PVR-demoasiakasohjelma</summary>
    <summary lang="fr">Client PVR de démonstration</summary>
    <summary lang="fr_CA">Client numériscope de démo</summary>
    <summary lang="gl">Cliente PVR Demo</summary>
    <summary lang="he">דוגמה של לקוח טלוויזיה חיה</summary>
    <summary lang="hr">Demo PVR klijent</summary>
    <summary lang="hu">Demo PVR ügyfél</summary>
    <summary lang="hy">Նախնական PVR բաժանորդ</summary>
    <summary lang="id">Klien Demo PVR</summary>
    <summary lang="is">Prufu upptökubiðlari</summary>
    <summary lang="it">Client PVR Demo</summary>
    <summary lang="ja">デモ PVR クライアント</summary>
    <summary lang="ko">데모 PVR 클라이언트</summary>
    <summary lang="lt">Demo PVR klientas</summary>
    <summary lang="lv">Demo PVR klients</summary>
    <summary lang="mk">Демо за PVR клиент</summary>
    <summary lang="ms">Kline PVR Demo</summary>
    <summary lang="my">PVR Client သရုပ်ပြမှု့</summary>
    <summary lang="nl">Demo PVR cliënt</summary>
    <summary lang="no">Demo PVR-klient</summary>
    <summary lang="pl">Klient TV Demo</summary>
    <summary lang="pt">Cliente PVR Demo</summary>
    <summary lang="pt_BR">Cliente de PVR de Demonstração</summary>
    <summary lang="ro">Demo client PVR</summary>
    <summary lang="ru">Демонстрация клиента PVR</summary>
    <summary lang="si">ආදර්ශක PVR ආයත්තකයා</summary>
    <summary lang="sk">Demo PVR Klient</summary>
    <summary lang="sl">Demo odjemalec PVR</summary>
    <summary lang="sr">Пробни PVR клијент</summary>
    <summary lang="sv">Demo PVR Klient</summary>
    <summary lang="tg">Муштарии намоишии PVR</summary>
    <summary lang="th">ตัวอย่างลูกข่าย PVR</summary>
    <summary lang="tr">PVR Tanıtım İstemcisi</summary>
    <summary lang="uk">Демонстраційний клієнт для PVR</summary>
    <summary lang="vi">Demo PVR</summary>
    <summary lang="zh">PVR 演示客户端</summary>
    <summary lang="zh_TW">演示PVR客戶端</summary>
    <description lang="am">የ PVR ደንበኛ ናሙና </description>
    <description lang="bg">Демонстрация на ПВР клиента</description>
    <description lang="ca">Client Demo PVR</description>
    <description lang="cs">Ukázkový klient PVR</description>
    <description lang="cy">Dangosydd Rhaglen Rhagleni</description>
    <description lang="da">Demo PVR Klient</description>
    <description lang="de">Demo PVR Client</description>
    <description lang="el">Δοκιμαστικός Πελάτης PVR</description>
    <description lang="en">Demo PVR Client</description>
    <description lang="en_AU">Demo PVR Client</description>
    <description lang="en_NZ">Demo PVR Client</description>
    <description lang="en_US">Demo PVR Client</description>
    <description lang="es">Demo Cliente PVR</description>
    <description lang="es_AR">Cliente PVR demo</description>
    <description lang="es_MX">Cliente Demo PVR</description>
    <description lang="et">Demo PVR klient</description>
    <description lang="eu">PVR Bezeroaren Demoa</description>
    <description lang="fi">PVR-demoasiakasohjelma</description>
    <description lang="fr">Client PVR de démonstration</description>
    <description lang="fr_CA">Client numériscope de démo</description>
    <description lang="gl">Cliente PVR Demo</description>
    <description lang="he">דוגמה של לקוח טלוויזיה חיה</description>
    <description lang="hr">Demo PVR klijent</description>
    <description lang="hu">Demo PVR ügyfél</description>
    <description lang="hy">Նախնական PVR բաժանորդ</description>
    <description lang="id">Demo Klien PVR</description>
    <description lang="is">Prufu upptökubiðlari</description>
    <description lang="it">Client PVR Demo</description>
    <description lang="ja">デモ PVR クライアント</description>
    <description lang="ko">데모 PVR 클라이언트</description>
    <description lang="lt">Demo PVR klientas</description>
    <description lang="lv">Demo PVR klients</description>
    <description lang="mk">Демо за PVR клиент</description>
    <description lang="ms">Klien PVR Demo</description>
    <description lang="my">PVR Client သရုပ်ပြမှု့</description>
    <description lang="nl">Demo PVR cliënt</description>
    <description lang="no">Demo PVR-klient</description>
    <description lang="pl">Klient TV Demo</description>
    <description lang="pt">Cliente PVR Demo</description>
    <description lang="pt_BR">Cliente de PVR de Demonstração</description>
    <description lang="ro">Demo client PVR</description>
    <description lang="ru">Демонстрация клиента PVR</description>
    <description lang="si">ආදර්ශක PVR ආයත්තකයා</description>
    <description lang="sk">Demo PVR Klient</description>
    <description lang="sl">Demo odjemalec PVR</description>
    <description lang="sr">Пробни PVR клијент</description>
    <description lang="sv">Demo PVR Klient</description>
    <description lang="tg">Муштарии намоишии PVR</description>
    <description lang="th">ตัวอย่างลูกข่าย PVR</description>
    <description lang="tr">PVR Tanıtım İstemcisi</description>
    <description lang="uk">Демонстраційний клієнт для PVR</description>
    <description lang="vi">Demo PVR</description>
    <description lang="zh">PVR 演示客户端</description>
    <description lang="zh_TW">演示PVR客戶端</description>
    <disclaimer lang="am">ቁራጭ ይዟል </disclaimer>
    <disclaimer lang="bg">Просто съдържа междинни файлове</disclaimer>
    <disclaimer lang="ca">Només conté fragments</disclaimer>
    <disclaimer lang="cs">Obsahuje pouze pahýly funkcí</disclaimer>
    <disclaimer lang="cy">Bonyn yn unig</disclaimer>
    <disclaimer lang="da">Indeholder kun stumper</disclaimer>
    <disclaimer lang="de">Enthält nur Fragmente</disclaimer>
    <disclaimer lang="el">Περιέχει μόνο εικονικά κανάλια</disclaimer>
    <disclaimer lang="en">Just contains stubs</disclaimer>
    <disclaimer lang="en_AU">Just contains stubs</disclaimer>
    <disclaimer lang="en_NZ">Just contains stubs</disclaimer>
    <disclaimer lang="en_US">Just contains stubs</disclaimer>
    <disclaimer lang="es">Sólo contiene fragmentos</disclaimer>
    <disclaimer lang="es_AR">contiene sólo marcadores</disclaimer>
    <disclaimer lang="es_MX">Solo contiene talones</disclaimer>
    <disclaimer lang="et">Sisaldab ainult juppe</disclaimer>
    <disclaimer lang="eu">Kodearen puskak ditu</disclaimer>
    <disclaimer lang="fi">Sisältää vain tyngän</disclaimer>
    <disclaimer lang="fr">Ne contient que des clips</disclaimer>
    <disclaimer lang="fr_CA">Ne contient que des fragments</disclaimer>
    <disclaimer lang="gl">Só contén fragmentos</disclaimer>
    <disclaimer lang="he">מכיל רק stubs</disclaimer>
    <disclaimer lang="hr">Samo sadrži kratke informacije</disclaimer>
    <disclaimer lang="hu">Csak tesztfunkciókat tartalmaz</disclaimer>
    <disclaimer lang="id">Hanya mengandung stub</disclaimer>
    <disclaimer lang="is">Inniheldur aðeins búta</disclaimer>
    <disclaimer lang="it">Contiene solo tronconi</disclaimer>
    <disclaimer lang="ja">単なるスタブです</disclaimer>
    <disclaimer lang="ko"> 단순한 stub만 포함</disclaimer>
    <disclaimer lang="lt">Tiesiog tuščia struktūra</disclaimer>
    <disclaimer lang="lv">Satur tikai nepabeigtas lietas</disclaimer>
    <disclaimer lang="mk">некакви записи</disclaimer>
    <disclaimer lang="ms">Hanya mengandungi stub</disclaimer>
    <disclaimer lang="my">stub များသာပါဝင်နေခြင်း</disclaimer>
    <disclaimer lang="nl">Bevat enkel stubs</disclaimer>
    <disclaimer lang="no">Inneholder kun stubber</disclaimer>
    <disclaimer lang="pl">Tylko symuluje działanie</disclaimer>
    <disclaimer lang="pt">Só contém fragmentos</disclaimer>
    <disclaimer lang="pt_BR">Só contém esboços</disclaimer>
    <disclaimer lang="ro">Conține numai cioturi</disclaimer>
    <disclaimer lang="ru">Содержит заглушки</disclaimer>
    <disclaimer lang="si">අක්කඩ පමණක් අන්තර්ගතයි.</disclaimer>
    <disclaimer lang="sk">Obsahuje len útržky</disclaimer>
    <disclaimer lang="sl">Vsebuje le fiktivne vsebine</disclaimer>
    <disclaimer lang="sr">Садржи само назнаке садржаја</disclaimer>
    <disclaimer lang="sv">Innehåller bara stubbar</disclaimer>
    <disclaimer lang="tg">Танҳо дорои сарпӯшак мебошад</disclaimer>
    <disclaimer lang="tr">Sadece taslakları içerir</disclaimer>
    <disclaimer lang="uk">Не містить нічого</disclaimer>
    <disclaimer lang="vi">Chỉ chứa phần tử sơ khai</disclaimer>
    <disclaimer lang="zh">只包含存根</disclaimer>
    <disclaimer lang="zh_TW">只包含 Stubs</disclaimer>
    <platform>android</platform>
  </extension>
</addon>
