<?xml version="1.0" encoding="UTF-8" standalone="yes"?>
<addon
	id="plugin.video.goldpagemedia"
	version="1.1.2"
	name="GoldPageMedia"
	provider-name="GoldPageMedia">
	<requires>
		<import addon="xbmc.python" version="2.1.0"/>
		<import addon="script.module.beautifulsoup" version="3.0.8"/>
	</requires>
	<extension point="xbmc.python.pluginsource" library="main.py">
		<provides>video</provides>
	</extension>
	<extension point="xbmc.addon.metadata">
		<platform>all</platform>
		<language>en vi</language>
		<summary lang="en">GoldPageMedia Channel</summary>
		<summary lang="vi">GoldPageMedia Channel</summary>
		<description lang="en">This is free plugin, used for XBMC to watching so much of online TV channels. Website: www.goldpagemedia.com</description>
		<description lang="vi">This is free plugin, used for XBMC to watching so much of online TV channels. Website: www.goldpagemedia.com</description>
		<disclaimer lang="en"></disclaimer>
		<disclaimer lang="vi"></disclaimer>
	</extension>
</addon>
