<?xml version="1.0" encoding="UTF-8" standalone="yes"?>

<!--
<info>
	<filename>channels_default.xml</filename>
</info>
-->

<channels>
	<mainpath><![CDATA[http://xbmc.goldpagemedia.com]]></mainpath>
	<homepage><![CDATA[http://www.goldpagemedia.com]]></homepage>
	<fanart_url><![CDATA[{goldpagemedia_path}/fanart.jpg]]></fanart_url>
	<plugin_desc_vn><![CDATA[]]></plugin_desc_vn>
	<plugin_desc_en><![CDATA[]]></plugin_desc_en>

	<item>
		<item_id><![CDATA[1]]></item_id>
		<title><![CDATA[Local Channels File]]></title>
		<desc><![CDATA[Unable Watch]]></desc>
		<link><![CDATA[no url]]></link>
		<thumbnail><![CDATA[{goldpagemedia_path}/images/default.png]]></thumbnail>
		<adv><![CDATA[]]></adv>
	</item>
    <item>
        <item_id><![CDATA[2]]></item_id>
        <title><![CDATA[SCTV1]]></title>
        <desc><![CDATA[Hài]]></desc>
        <link><![CDATA[http://112.197.2.16:1935/live/SDsctv1.stream/playlist.m3u8]]></link>
        <thumbnail><![CDATA[{goldpagemedia_path}/images/sctv1.png]]></thumbnail>
        <adv><![CDATA[2]]></adv>
    </item>
    <item>
        <item_id><![CDATA[3]]></item_id>
        <title><![CDATA[SCTV12]]></title>
        <desc><![CDATA[Du lịch, khám phá]]></desc>
        <link><![CDATA[http://112.197.2.16:1935/live/SDsctv12.stream/playlist.m3u8]]></link>
        <thumbnail><![CDATA[{goldpagemedia_path}/images/sctv12.png]]></thumbnail>
        <adv><![CDATA[3]]></adv>
    </item>

	<channel>
		<channel_id><![CDATA[1]]></channel_id>
		<name><![CDATA[Các kênh HTV]]></name>
		<thumbnail><![CDATA[{goldpagemedia_path}/images/htv.png]]></thumbnail>

		<items>
			<item>
				<item_id><![CDATA[1]]></item_id>
				<title><![CDATA[HTV7]]></title>
				<desc><![CDATA[Thông tin, thể thao, giải trí]]></desc>
				<link><![CDATA[http://112.197.2.16:1935/live/htv7.stream/playlist.m3u8]]></link>
				<thumbnail><![CDATA[{goldpagemedia_path}/images/htv7.png]]></thumbnail>
				<adv><![CDATA[]]></adv>
			</item>
			<item>
				<item_id><![CDATA[2]]></item_id>
				<title><![CDATA[HTV9]]></title>
				<desc><![CDATA[Chính trị, văn hoá, xã hội]]></desc>
				<link><![CDATA[http://112.197.2.16:1935/live/htv9.stream/playlist.m3u8]]></link>
				<thumbnail><![CDATA[{goldpagemedia_path}/images/htv9.png]]></thumbnail>
				<adv><![CDATA[]]></adv>
			</item>
		</items>
	</channel>
	<channel>
		<channel_id><![CDATA[2]]></channel_id>
		<name><![CDATA[Các kênh SCTV]]></name>
		<thumbnail><![CDATA[{goldpagemedia_path}/images/sctv.png]]></thumbnail>

		<items>
			<item>
				<item_id><![CDATA[1]]></item_id>
				<title><![CDATA[SCTV1]]></title>
				<desc><![CDATA[Hài]]></desc>
				<link><![CDATA[http://112.197.2.16:1935/live/SDsctv1.stream/playlist.m3u8]]></link>
				<thumbnail><![CDATA[{goldpagemedia_path}/images/sctv1.png]]></thumbnail>
				<adv><![CDATA[]]></adv>
			</item>
			<item>
				<item_id><![CDATA[2]]></item_id>
				<title><![CDATA[SCTV2]]></title>
				<desc><![CDATA[YanTV: Âm nhạc Quốc Tế]]></desc>
				<link><![CDATA[http://112.197.2.16:1935/live/SDsctv2.stream/playlist.m3u8]]></link>
				<thumbnail><![CDATA[{goldpagemedia_path}/images/sctv2.png]]></thumbnail>
				<adv><![CDATA[]]></adv>
			</item>
			<item>
				<item_id><![CDATA[3]]></item_id>
				<title><![CDATA[SCTV3]]></title>
				<desc><![CDATA[Sao TV: Thiếu nhi]]></desc>
				<link><![CDATA[http://112.197.2.16:1935/live/SDsctv3.stream/playlist.m3u8]]></link>
				<thumbnail><![CDATA[{goldpagemedia_path}/images/sctv3.png]]></thumbnail>
				<adv><![CDATA[]]></adv>
			</item>
			<item>
				<item_id><![CDATA[4]]></item_id>
				<title><![CDATA[SCTV4]]></title>
				<desc><![CDATA[Giải trí tổng hợp]]></desc>
				<link><![CDATA[http://112.197.2.16:1935/live/SDsctv4.stream/playlist.m3u8]]></link>
				<thumbnail><![CDATA[{goldpagemedia_path}/images/sctv4.png]]></thumbnail>
				<adv><![CDATA[]]></adv>
			</item>
			<item>
				<item_id><![CDATA[5]]></item_id>
				<title><![CDATA[SCTV5]]></title>
				<desc><![CDATA[Shopping TV: SCJ LifeOn]]></desc>
				<link><![CDATA[http://112.197.2.16:1935/live/SDsctv5.stream/playlist.m3u8]]></link>
				<thumbnail><![CDATA[{goldpagemedia_path}/images/sctv5.png]]></thumbnail>
				<adv><![CDATA[]]></adv>
			</item>
			<item>
				<item_id><![CDATA[6]]></item_id>
				<title><![CDATA[SCTV6]]></title>
				<desc><![CDATA[Sóng nhạc]]></desc>
				<link><![CDATA[http://112.197.2.16:1935/live/SDsctv6.stream/playlist.m3u8]]></link>
				<thumbnail><![CDATA[{goldpagemedia_path}/images/sctv6.png]]></thumbnail>
				<adv><![CDATA[]]></adv>
			</item>
			<item>
				<item_id><![CDATA[7]]></item_id>
				<title><![CDATA[SCTV7]]></title>
				<desc><![CDATA[Sân khấu, văn nghệ tổng hợp]]></desc>
				<link><![CDATA[http://112.197.2.11:1935/live/SDsctv7.stream/playlist.m3u8]]></link>
				<thumbnail><![CDATA[{goldpagemedia_path}/images/sctv7.png]]></thumbnail>
				<adv><![CDATA[]]></adv>
			</item>
			<item>
				<item_id><![CDATA[8]]></item_id>
				<title><![CDATA[SCTV8]]></title>
				<desc><![CDATA[Thông tin kinh tế, thị trường]]></desc>
				<link><![CDATA[http://112.197.2.11:1935/live/SDsctv8.stream/playlist.m3u8]]></link>
				<thumbnail><![CDATA[{goldpagemedia_path}/images/sctv8.png]]></thumbnail>
				<adv><![CDATA[]]></adv>
			</item>
			<item>
				<item_id><![CDATA[9]]></item_id>
				<title><![CDATA[SCTV9]]></title>
				<desc><![CDATA[Phim Châu Á]]></desc>
				<link><![CDATA[http://112.197.2.11:1935/live/SDsctv9.stream/playlist.m3u8]]></link>
				<thumbnail><![CDATA[{goldpagemedia_path}/images/sctv9.png]]></thumbnail>
				<adv><![CDATA[]]></adv>
			</item>
			<item>
				<item_id><![CDATA[10]]></item_id>
				<title><![CDATA[SCTV10]]></title>
				<desc><![CDATA[Kênh mua sắm - Home Shopping Network]]></desc>
				<link><![CDATA[http://112.197.2.11:1935/live/SDsctv10.stream/playlist.m3u8]]></link>
				<thumbnail><![CDATA[{goldpagemedia_path}/images/sctv10.png]]></thumbnail>
				<adv><![CDATA[]]></adv>
			</item>
			<item>
				<item_id><![CDATA[11]]></item_id>
				<title><![CDATA[SCTV11]]></title>
				<desc><![CDATA[Hát trên truyền hình]]></desc>
				<link><![CDATA[http://112.197.2.16:1935/live/SDsctv11.stream/playlist.m3u8]]></link>
				<thumbnail><![CDATA[{goldpagemedia_path}/images/sctv11.png]]></thumbnail>
				<adv><![CDATA[]]></adv>
			</item>
			<item>
				<item_id><![CDATA[12]]></item_id>
				<title><![CDATA[SCTV12]]></title>
				<desc><![CDATA[Du lịch, khám phá]]></desc>
				<link><![CDATA[http://112.197.2.16:1935/live/SDsctv12.stream/playlist.m3u8]]></link>
				<thumbnail><![CDATA[{goldpagemedia_path}/images/sctv12.png]]></thumbnail>
				<adv><![CDATA[]]></adv>
			</item>
			<item>
				<item_id><![CDATA[13]]></item_id>
				<title><![CDATA[SCTV13]]></title>
				<desc><![CDATA[Phụ nữ và Gia đình]]></desc>
				<link><![CDATA[http://112.197.2.16:1935/live/SDsctv13.stream/playlist.m3u8]]></link>
				<thumbnail><![CDATA[{goldpagemedia_path}/images/sctv13.png]]></thumbnail>
				<adv><![CDATA[]]></adv>
			</item>
			<item>
				<item_id><![CDATA[14]]></item_id>
				<title><![CDATA[SCTV14]]></title>
				<desc><![CDATA[Phim Việt]]></desc>
				<link><![CDATA[http://112.197.2.16:1935/live/SDsctv14.stream/playlist.m3u8]]></link>
				<thumbnail><![CDATA[{goldpagemedia_path}/images/sctv14.png]]></thumbnail>
				<adv><![CDATA[]]></adv>
			</item>
			<item>
				<item_id><![CDATA[15]]></item_id>
				<title><![CDATA[SCTV15]]></title>
				<desc><![CDATA[Thể thao]]></desc>
				<link><![CDATA[http://112.197.2.16:1935/live/SDsctv15.stream/playlist.m3u8]]></link>
				<thumbnail><![CDATA[{goldpagemedia_path}/images/sctv15.png]]></thumbnail>
				<adv><![CDATA[]]></adv>
			</item>
			<item>
				<item_id><![CDATA[16]]></item_id>
				<title><![CDATA[SCTV16]]></title>
				<desc><![CDATA[Phim truyện nước ngoài]]></desc>
				<link><![CDATA[http://112.197.2.16:1935/live/SDsctv16.stream/playlist.m3u8]]></link>
				<thumbnail><![CDATA[{goldpagemedia_path}/images/sctv16.png]]></thumbnail>
				<adv><![CDATA[]]></adv>
			</item>
			<item>
				<item_id><![CDATA[17]]></item_id>
				<title><![CDATA[SCTV17]]></title>
				<desc><![CDATA[Phim Tổng Hợp]]></desc>
				<link><![CDATA[http://112.197.2.16:1935/live/SDsctv17.stream/playlist.m3u8]]></link>
				<thumbnail><![CDATA[{goldpagemedia_path}/images/sctv17.png]]></thumbnail>
				<adv><![CDATA[]]></adv>
			</item>
			<item>
				<item_id><![CDATA[18]]></item_id>
				<title><![CDATA[SCTVHD]]></title>
				<desc><![CDATA[Thể Thao]]></desc>
				<link><![CDATA[http://112.197.2.11:1935/live/SDsctv18.stream/playlist.m3u8]]></link>
				<thumbnail><![CDATA[{goldpagemedia_path}/images/sctvhd.png]]></thumbnail>
				<adv><![CDATA[]]></adv>
			</item>
		</items>
	</channel>
	<channel>
		<channel_id><![CDATA[3]]></channel_id>
		<name><![CDATA[Các kênh VTV]]></name>
		<thumbnail><![CDATA[{goldpagemedia_path}/images/vtv.png]]></thumbnail>

		<items>
			<item>
				<item_id><![CDATA[1]]></item_id>
				<title><![CDATA[VTV1]]></title>
				<desc><![CDATA[Thông tin tổng hợp]]></desc>
				<link><![CDATA[http://112.197.2.11:1935/live/vtv1.stream/playlist.m3u8]]></link>
				<thumbnail><![CDATA[{goldpagemedia_path}/images/vtv1.png]]></thumbnail>
				<adv><![CDATA[]]></adv>
			</item>
			<item>
				<item_id><![CDATA[2]]></item_id>
				<title><![CDATA[VTV2]]></title>
				<desc><![CDATA[Khoa học và Giáo dục]]></desc>
				<link><![CDATA[http://112.197.2.16:1935/live/vtv2.stream/playlist.m3u8]]></link>
				<thumbnail><![CDATA[{goldpagemedia_path}/images/vtv2.png]]></thumbnail>
				<adv><![CDATA[]]></adv>
			</item>
			<item>
				<item_id><![CDATA[3]]></item_id>
				<title><![CDATA[VTV3]]></title>
				<desc><![CDATA[Thể thao, giải trí, thông tin kinh tế]]></desc>
				<link><![CDATA[http://112.197.2.11:1935/live/vtv3.stream/playlist.m3u8]]></link>
				<thumbnail><![CDATA[{goldpagemedia_path}/images/vtv3.png]]></thumbnail>
				<adv><![CDATA[]]></adv>
			</item>
			<item>
				<item_id><![CDATA[4]]></item_id>
				<title><![CDATA[VTV4]]></title>
				<desc><![CDATA[Kênh cho người Việt Nam ở nước ngoài]]></desc>
				<link><![CDATA[http://112.197.2.11:1935/live/vtv4.stream/playlist.m3u8]]></link>
				<thumbnail><![CDATA[{goldpagemedia_path}/images/vtv4.png]]></thumbnail>
				<adv><![CDATA[]]></adv>
			</item>
			<item>
				<item_id><![CDATA[5]]></item_id>
				<title><![CDATA[VTV6]]></title>
				<desc><![CDATA[Kênh cho thanh, thiếu niên]]></desc>
				<link><![CDATA[http://112.197.2.16:1935/live/vtv6.stream/playlist.m3u8]]></link>
				<thumbnail><![CDATA[{goldpagemedia_path}/images/vtv5.png]]></thumbnail>
				<adv><![CDATA[]]></adv>
			</item>
			<item>
				<item_id><![CDATA[6]]></item_id>
				<title><![CDATA[VTV9]]></title>
				<desc><![CDATA[Kênh cho khán giả miền Nam]]></desc>
				<link><![CDATA[http://112.197.2.11:1935/live/vtv9.stream/playlist.m3u8]]></link>
				<thumbnail><![CDATA[{goldpagemedia_path}/images/vtv6.png]]></thumbnail>
				<adv><![CDATA[]]></adv>
			</item>
		</items>
	</channel>
	<channel>
		<channel_id><![CDATA[4]]></channel_id>
		<name><![CDATA[Các kênh VTC]]></name>
		<thumbnail><![CDATA[{goldpagemedia_path}/images/vtc.png]]></thumbnail>

		<items>
			<item>
				<item_id><![CDATA[1]]></item_id>
				<title><![CDATA[VTC1]]></title>
				<desc><![CDATA[Thời sự tổng hợp]]></desc>
				<link><![CDATA[rtmp://66.160.142.201/live/vtc11 swfVfy=1 live=1 playpath=vtc11 flashVer=LNX_11,2,202,233 pageUrl=http://vtc.com.vn/#/VTC1/10 tcUrl=rtmp://66.160.142.201/live/vtc11 swfUrl=http://vtc.com.vn/player.swf]]></link>
				<thumbnail><![CDATA[{goldpagemedia_path}/images/vtc1.png]]></thumbnail>
				<adv><![CDATA[]]></adv>
			</item>
			<item>
				<item_id><![CDATA[2]]></item_id>
				<title><![CDATA[VTC2]]></title>
				<desc><![CDATA[Khoa học, công nghệ]]></desc>
				<link><![CDATA[rtmp://66.160.142.198/live/vtc21 swfVfy=1 live=1 playpath=vtc21 flashVer=LNX_11,2,202,233 pageUrl=http://vtc.com.vn/#/VTC2/11 tcUrl=rtmp://66.160.142.198/live/vtc21 swfUrl=http://vtc.com.vn/player.swf]]></link>
				<thumbnail><![CDATA[{goldpagemedia_path}/images/vtc2.png]]></thumbnail>
				<adv><![CDATA[]]></adv>
			</item>
			<item>
				<item_id><![CDATA[3]]></item_id>
				<title><![CDATA[VTC10]]></title>
				<desc><![CDATA[Kênh văn hóa đặc biệt]]></desc>
				<link><![CDATA[rtmp://66.160.142.201/live/vtc101 swfVfy=1 live=1 playpath=vtc101 flashVer=LNX_11,2,202,233 pageUrl=http://vtc.com.vn/#/VTC10/22 tcUrl=rtmp://66.160.142.201/live/vtc101 swfUrl=http://vtc.com.vn/player.swf]]></link>
				<thumbnail><![CDATA[{goldpagemedia_path}/images/vtc10.png]]></thumbnail>
				<adv><![CDATA[]]></adv>
			</item>
		</items>
	</channel>
	<channel>
		<channel_id><![CDATA[5]]></channel_id>
		<name><![CDATA[Các kênh VOV]]></name>
		<thumbnail><![CDATA[{goldpagemedia_path}/images/vov.png]]></thumbnail>

		<items>
			<item>
				<item_id><![CDATA[1]]></item_id>
				<title><![CDATA[VOV1]]></title>
				<desc><![CDATA[Phát thanh đối ngoại]]></desc>
				<link><![CDATA[rtmp://66.160.142.197/live/vov1 swfVfy=1 live=1 playpath=vov1 flashVer=LNX_11,2,202,233 pageUrl=http://vtc.com.vn/#/VOV1/29 tcUrl=rtmp://66.160.142.197/live/vov1 swfUrl=http://vtc.com.vn/player.swf]]></link>
				<thumbnail><![CDATA[{goldpagemedia_path}/images/vov1.png]]></thumbnail>
				<adv><![CDATA[]]></adv>
			</item>
			<item>
				<item_id><![CDATA[2]]></item_id>
				<title><![CDATA[VOV2]]></title>
				<desc><![CDATA[Văn hóa, đời sống, khoa giáo]]></desc>
				<link><![CDATA[rtmp://66.160.142.197/live/vov2 swfVfy=1 live=1 playpath=vov2 flashVer=LNX_11,2,202,233 pageUrl=http://vtc.com.vn/#/VOV2/28 tcUrl=rtmp://66.160.142.197/live/vov2 swfUrl=http://vtc.com.vn/player.swf]]></link>
				<thumbnail><![CDATA[{goldpagemedia_path}/images/vov2.png]]></thumbnail>
				<adv><![CDATA[]]></adv>
			</item>
			<item>
				<item_id><![CDATA[3]]></item_id>
				<title><![CDATA[VOV3]]></title>
				<desc><![CDATA[Âm nhạc, giải trí]]></desc>
				<link><![CDATA[rtmp://66.160.142.198/live/vov3 swfVfy=1 live=1 playpath=vov3 flashVer=LNX_11,2,202,233 pageUrl=http://vtc.com.vn/#/VOV3/27 tcUrl=rtmp://66.160.142.198/live/vov3 swfUrl=http://vtc.com.vn/player.swf]]></link>
				<thumbnail><![CDATA[{goldpagemedia_path}/images/vov3.png]]></thumbnail>
				<adv><![CDATA[]]></adv>
			</item>
			<item>
				<item_id><![CDATA[4]]></item_id>
				<title><![CDATA[VOV5]]></title>
				<desc><![CDATA[Phát thanh đối ngoại]]></desc>
				<link><![CDATA[rtmp://66.160.142.197/live/vov5 swfVfy=1 live=1 playpath=vov5 flashVer=LNX_11,2,202,233 pageUrl=http://vtc.com.vn/#/VOV5/25 tcUrl=rtmp://66.160.142.197/live/vov5 swfUrl=http://vtc.com.vn/player.swf]]></link>
				<thumbnail><![CDATA[{goldpagemedia_path}/images/vov4.png]]></thumbnail>
				<adv><![CDATA[]]></adv>
			</item>
		</items>
	</channel>
	<channel>
		<channel_id><![CDATA[6]]></channel_id>
		<name><![CDATA[Các kênh đặc biệt]]></name>
		<thumbnail><![CDATA[{goldpagemedia_path}/images/default.png]]></thumbnail>

		<items>
			<item>
				<item_id><![CDATA[1]]></item_id>
				<title><![CDATA[The Little SG TV]]></title>
				<desc><![CDATA[]]></desc>
				<link><![CDATA[rtmp://stream.s15.cpanelservices.com/lstvlive/ playpath=livestream swfUrl=http://lstv.mediaserve.tv/player.swf pageUrl=http://lstv.mediaserve.tv/sample_players/live.html]]></link>
				<thumbnail><![CDATA[{goldpagemedia_path}/images/default.png]]></thumbnail>
				<adv><![CDATA[]]></adv>
			</item>
		</items>
	</channel>
	<channel>
		<channel_id><![CDATA[7]]></channel_id>
		<name><![CDATA[Các kênh khác ...]]></name>
		<thumbnail><![CDATA[{goldpagemedia_path}/images/default.png]]></thumbnail>

		<items>
			<item>
				<item_id><![CDATA[1]]></item_id>
				<title><![CDATA[HN1]]></title>
				<desc><![CDATA[]]></desc>
				<link><![CDATA[http://112.197.2.16:1935/live/hn1.stream/playlist.m3u8]]></link>
				<thumbnail><![CDATA[{goldpagemedia_path}/images/hn1.png]]></thumbnail>
				<adv><![CDATA[]]></adv>
			</item>
		</items>
	</channel>
	<channel>
		<channel_id><![CDATA[8]]></channel_id>
		<name><![CDATA[Test]]></name>
		<thumbnail><![CDATA[{goldpagemedia_path}/images/default.png]]></thumbnail>

		<items>
			<item>
				<item_id><![CDATA[1]]></item_id>
				<title><![CDATA[Test1]]></title>
				<desc><![CDATA[]]></desc>
				<link><![CDATA[http://vf10.aditmedia.net/iv&service_token=premium&reflector=]]></link>
				<thumbnail><![CDATA[]]></thumbnail>
				<adv><![CDATA[]]></adv>
			</item>
		</items>
	</channel>
</channels>