<?xml version="1.0" encoding="UTF-8"?>
<addon id="plugin.video.vitaminl_tv" name="VitaminL.tv" version="1.0.1" provider-name="AddonScriptorDE">
    <requires>
        <import addon="xbmc.python" version="2.1.0"/>
        <import addon="plugin.video.youtube" version="3.0.0"/>
    </requires>
    <extension point="xbmc.python.pluginsource" library="default.py">
        <provides>video</provides>
    </extension>
    <extension point="xbmc.addon.metadata">
        <platform>all</platform>
        <summary lang="en">Best videos on the Internet!</summary>
        <language></language>
        <description lang="en">VitaminL collects the best videos on the Internet that you cannot miss. Our goal is to deliver more laughs to everyone in the world. And we believe that more laughs will bring a better life!</description>
        <license>GNU GENERAL PUBLIC LICENSE. Version 2, June 1991</license>
        <source>https://github.com/AddonScriptorDE/plugin.video.vitaminl_tv</source>
        <forum>http://forum.xbmc.org/showthread.php?tid=180321</forum>
        <email>AddonScriptorDE at yahoo dot de</email>
        <website>http://www.vitaminl.tv</website>
    </extension>
</addon>
