<?xml version="1.0" encoding="UTF-8" standalone="yes"?>
<addon id="plugin.video.metacafe" name="Metacafe" version="0.0.2" provider-name="Tristan Fischer (sphere@dersphere.de)">
    <requires>
        <import addon="xbmc.python" version="2.1.0"/>
        <import addon="script.module.xbmcswift2" version="2.4.0"/>
        <import addon="script.module.beautifulsoup" version="3.0.8"/>
    </requires>
    <extension point="xbmc.python.pluginsource" library="addon.py">
        <provides>video</provides>
    </extension>
    <extension point="xbmc.addon.metadata">
        <language></language>
        <platform>all</platform>
        <summary lang="en">videos from www.metacafe.com</summary>
        <description lang="en">One of the world's largest video sites, serving the best videos, funniest movies and clips.</description>
    </extension>
</addon>
