<?xml version="1.0" encoding="UTF-8" standalone="yes"?>
<addon id="plugin.video.thenewboston" name="TheNewBoston" version="1.1.2" provider-name="Lex Toumbourou (lexandstuff)">
  <requires>
    <import addon="xbmc.python" version="2.1.0"/>
    <import addon="script.module.beautifulsoup" version="3.2.1" />
    <import addon="script.module.requests" version="1.1.0"/>
    <import addon="plugin.video.youtube" version="4.4.10" />
    <import addon="script.module.xbmcswift2" version="2.4.0"/>
  </requires>
  <extension point="xbmc.python.pluginsource" library="addon.py">
    <provides>video</provides>
  </extension>
  <extension point="xbmc.addon.metadata">
    <platform>all</platform>
    <language></language>
    <summary lang="en">Browse and watch videos from The New Boston</summary>
    <description lang="en">Free Educational Video Tutorials on Computer Programming, Adobe Software, Computer Science and More!</description>
    <license>MIT</license>
    <website>http://github.com/lextoumbourou/plugin.video.thenewboston</website>
    <broken>Add-on does not function properly</broken>
  </extension>
</addon>
