<?xml version="1.0" encoding="UTF-8" standalone="yes"?>
<addon id="script.xbmc.pandorajson"
       name="Pandora Json"
       version="1.3.01"
       provider-name="spbogie, newatv2user">
  <requires>
    <import addon="xbmc.python" version="1.0"/>
  </requires>
  <extension point="xbmc.python.script"
             library="default.py">
    <provides>audio</provides>
  </extension>
  <extension point="xbmc.addon.metadata">
    <summary lang="en">Pandora Radio</summary>
    <description lang="en">Pandora Internet Radio for XBMC.</description>
    <platform>all</platform>
  </extension>
</addon>
