<?xml version="1.0" encoding="UTF-8" standalone="yes"?>
<addon id="plugin.video.nflreplays" name="NFL Replays" version="0.2.0" provider-name="natko1412">
	<requires>
		<import addon="xbmc.python" version="2.1.0"/>
		<import addon="script.module.beautifulsoup" version="3.2.1"/>
    	<import addon="script.module.urlresolver" version="2.5.0" />
    	<import addon="script.module.parsedom" version="1.3.0"/>
    	<import addon="script.module.addon.common" version="2.0.0" />
    	<import addon="script.module.youtube.dl" version="14.1026.0"/>



	</requires>
	<extension point="xbmc.python.pluginsource" library="default.py">
		<provides>video</provides>
	</extension>
	<extension point="xbmc.addon.metadata">
		<summary lang="en">Watch full NFL game replays.</summary>
		<description lang="en">Watch full NFL game replays.</description>
		<disclaimer lang="en">The author does not host or distribute any of the content displayed by this addon. The author does not have any affiliation with the content provider.</disclaimer>
		
		<platform>all</platform>
	</extension>
</addon>