<?xml version="1.0" encoding="UTF-8" standalone="yes"?>
<addon id="plugin.video.mega"
	name="MEGA"
	version="1.0.5"
	provider-name="xbmchub.com">
  <requires>
    <import addon="xbmc.python" version="2.1.0"/>
  </requires>
  <extension point="xbmc.python.pluginsource" library="default.py">
    <provides>video</provides>
  </extension>
  <extension point="xbmc.addon.metadata">
    <summary lang="en">MEGA</summary>
    <description lang="en">Stream videos, music and photos from your MEGA account</description>
    <platform>all</platform>
    <forum>http://www.xbmchub.com/forums/official-xbmc-hub-repo/</forum>
    <website>http://www.xbmchub.com/</website>
  </extension>
</addon>
