<?xml version="1.0" encoding="UTF-8" standalone="yes"?>
<addon id="config.tvmc" version="1.0.0"
	name="Config TVMC" provider-name="TVADDONS.ag, The[COLOR tan]Highway[/COLOR]">
	<requires>
		<import addon="xbmc.python" version="2.1.0"/>
		<import addon="script.module.addon.common" optional="true" />
		<import addon="script.module.t0mm0.common" optional="true" />
		<import addon="script.module.urlresolver" optional="true" />
	</requires>
	<extension point="xbmc.python.pluginsource" library="default.py">
		<provides>executable</provides>
	</extension>
	
	<extension point="xbmc.addon.metadata">
		<summary></summary>
		<description>First Run Configuration of TVMC</description>
		<disclaimer>By using this, you take reponsibility for anything that happens.</disclaimer>
		<platform>all</platform>
		<forum>http://forums.tvaddons.ag</forum>
		<website>http://www.tvaddons.ag/</website>
	</extension>
</addon>
