<?xml version="1.0" encoding="UTF-8" standalone="yes"?>
<addon id="plugin.video.primaplay" name="Prima Play" version="0.3.2" provider-name="Ladislav Dokulil">
  <requires>
    <import addon="xbmc.python" version="2.1.0"/>
  </requires>
  <extension point="xbmc.python.pluginsource" library="default.py">
    <provides>video</provides>
  </extension>
  <extension point="xbmc.addon.metadata">
    <summary>Prima Play</summary>
	<description>Plugin to play videos from Prima Play archive</description>
    <description lang="cs">Plugin nabízí přístup do archivu Prima Play.</description>
    <platform>all</platform>
    <source>https://github.com/alladdin/plugin.video.primaplay</source>
  </extension>
</addon>
