<?xml version="1.0" encoding="UTF-8" standalone="yes"?>
<addon id="plugin.video.portico.tv"
       name="Portico.tv"
       version="1.0.3"
       provider-name="t1m">
  <requires>
    <import addon="xbmc.python" version="2.1.0"/>
  </requires>
  <extension point="xbmc.python.pluginsource"
            library="default.py">
        <provides>video</provides>
  </extension>
  <extension point="xbmc.addon.metadata">
    <summary lang="en">Portico.TV Video Addon</summary>
    <description lang="en">Portico TV delivers a variety of programming from producers such as Time, Cooking Light, People, Popular Science, Newsy, Rev3 and AP.</description>
    <disclaimer lang="en">Feel free to use this script. For information visit the wiki.</disclaimer>
    <platform>all</platform>
    <language>en</language>
    <license>GNU GENERAL PUBLIC LICENSE. Version 2, June 1991</license>
    <forum></forum>
    <website>http://www.portico.tv</website>
    <email></email>
    <source>https://github.com/learningit/plugin.video.portico.tv</source>
  </extension>
</addon>
