<?xml version="1.0" encoding="UTF-8" standalone="yes"?>
<addon id="plugin.video.nhl-gamecenter" name="NHL Gamecenter" version="0.8.4" provider-name="EllisD, eracknaphobia,cookiemonster70">
  <requires>
    <import addon="xbmc.python" version="2.1.0"/>
	<import addon="script.module.simplejson" version="3.3.0"/>    
    	<import addon="script.module.httplib2" version="0.8.0"/>
    	<import addon="script.module.pil" version="1.1.7"/>
  </requires>
  <extension point="xbmc.python.pluginsource" library="default.py">
        <provides>video</provides>
  </extension>
  <extension point="xbmc.addon.metadata">
    <platform>all</platform>
    <summary>NHL GameCenter LIVE™ is an online service offering streaming video of live games.</summary>
    <description>NHL GameCenter LIVE™ is an online service offering streaming video of live games.</description>
    <disclaimer lang="en"></disclaimer>
    <language>en</language>
    <platform>all</platform>
    <license>GNU GENERAL PUBLIC LICENSE. Version 2, June 1991</license>
    <forum>http://forum.xbmc.org/showthread.php?tid=207041</forum>
    <website></website>
    <email></email>
    <source>https://github.com/dannyellis/plugin.video.nhl-gamecenter.git</source>
  </extension>
</addon>
