<?xml version="1.0" encoding="UTF-8" standalone="yes"?>
<addon id="plugin.video.mistreci2"
	   name="Mistreci2"
	   version="1.0.4"
	   provider-name="pcd">
  <requires>
        <import addon="script.module.urlresolver" version="2.2.0"/>
        <import addon="script.module.addon.common" version="2.0.0" />
  </requires>	 	   
  <extension point="xbmc.python.pluginsource"
			 library="default.py">
    	<provides>video</provides>
  </extension>
  <extension point="xbmc.addon.metadata">
    <summary>Videos from Mistreci.com</summary>
    <description>Videos from Mistreci.com</description>
    <platform>all</platform>
  </extension>
</addon>






