<?xml version="1.0" encoding="UTF-8" standalone="yes"?>
<addon id="plugin.video.watson" name="Anvia Watson" version="2.2.1" provider-name="Jarkko Vesiluoma">
    <requires>
        <import addon="xbmc.python" version="2.1.0"/>
    </requires>
    <extension point="xbmc.python.pluginsource" library="default.py"> 
        <provides>video</provides>
    </extension>
    <extension point="xbmc.addon.metadata">
        <platform>all</platform>
        <summary lang="en">Watch commercial Anvia Watson with XBMC</summary>                
        <description lang="en">UNOFFICIAL Watson plugin. Watch commercial Watson service with XBMC. Requires a Watson user account. See http://www.watson.fi for more details about acquiring account.</description>
        <disclaimer lang="en">Done for XBMC/Kodi by JMV, www.jmv.fi</disclaimer>
		<website>www.jmv.fi</website>
		<email>jvesiluoma@gmail.com</email>
        <license>GNU GENERAL PUBLIC LICENSE. Version 3, 29 June 2007</license>
        <platform>all</platform>
        <language>en fi se</language>
    </extension>
</addon>