<?xml version="1.0" ?><addon id="plugin.video.sbs" name="SBS On Demand" provider-name="Andy Botting" version="1.0.3">
  <requires>
    <import addon="xbmc.python" version="2.1.0"/>
    <import addon="script.common.plugin.cache"/>
    <import addon="script.module.beautifulsoup"/>
  </requires>
  <extension library="default.py" point="xbmc.python.pluginsource" provides="video">
    <provides>video</provides>
  </extension>
  <extension library="default.py" point="xbmc.addon.metadata">
    <summary>SBS On Demand add-on by Andy Botting</summary>
    <description>SBS On Demand provides free, unlimited streaming of TV shows, films and events. Watch full episodes of your favourite SBS shows online when you want.</description>
    <provides>video</provides>
    <platform>all</platform>
  </extension>
</addon>