<?xml version="1.0" encoding="UTF-8"?>

<window id="81000">
	<defaultcontrol>82003</defaultcontrol>
	<allowoverlay>yes</allowoverlay>
	<animation effect="fade" time="100">WindowOpen</animation>
	<animation effect="fade" time="100">WindowClose</animation>
	<coordinates>
		<posX>200</posX>
		<posY>100</posY>
	</coordinates>
	<controls>

		<control type="image">
			<description>Title Bar</description>
			<posx>52</posx>
			<posy>58</posy>
			<width>1150</width>
			<height>35</height>
			<texture>dialogheader.png</texture>
		</control>
		<control type="label">
			<description>Title Bar</description>
			<posx>52</posx>
			<posy>62</posy>
			<width>1150</width>
			<height>35</height>
			<font>font14</font>
			<align>center</align>
			<textcolor>0xFFFFA500</textcolor>
			<shadowcolor>0x333333</shadowcolor>
			<label>Transmogrifier Queue Manager</label>
		</control>
		<control type="image">
			<description>Black Background</description>
			<posx>52</posx>
			<posy>58</posy>
			<width>1150</width>
			<height>600</height>
			<texture>ContentPanel.png</texture>
		</control>

		<control type="button" id="82000">
			<posx>1125</posx>
			<posy>62</posy>
			<width>60</width>
			<height>32</height>
			<label></label>
			<focusedcolor>FFFFFFFF</focusedcolor>
			<colordiffuse>FFFFFFFF</colordiffuse>
			<texturefocus>Button/DialogCloseButton-focus.png</texturefocus>
			<texturenofocus>Button/DialogCloseButton.png</texturenofocus>
			<pulseonselect>true</pulseonselect>
		</control>
		

		
		<control type="button" id="82001">
			<posx>100</posx>
			<posy>600</posy>
			<width>150</width>
			<height>32</height>
			<font>font12</font>
			<label>Clean Queue</label>
			<textcolor>white</textcolor>
			<focusedcolor>FFFFFFFF</focusedcolor>
			<colordiffuse>FFFFFFFF</colordiffuse>
			<texturefocus>Button/KeyboardKey.png</texturefocus>
			<texturenofocus>Button/KeyboardKeyNF.png</texturenofocus>
			<pulseonselect>true</pulseonselect>
			<align>center</align>
			<aligny>center</aligny>
			<onright>82002</onright>
			<onup>80000</onup>
		</control>

		<control type="button" id="82002">
			<posx>270</posx>
			<posy>600</posy>
			<width>150</width>
			<height>32</height>
			<font>font12</font>
			<label>Settings</label>
			<textcolor>white</textcolor>
			<focusedcolor>FFFFFFFF</focusedcolor>
			<colordiffuse>FFFFFFFF</colordiffuse>
			<texturefocus>Button/KeyboardKey.png</texturefocus>
			<texturenofocus>Button/KeyboardKeyNF.png</texturenofocus>
			<pulseonselect>true</pulseonselect>
			<align>center</align>
			<aligny>center</aligny>
			<onleft>82001</onleft>
			<onright>82003</onright>
			<onup>80000</onup>
			<onclick>Addon.OpenSettings(service.transmogrifier)</onclick>
		</control>
		
		<control type="button" id="82003">
			<posx>440</posx>
			<posy>600</posy>
			<width>150</width>
			<height>32</height>
			<font>font12</font>
			<label>Close</label>
			<textcolor>white</textcolor>
			<focusedcolor>FFFFFFFF</focusedcolor>
			<colordiffuse>FFFFFFFF</colordiffuse>
			<texturefocus>Button/KeyboardKey.png</texturefocus>
			<texturenofocus>Button/KeyboardKeyNF.png</texturenofocus>
			<pulseonselect>true</pulseonselect>
			<align>center</align>
			<aligny>center</aligny>
			<onleft>82002</onleft>
			<onup>80000</onup>
		</control>
		
		
		<control type="progress" id="80050">
			<description>Progress</description>
			<posx>110</posx>
			<posy>215</posy>
			<width>1020</width>
			<height>22</height>
			<visible>true</visible>
		</control>

		<control type="image">
			<description>list separator</description>
			<posx>110</posx>
			<posy>245</posy>
			<width>1070</width>
			<height>8</height>
			<texture>separator.png</texture>
		</control>
		
		<control type="label">
			<posx>110</posx>
			<posy>100</posy>
			<width>110</width>
			<height>22</height>
			<font>font13</font>
			<align>left</align>
			<label>Status:</label>
		</control>
		
		<control type="label" id="80010">
			<posx>210</posx>
			<posy>100</posy>
			<width>400</width>
			<height>22</height>
			<font>font13</font>
			<align>left</align>
			<label></label>
		</control>

		<control type="label">
			<posx>110</posx>
			<posy>135</posy>
			<width>110</width>
			<height>22</height>
			<font>font13</font>
			<align>left</align>
			<label>File:</label>
		</control>
		
		<control type="label" id="80011">
			<posx>210</posx>
			<posy>135</posy>
			<width>400</width>
			<height>22</height>
			<font>font13</font>
			<align>left</align>
			<label></label>
		</control>
		
		<control type="label">
			<posx>110</posx>
			<posy>170</posy>
			<width>110</width>
			<height>22</height>
			<font>font13</font>
			<align>left</align>
			<label>Addon:</label>
		</control>
		
		<control type="label" id="80012">
			<posx>210</posx>
			<posy>170</posy>
			<width>400</width>
			<height>22</height>
			<font>font13</font>
			<align>left</align>
			<label></label>
		</control>
		

		
		<control type="label">
			<posx>600</posx>
			<posy>100</posy>
			<width>110</width>
			<height>22</height>
			<font>font13</font>
			<align>left</align>
			<label>Host:</label>
		</control>
		
		<control type="label" id="80013">
			<posx>700</posx>
			<posy>100</posy>
			<width>400</width>
			<height>22</height>
			<font>font13</font>
			<align>left</align>
			<label></label>
		</control>

		<control type="label">
			<posx>600</posx>
			<posy>135</posy>
			<width>110</width>
			<height>22</height>
			<font>font13</font>
			<align>left</align>
			<label>Size:</label>
		</control>
		
		<control type="label" id="80014">
			<posx>700</posx>
			<posy>135</posy>
			<width>400</width>
			<height>22</height>
			<font>font13</font>
			<align>left</align>
			<label></label>
		</control>
		
		<control type="label">
			<posx>600</posx>
			<posy>170</posy>
			<width>110</width>
			<height>22</height>
			<font>font13</font>
			<align>left</align>
			<label>Progress:</label>
		</control>
		
		<control type="label" id="80015">
			<posx>700</posx>
			<posy>170</posy>
			<width>400</width>
			<height>22</height>
			<font>font13</font>
			<align>left</align>
			<label></label>
		</control>

		<control type="panel" id="80000">
			<posx>110</posx>
			<posy>265</posy>
			<width>1050</width>
			<height>315</height>
			<onleft></onleft>
			<onright>80001</onright>
			<ondown>82003</ondown>
			<ondown></ondown>
			<scrolltime tween="sine" easing="out">200</scrolltime>
			<autoscroll>false</autoscroll>
			<viewtype label="536">list</viewtype>
			<pagecontrol>80001</pagecontrol>
			<orientation>vertical</orientation>
			<itemlayout height="40" width="1000">
				<control type="image">
					<width>1000</width>
					<height>32</height>
					<posx>0</posx>
					<posy>0</posy>
					<texture>List/MenuItemNF.png</texture>
				</control>
				<control type="image">
					<width>25</width>
					<height>25</height>
					<posx>0</posx>
					<posy>0</posy>
					<info>ListItem.Icon</info>
				</control>
				<control type="label">
					<description>Priority</description>
					<posx>40</posx>
					<posy>0</posy>
					<width>30</width>
					<height>22</height>
					<font>font13</font>
					<align>center</align>
					<info>ListItem.Top250</info>
				</control>
				<control type="label">
					<description>Addon</description>
					<posx>95</posx>
					<posy>0</posy>
					<width>220</width>
					<height>22</height>
					<font>font13</font>
					<align>left</align>
					<info>ListItem.Director</info>
				</control>
				<control type="label">
					<description>File Name</description>
					<posx>350</posx>
					<posy>0</posy>
					<width>500</width>
					<height>22</height>
					<font>font13</font>
					<align>left</align>
					<info>ListItem.OriginalTitle</info>
				</control>
				<control type="image">
					<posx>990</posx>
					<posy>0</posy>
					<width>33</width>
					<height>30</height>
					<font>font13</font>
					<align>left</align>
					<info>ListItem.Label</info>
				</control>
			</itemlayout>
			<focusedlayout height="40" width="950">
				<control type="image">
					<width>1000</width>
					<height>32</height>
					<posx>0</posx>
					<posy>0</posy>
					<texture>List/MenuItemFO.png</texture>
				</control>
				<control type="image">
					<width>25</width>
					<height>25</height>
					<posx>0</posx>
					<posy>0</posy>
					<info>ListItem.Icon</info>
				</control>
				<control type="label">
					<description>Priority</description>
					<posx>40</posx>
					<posy>0</posy>
					<width>30</width>
					<height>22</height>
					<font>font13</font>
					<align>center</align>
					<info>ListItem.Top250</info>
				</control>
				<control type="label">
					<description>Addon</description>
					<posx>95</posx>
					<posy>0</posy>
					<width>220</width>
					<height>22</height>
					<font>font13</font>
					<align>left</align>
					<info>ListItem.Director</info>
				</control>
				<control type="label">
					<description>File Name</description>
					<posx>350</posx>
					<posy>0</posy>
					<width>500</width>
					<height>22</height>
					<font>font13</font>
					<align>left</align>
					<info>ListItem.OriginalTitle</info>
				</control>
				<control type="image">
					<posx>990</posx>
					<posy>0</posy>
					<width>33</width>
					<height>30</height>
					<font>font13</font>
					<align>left</align>
					<info>ListItem.Label</info>
				</control>
			</focusedlayout>
		</control>
		<control type="scrollbar" id="80001">
			<description>Queue Scroll</description>
			<posx>1155</posx>
			<posy>250</posy>
			<width>25</width>
			<height>335</height>
			<visible>true</visible>
			<texturesliderbackground border="0,14,0,14">ScrollBarV.png</texturesliderbackground>
			<texturesliderbar border="0,14,0,14">ScrollBarV_bar.png</texturesliderbar>
			<texturesliderbarfocus border="0,14,0,14">ScrollBarV_bar_focus.png</texturesliderbarfocus>
			<textureslidernib>ScrollBarNib.png</textureslidernib>
			<textureslidernibfocus>ScrollBarNib.png</textureslidernibfocus>
			<colordiffuse>FFCCCCCC</colordiffuse>
			<pulseonselect>True</pulseonselect>
			<orientation>vertical</orientation>
			<showonepage>true</showonepage>
			<onleft>80000</onleft>
		</control>
	</controls>
</window>