<?xml version="1.0" encoding="UTF-8" standalone="yes"?>
<addon id="plugin.video.media-ccc-de" name="CCC-TV (media.ccc.de)" version="0.0.3" provider-name="Tobias Gruetzmacher">
  <requires>
    <import addon="xbmc.python" version="2.1.0"/>
    <import addon="script.module.simplejson" version="3.3.0"/>
    <import addon="script.module.requests" version="1.1.0"/>
    <import addon="script.module.xbmcswift2" version="2.4.0"/>
  </requires>
  <extension point="xbmc.python.pluginsource" library="addon.py">
    <provides>video</provides>
  </extension>
  <extension point="xbmc.addon.metadata">
    <summary lang="en">Videos of Chaos Computer Club events.</summary>
    <summary lang="de">Videos von Chaos Computer Club Veranstaltungen.</summary>
    <description lang="en">This addon provides access to videos published on http://media.ccc.de/ (mostly lecture recordings of CCC events) </description>
    <description lang="de">Dieses Add-On ermöglicht den Zugriff auf Videos, die auf http://media.ccc.de/ veröffentlicht wurden (größtenteils Vortragsmitschnitte von CCC-Veranstaltungen)</description>
    <disclaimer lang="en"></disclaimer>
    <language>de en</language>
    <platform>all</platform>
    <license>MIT License</license>
    <website>http://media.ccc.de/</website>
    <email>tobias-xbmc@23.gs</email>
    <source>http://github.com/cccc/plugin.video.media-ccc-de</source>
  </extension>
</addon>
