<?xml version="1.0" encoding="UTF-8" standalone="yes"?>
<addon id="script.module.xbmcutil" name="Kodi Utility Pack" provider-name="willforde" version="3.0.2">
	<requires>
		<import addon="xbmc.python" version="2.19.0"/>
		<import addon="script.module.simplejson" version="3.0.0" optional="true"/>
		<import addon="script.module.urlresolver" version="2.7.0" optional="true"/>
	</requires>
	<extension library="lib" point="xbmc.python.module"/>
	<extension point="xbmc.addon.metadata">
		<language>en</language>
		<platform>all</platform>
		<summary lang="en">Kodi Utility Pack</summary>
		<description lang="en">Control Pack for Class Integration</description>
		<license>GNU GENERAL PUBLIC LICENSE. Version 3, June 2007</license>
		<email>willforde+kodi@gmail.com</email>
		<source>https://github.com/willforde/script.module.xbmcutil</source>
	</extension>
</addon>