﻿<?xml version="1.0" encoding="UTF-8" standalone="yes"?>
<addon id="plugin.video.nrwision" name="nrwision" version="1.2.0" provider-name="nrwision / TU Dortmund">
    <requires>
        <import addon="xbmc.python" version="2.1.0"/>
        <import addon="script.module.xbmcswift" version="0.2.0"/>
    </requires>
    <extension point="xbmc.python.pluginsource" library="addon.py">
        <provides>video</provides>
    </extension>
    <extension point="xbmc.addon.metadata">
        <language>de</language>
        <platform>all</platform>
        <summary lang="en">„nrwision“ - TV learning channel on demand</summary>
        <description lang="en">Community Channel for media education and citizen journalism, developed by Technical University Dortmund in Northrhine-Westphalia, Germany</description>
        <summary lang="de">nrwision – der tv-lernsender für nordrhein-westfalen</summary>
        <description lang="de">Fernsehen aus NRW: Der TV-Lernsender „nrwision“ zeigt Sendungen, Filme und Beiträge von Lehrredaktionen, angehenden Medienprofis und Bürgergruppen aus ganz Nordrhein-Westfalen – jetzt auch als Mediathek-AddOn für Kodi / XBMC / OSMC. Wir bringen neue Farbe ins Fernsehen - und jeder kann mitmachen!</description>
    </extension>
</addon>
