<?xml version="1.0" encoding="UTF-8" standalone="yes"?>
<addon id="plugin.video.pcloud-video-streaming" name="PCloud Video Streaming" version="1.2.1" provider-name="Guido Domenici">
  <requires>
    <import addon="xbmc.python" version="2.1.0"/>
  </requires>
  <!-- addon.py, below, is the entry point -->
  <extension point="xbmc.python.pluginsource" library="addon.py">
    <provides>video</provides>
  </extension>
  <extension point="xbmc.addon.metadata">
    <summary lang="en">Provides streaming from a pcloud.com bucket</summary>
    <description lang="en">Provides streaming from a pcloud.com video source. You need an account with PCloud to use this (free accounts are OK). Not affiliated with pcloud.com.</description>
    <disclaimer lang="en"></disclaimer>
    <language>en</language>
    <platform>all</platform>
    <license>GNU GENERAL PUBLIC LICENSE. Version 3, June 2007</license>
    <forum>http://forum.kodi.tv/showthread.php?tid=239955</forum>
    <website>https://github.com/gdomenici/plugin.video.pcloud-video-streaming/wiki</website>
    <email>guido.domenici@gmail.com</email>
    <source>https://github.com/gdomenici/plugin.video.pcloud-video-streaming</source>
  </extension>
</addon>