<?xml version="1.0" encoding="UTF-8" standalone="yes"?>
<addon id="service.linuxwhatelse.notify"
	   name="Notify"
	   version="1.1.2"
	   provider-name="linuxwhatelse">

	<requires>
		<import addon="xbmc.python" version="2.19.0"/>
		<import addon="script.module.six" version="1.7.3"/>
	</requires>

	<extension point="xbmc.python.script" library="qr-code.py">
		<provides>executable</provides>
	</extension>

	<extension point="xbmc.service" library="notify.py" start="login"/>

	<extension point="xbmc.addon.metadata">
		<license>GNU GENERAL PUBLIC LICENSE Version 2, June 1991</license>
		<platform>all</platform>
		<summary lang="en">Official Notify-Addon for Kodi</summary>
		<description lang="en">
The Android-App is currently in beta. To participate in the beta-test you have to join the linuxwhatelse community on Google+ http://goo.gl/UvMw3n

Features:
- Display a QR-Code for easy setup (Go to Programs and launch Notify)
- Display notifications of your phone right in Kodi
- On incoming-/outgoing calls, pause / mute the playback or simply lower the volume
		</description>
	</extension>
</addon>
