<?xml version="1.0" encoding="UTF-8" standalone="yes"?>
<addon id="plugin.video.wsj"
       name="The Wall Street Journal Live"
       version="1.9.4"
       provider-name="t1m">
  <requires>
    <import addon="xbmc.python" version="2.1.0"/>
  </requires>
  <extension point="xbmc.python.pluginsource"
            library="default.py">
        <provides>video</provides>
  </extension>
  <extension point="xbmc.addon.metadata">
    <summary lang="en">The Wall Street Journal Live</summary>
    <description lang="en">The Wall Street Journal Live XBMC Plugin</description>
    <disclaimer lang="en">Feel free to use this script. For information visit the wiki.</disclaimer>
    <platform>all</platform>
    <language>en</language>
    <license>GNU GENERAL PUBLIC LICENSE. Version 2, June 1991</license>
    <forum>http://forum.xbmc.org/showthread.php?tid=172865</forum>
    <website></website>
    <email></email>
    <source>https://github.com/learningit/plugin.video.wsj</source>
  </extension>
</addon>
