<?xml version="1.0" encoding="UTF-8"?>
<addon id="plugin.video.fernsehkritik" name="Fernsehkritik TV" version="1.0.2" provider-name="cdwertmann">
    <requires>
        <import addon="xbmc.python" version="2.14.0"/>
        <import addon="script.common.plugin.cache" version="0.9.1"/>
        <import addon="script.module.beautifulsoup4" version="4.3.2"/>
    </requires>
    <extension point="xbmc.python.pluginsource" library="default.py">
        <provides>video</provides>
    </extension>
    <extension point="xbmc.addon.metadata">
        <platform>all</platform>
        <language>de</language>
        <summary lang="de">Fernsehkritik</summary>
        <description lang="de">TV-Magazin von fernsehkritik.tv</description>
        <website>https://github.com/cdwertmann/plugin.video.fernsehkritik</website>
        <source>git://github.com/cdwertmann/plugin.video.fernsehkritik.git</source>
        <license>GNU GENERAL PUBLIC LICENSE. Version 3, 29 June 2007</license>
    </extension>
</addon>
