<?xml version="1.0" encoding="UTF-8" standalone="yes"?>
<addon id="plugin.video.confreaks" name="Confreaks" version="1.0.0" provider-name="Howard Wilson">
  <requires>
    <import addon="xbmc.python" version="2.1.0"/>
    <import addon="script.module.xbmcswift2" version="2.4.0" />
  </requires>
  <extension point="xbmc.python.pluginsource" library="addon.py">
    <provides>video</provides>
  </extension>
  <extension point="xbmc.addon.metadata">
    <platform>all</platform>
    <language>en</language>
    <license>GNU GENERAL PUBLIC LICENSE. Version 3, 29 June 2007</license>
    <summary>XBMC Confreaks addon by Howard Wilson</summary>
    <description>Watch Ruby conferences from confreaks.com in XBMC. Thanks to Jonathan Beluch for xbmcswift2, and the Confreaks team.</description>
    <source>https://github.com/watsonbox/xbmc-confreaks</source>
  </extension>
</addon>