<?xml version="1.0" encoding="UTF-8" standalone="yes"?>
<addon id="plugin.video.engineeringtv" name="Engineering TV" provider-name="willforde" version="2.0.0">
	<requires>
		<import addon="xbmc.python" version="2.19.0"/>
		<import addon="script.module.xbmcutil" version="3.0.0"/>
		<import addon="script.module.parsedom" version="2.5.0"/>
		<import addon="plugin.video.youtube" version="5.0.0"/>
	</requires>
	<extension library="addon.py" point="xbmc.python.pluginsource">
		<provides>video</provides>
	</extension>
	<extension point="xbmc.addon.metadata">
		<language>en</language>
		<platform>all</platform>
		<summary lang="en">Valuable Engineering TV episodes.</summary>
		<description lang="en">Penton Media launched EngineeringTV in 2007 across its design engineering group which includes Electronic Design, Machine Design, Power Electronics Technology, Microwaves &amp; RF, Mobile Dev &amp; Design, Medical Design, Motion System Design, Source ESB and Electronic Design Europe. Since that time it has generated millions of page views and hundreds of thousands of unique visitors.</description>
		<license>GNU GENERAL PUBLIC LICENSE. Version 3, June 2007</license>
		<email>willforde+kodi@gmail.com</email>
		<forum>http://forum.kodi.tv/showthread.php?tid=178795</forum>
		<source>https://github.com/willforde/plugin.video.engineeringtv</source>
		<website>http://www.engineeringtv.com</website>
	</extension>
</addon>