﻿<?xml version="1.0" encoding="UTF-8" standalone="yes"?>
<!-- Original author: divingmule-->
<addon id="plugin.video.engadget"
       name="Engadget"
       version="1.2.0"
       provider-name="hbogert">
  <requires>
    <import addon="xbmc.python" version="2.1.0"/>
    <import addon="script.module.beautifulsoup4" version="4.3.1"/>
    <import addon="script.common.plugin.cache" version="2.5.2"/>
  </requires>
  <extension point="xbmc.python.pluginsource" library="default.py">
    <provides>video</provides>
  </extension>
  <extension point="xbmc.addon.metadata">
    <summary>Engadget videos</summary>
    <description>
        http://www.engadget.com/about/
        [CR]Engadget is a news, reviews and opinion outlet with obsessive coverage of cutting edge gadgets,
        consumer electronics and the science and technology they're built upon.
        [CR]Launched in March of 2004 as a web property,
        Engadget has since expanded to cover mobile devices and live events through video and photography in addition to the written word.
    </description>
    <platform>all</platform>
    <language>en</language>
    <license>GNU GENERAL PUBLIC LICENSE. Version 2, June 1991</license>
    <source>https://github.com/hansbogert/plugin.video.engadget</source>
    <forum>http://forum.kodi.tv/showthread.php?tid=178562</forum>
  </extension>
</addon>
