<?xml version="1.0" encoding="UTF-8" standalone="yes"?>
<addon id="plugin.video.theyidrh" version="2.8.6" name="Release [COLOR firebrick][B]HUB[/B][/COLOR]" provider-name="@MrEntertainRepo">
    <requires>
        <import addon="xbmc.python" version="2.1.0"/>
        <import addon="script.module.TheYid.common" version="0.1.1"/>
        <import addon="script.module.urlresolver"  version="2.1.2"/>
        <import addon="script.module.simplejson" version="3.3.0"/>
    </requires>
    <extension point="xbmc.python.pluginsource" library="default.py">
        <provides>video</provides>
    </extension>
    <extension point="xbmc.addon.metadata">
        <summary>Release [B][I][COLOR dodgerblue]HUB[/COLOR][/B][/I]</summary>
        <description>Stream Tv shows movies Release [B][I][COLOR dodgerblue]HUB[/COLOR][/B][/I] has 30+ scene release sites all in one addon.... for the best 4K 1080p 720p.... sceper, 2ddl, ReleaseBB, DDlvalley + many more in this [COLOR lime][B]SUPER ADDON[/B][/COLOR] [COLOR red][B][I]YOU will need a debrid premium account to get the best out of this addon[/B][/I][/COLOR] For more info go to www.entertainmentrepo.com</description>
        <platform>all</platform>
	 <forum>http://entertainmentrepo.com/</forum>
	 <website>http://entertainmentrepo.com/</website>
        <disclaimer lang="en">[COLOR red][B][I] Mr Entertainment. [/B][/I][/COLOR] [COLOR red][B][I]YOU will need a debrid premium account for this addon For more info go to www.entertainmentrepo.com[/B][/I][/COLOR]</disclaimer>
    </extension>
</addon>

