<?xml version="1.0" encoding="UTF-8" standalone="yes"?>
<addon id="script.module.pyopenssl"
       name="pyopenssl"
       version="1.0.13"
       provider-name="Andrew Leech">
  <requires>
    <import addon="xbmc.python" version="2.1.0"/>
  </requires>
  <extension point="xbmc.python.module"
             library="lib" />
  <extension point="xbmc.addon.metadata">
    <summary>A Python wrapper around the OpenSSL library</summary>
    <description>Packed for Kodi from https://pypi.python.org/pypi/pyOpenSSL/0.13</description>
    <license>LGPL</license>
    <platform>all</platform>
    <source>https://github.com/andrewleech/script.module.pyopenssl</source>
  </extension>
</addon>
