<?xml version="1.0" encoding="UTF-8"?>
<addon id="plugin.video.filmfree4uER" version="0.0.1" name="FilmFree4U" provider-name="@MrEntertainRepo">
    <requires>
        <import addon="xbmc.python" version="2.1.0"/>
        <import addon="script.module.TheYid.common" version="0.1.1"/>
        <import addon="script.module.urlresolver"  version="2.1.2"/>
    </requires>
    <extension point="xbmc.python.pluginsource" library="default.py">
        <provides>video</provides>
    </extension>
    <extension point="xbmc.addon.metadata">
        <summary>FilmFree4U movies</summary>
        <description>FilmFree4U [COLOR pink]Contains Adult Content[/COLOR][COLOR red]XXX[/COLOR] and latest released hollywood bollywood and Tamil movies in HD SD 1080p 720p 480p (add-on still in beta) For more info go to www.entertainmentrepo.com</description>
        <platform>all</platform>
	 <forum>http://entertainmentrepo.com/</forum>
	 <website>http://entertainmentrepo.com/</website>
        <disclaimer lang="en">All the movies on this website are hosted on the third party sites and uploaded by other people. We are not responsible for any content that hosted on on the third-party sites. If you have any legal issues please contact appropriate video owners hosters.</disclaimer>
    </extension>
</addon>
