<?xml version="1.0" encoding="UTF-8" standalone="yes"?>
<addon id="plugin.video.linuxgamecast"
       name="LinuxGameCast"
       version="0.0.4"
       provider-name="ryochan7">
  <requires>
   <import addon="xbmc.python" version="2.1.0"/>
   <import addon="script.module.beautifulsoup" version="3.2.0"/>
   <import addon="plugin.video.twitch" version="1.0.8"/>
  </requires>
  <extension point="xbmc.python.pluginsource" library="default.py">
   <provides>video</provides>
  </extension>
  <extension point="xbmc.addon.metadata">
    <summary lang="en">LinuxGameCast on XBMC</summary>
    <description lang="en">Every week Venn Stone, Jordan Cwang, and Pedro Mateus talk about Linux gaming news, reviews, how-to’s and whatever the hell else we come up with.</description>
    <platform>all</platform>
    <language>en</language>
    <license>GNU GENERAL PUBLIC LICENSE. Version 2, June 1991</license>
    <source>https://github.com/Ryochan7/plugin.video.linuxgamecast.git</source>
    <email>nickles.travis@gmail.com</email>
    <website>http://linuxgamecast.com/</website>
    <forum>http://linuxgamecast.com/discussions-2/</forum>
  </extension>
</addon>
