<?xml version="1.0" encoding="UTF-8" standalone="yes"?>
<addon id="plugin.video.sportube"
       name="Sportube"
       version="1.0.2"
       provider-name="Nightflyer">
  <requires>
    <import addon="xbmc.python" version="2.1.0"/>
  </requires>
  <extension point="xbmc.python.pluginsource"
            library="default.py">
        <provides>video</provides>
  </extension>
  <extension point="xbmc.addon.metadata">
    <language>it</language>
    <platform>all</platform>
    <summary lang="it">La WebTV dello Sport</summary>
    <description lang="it">Guarda LIVE e GRATIS i maggiori eventi sportivi!</description>
    <summary lang="en">Live Sport Streaming</summary>
    <description lang="en">Watch live and free the major sport events!</description>
    <license>GNU GENERAL PUBLIC LICENSE Version 3, 29 June 2007</license>
    <forum></forum>
    <website>https://github.com/nightflyer73/plugin.video.sportube</website>
    <email></email>
    <source>https://github.com/nightflyer73/plugin.video.sportube</source>
  </extension>
</addon>
