<?xml version="1.0" encoding="UTF-8"?>
<addon id="plugin.video.filmsforaction" name="Films For Action" version="1.0.6" provider-name="Jose Antonio Montes (jamontes)">
    <requires>
        <import addon="xbmc.python" version="2.14.0"/>
        <import addon="plugin.video.youtube" version="4.4.8"/>
        <import addon="plugin.video.snagfilms" version="1.0.4"/>
        <import addon="plugin.video.disclose_tv" version="0.0.4"/>
    </requires>
    <extension point="xbmc.python.pluginsource" library="default.py">
        <provides>video</provides>
    </extension>
    <extension point="xbmc.addon.metadata">
        <platform>all</platform>
        <summary lang="en">Films For Action videos</summary>
        <description lang="en">Films For Action is a community-powered learning library and alternative news center for people who want to change the world. It uses the power of film to raise awareness of important social, environmental, and media-related issues not covered by the mainstream news. This Add-on allows you to watch most of its videos.[CR]More than 2,500 videos are available.</description>
        <summary lang="es">Films For Action vídeos</summary>
        <description lang="es">Films For Action usa el poder de los vídeos para llamar la atención sobre la importancia de los problemas sociales, medioambientales, e informativos no cubiertos por los principales medios de comunicación. Films For Action ofrece una fuente alternativa de noticias y aprendizaje mantenida por la comunidad para la gente que quiere cambiar el mundo. Este Add-on permite ver los vídeos de Films For Action mostrados en su página web.[CR]Más de 2500 vídeos están disponibles.</description>
        <summary lang="fr">Films For Action médiathèque</summary>
        <description lang="fr">Cette plugin permetre de regarder le Films For Action médiathèque qui se trouve sur leur site web.</description>
        <language>en</language>
        <license>GNU GENERAL PUBLIC LICENSE. Version 3, 29 June 2007</license>
        <forum>http://forum.xbmc.org/showthread.php?tid=198524</forum>
        <source>https://github.com/jamontes/plugin.video.filmsforaction</source>
        <website>http://www.filmsforaction.org/</website>
        <mail></mail>
    </extension>
</addon>
