<?xml version="1.0" encoding="UTF-8" standalone="yes"?>
<addon id="plugin.video.zeemarathi" name="Zee Marathi" version="0.0.3" provider-name="mavwolverine">
  <requires>
    <import addon="xbmc.python" version="2.19.0"/>
    <import addon="script.module.beautifulsoup" version="3.2.1" />
  </requires>

  <extension point="xbmc.python.pluginsource" library="addon.py">
    <provides>video</provides>
  </extension>

  <extension point="xbmc.addon.metadata">
    <summary lang="en">Addon for videos from http://www.zeemarathi.com/</summary>
    <description lang="en">Addon for videos from http://www.zeemarathi.com/</description>
    <disclaimer lang="en">http://www.zeemarathi.com/ could change anytime breaking this addon</disclaimer>
    <language>en</language>
    <platform>all</platform>
    <license>GNU GENERAL PUBLIC LICENSE. Version 3, June 2007</license>
    <website>https://github.com/virajkanwade/plugin.video.zeemarathi</website>
    <source>https://github.com/virajkanwade/plugin.video.zeemarathi</source>
  </extension>
</addon>
