<?xml version="1.0" encoding="UTF-8"?>
<addon
  id="pvr.dvblink"
  version="1.9.12"
  name="DVBLink PVR Client"
  provider-name="DVBLogic">
  <requires>
    <c-pluff version="0.1"/>
    <import addon="xbmc.pvr" version="1.9.2"/>
  </requires>
  <extension
    point="xbmc.pvrclient"
    library_linux="Kodi_DVBLink.pvr"
    library_osx="Kodi_DVBLink.pvr"
    library_freebsd="Kodi_DVBLink.pvr"
    library_wingl="Kodi_DVBLink_win32.dll"
    library_windx="Kodi_DVBLink_win32.dll"
    library_android="libKodi_DVBLink.so"/>
  <extension point="xbmc.addon.metadata">
    <summary lang="bg">ПВР добавка за DVBLink</summary>
    <summary lang="cs">PVR plugin pro DVBLink</summary>
    <summary lang="cy">Ategyn Recordydd ar gyfer DVBLink</summary>
    <summary lang="da">PVR Plugin til DVBLink</summary>
    <summary lang="de">PVR-Plugin für DVBLink</summary>
    <summary lang="el">Plugin PVR για το DVBLink </summary>
    <summary lang="en">PVR Plugin for DVBLink</summary>
    <summary lang="en_AU">PVR Plugin for DVBLink</summary>
    <summary lang="en_NZ">PVR Plugin for DVBLink</summary>
    <summary lang="en_US">PVR Plugin for DVBLink</summary>
    <summary lang="es">Complemento PVR para DVBLink</summary>
    <summary lang="es_AR">Plugin PVR para DVBLink</summary>
    <summary lang="fr">Plugin PVR pour DVBLink</summary>
    <summary lang="fr_CA">Plugiciel de numériscope pour DVBLink</summary>
    <summary lang="gl">Complemento PVR do DVBLink</summary>
    <summary lang="he">לקוח טלוויזיה חיה עבור DVBLink</summary>
    <summary lang="hr">PVR dodatak za DVBLink</summary>
    <summary lang="hu">PVR Kiegészítő a DVBLink-hez</summary>
    <summary lang="id">Plugin PVR untuk DVBlink</summary>
    <summary lang="is">PVR viðbót fyrir DVBLink</summary>
    <summary lang="it">Plugin PVR per DVBLink</summary>
    <summary lang="ja">DVBLink の PVR プラグイン</summary>
    <summary lang="ko">DVBLink를 위한 PVR 플러그인</summary>
    <summary lang="lt">PVR įskiepis skirtas DVBLink</summary>
    <summary lang="ms">Plugin PVR untuk DVBLink</summary>
    <summary lang="nl">PVR Plug-in voor DVBLink</summary>
    <summary lang="no">PVR-innstikk til DVBLink</summary>
    <summary lang="pl">Klient TV dla DVBLink</summary>
    <summary lang="pt">Plugin PVR para DVBLink</summary>
    <summary lang="pt_BR">Plugin de PVR para DVBLink</summary>
    <summary lang="ro">Plugin PVR pentru DVBLink</summary>
    <summary lang="ru">Дополнение PVR для DVBLink</summary>
    <summary lang="si">DBVLink සඳහා PVR පේනුකිරීම </summary>
    <summary lang="sk">PVR zásuvný modul pre DVBLink</summary>
    <summary lang="sl">PVR dodatek za DVBLink</summary>
    <summary lang="sv">PVR tillägg för DVBLink</summary>
    <summary lang="tr">DVDLink için PVR Eklentisi</summary>
    <summary lang="zh">DVBLink PVR 插件</summary>
    <description lang="bg">ПВР добавка за DVBLink от DvbLogic.com. Поддържа стрийминг и записване на телевизия, електронен програмен справочник и броячи.</description>
    <description lang="cs">PVR plugin pro DVBLink od DvbLogic.com; podporuje živé TV vysílání a nahrávání, EPG, časovač</description>
    <description lang="cy">Ategyn amserydd ar gyfer DVBLink gan DvbLogic.com; cefnogi ffrydio Teledu Byw a Recordiadau ac Amseryddion</description>
    <description lang="da">PVR Plugin til DVBLink fra DvbLogic.com; understøtter streaming af TV og optagelser, EPG, Timere.</description>
    <description lang="de">PVR-Plugin für DVBLink von DvbLogic.com; unterstützt das Streaming von Live-TV &amp; Aufnahmen, EPG, Timer</description>
    <description lang="el">Plugin PVR για το DVBLink από το DvbLogic.com. Υποστηρίζει ροές πολυμέσων από LiveTV &amp; Εγγραφές, EPG, Χρονοδιακόπτες</description>
    <description lang="en">PVR Plugin for DVBLink from DvbLogic.com; supporting streaming of Live TV &amp; Recordings, EPG, Timers</description>
    <description lang="en_AU">PVR Plugin for DVBLink from DvbLogic.com; supporting streaming of Live TV &amp; Recordings, EPG, Timers</description>
    <description lang="en_NZ">PVR Plugin for DVBLink from DvbLogic.com; supporting streaming of Live TV &amp; Recordings, EPG, Timers</description>
    <description lang="en_US">PVR Plugin for DVBLink from DvbLogic.com; supporting streaming of Live TV &amp; Recordings, EPG, Timers</description>
    <description lang="es">Complemento PVR para DVBLink de DvbLogic.com; soporta emisiones en directo, grabaciones, EPG, programaciones</description>
    <description lang="es_AR">Plugin PVR para DVBLink de DvbLogic.com; soporta streaming de TV en vivo, grabaciones, guía de programación (EPG) y temporizadores</description>
    <description lang="fr">Plugin PVR pour DVBLink de DvbLogic.com. Supporte la lecture en continu de la télévision en directe et de son enregistrement, guide de programme, programmations.</description>
    <description lang="fr_CA">Plugiciel de numériscope pour DVBLink de DvbLogic.com, prenant en charge la lecture en transit de la télé en direct &amp; les enregistrements, GÉP, des minuteries</description>
    <description lang="gl">Complemento PVR do DVBLink de DvbLogic.com; soporta transmisión de TV en directo e Gravacións, Guía e temporizadores</description>
    <description lang="he">לקוח טלוויזיה חיה של DVBLink מ־DvbLogic.com. תומך בהזרמת שידורים חיים והקלטות, הצגת לוח שידורים ותזמון הקלטות.</description>
    <description lang="hr">PVR dodatak za DVBLink od DvbLogic.com; podržava streamanje TV programa i snimanje, elektronski programski vodič (EPG) i zakazana snimanja</description>
    <description lang="hu">PVR Kiegészítő a DVBLink-hez a DvbLogic.com-tól; támogatja a Live TV streamet &amp; felvételt, EPG-t, időzítőt.</description>
    <description lang="id">Plugin PVR untuk DVBLink dari DvbLogic.com; mendukung siaran dari Live TV dan Perekaman, EPG, dan Timer.</description>
    <description lang="is">Upptökuviðbót (PVR) fyrir DVBLink frá DvbLogic.com; styður streymingu á Live TV &amp; Recordings, rafræna dagskrárvísa (EPG), og tímaupptökur</description>
    <description lang="it">Plugin PVR per DVBLink da DvbLogic.com; supporta lo stream di Live TV e registrazioni, EPG, timer</description>
    <description lang="ja">DvdLogic.com - DVBLink の PVR プラグインです。ライブTV ストリーミング、録画、EPG、タイマーをサポートしています</description>
    <description lang="ko">DvbLogic.com의 DVBLink를 위한 PVR 플러그인. 라이브 TV 스트리밍, 녹화, EPG, 타이머를 지원합니다.</description>
    <description lang="lt">PVR įskiepis skirtas DVBLink iš DvbLogic.com; palaiko Live TV transliaciją ir įrašymus, EPG, laikmačius</description>
    <description lang="ms">Plugin PVR untuk DVBLink dari DvbLogic.com; menyokong penstriman Siaran Langsung &amp; Rakaman, EPG dan Pemasa</description>
    <description lang="nl">PVR plug-in voor DVBLink van DvbLogic.com; ondersteunt het streamen van Live TV &amp; opnames, EPG, Timers</description>
    <description lang="no">PVR-innstikk til DVBLink fra DvbLogic.com - støtter strømming av Live-TV, opptak, EPG og tidsur.</description>
    <description lang="pl">Klient DVBLink od DvbLogic.com wspiera strumieniowanie kanałów radiowych i telewizyjnych, nagrywanie natychmiastowe i wg harmonogramu oraz funkcje przewodnika programów.</description>
    <description lang="pt">Plugin PVR para DVBLink de DvbLogic.com; suporta transmissão de TV em directo e gravações, EPG, temporizadores.</description>
    <description lang="pt_BR">Plugin de PVR para DVBLink de DvbLogic.com; suporta streaming de tv ao vivo e gravações, EPG, Agendamentos</description>
    <description lang="ro">Plugin PVR pentru DVBLink de la DvbLogic.com; se poate difuza în flux a televiziunii în direct și a înregistrăriilor, EPG, Cronometre</description>
    <description lang="ru">Плагин PVR для DVBLink с сайта DvbLogic.com; поддержка трансляции Прямого вещания и записей Live TV &amp; Recordings, EPG, Таймеров</description>
    <description lang="si">DvbLogic.com වලින් DBVLink සඳහා PVR පේනුකිරීම; සජීව රූපවාහිනී සහ පටිගත කිරීම් ප්‍රවාහන කිරීම ,EPG, මුහුර්තක උදව් </description>
    <description lang="sk">PVR zásuvný modul pre DVBLink od firmy DvbLogic.com; je podporované streamovanie živého televízneho vysielania a nahrávok, EPG, časovačov</description>
    <description lang="sl">PVR vmesnik za DVBLink iz DvbLogic.com; podpira pretakanje televizije v živo in posnetkov, EPG, časovnike.</description>
    <description lang="sv">PVR tillägg för DVBLink från DvbLogic.com; stöder strömmande Live TV &amp; inspelningar, EPG, timers</description>
    <description lang="zh">来自 DvbLogic.com 的 DVBLink 的 PVR 插件，支持直播电视播放和录制、电子节目单、定时器</description>
    <disclaimer lang="af">Hierdie is onstabiele sagteware! Die outeurs is op geen manier verantwoordelik vir gefaalde opnames, inkorrekte tydhouers, gemorsde ure, of enige ander ongewensde effekte.</disclaimer>
    <disclaimer lang="be">This is unstable software! The authors are in no way responsible for failed recordings, incorrect timers, wasted hours, or any other undesirable effects..</disclaimer>
    <disclaimer lang="bg">Тази програма е нестабилна! Авторите не носят отговорност за неуспешно записване, некоректни броячи, пропиляно време и други нежелани ефекти.</disclaimer>
    <disclaimer lang="ca">Això és programari inestable! Els autors no són de cap manera responsables dels enregistraments que han fallat, temporitzadors incorrectes, hores perdudes, o qualssevol altres efectes no desitjats..</disclaimer>
    <disclaimer lang="cs">Tento software není stabilní. Autoři nejsou žádným způsobem zodpovědní za selhání při nahrávání, neplatné časovače, ztracený čas, či jakékoliv jiné nežádoucí události...</disclaimer>
    <disclaimer lang="cy">Mae hwn yn feddalwedd ansad! Nid yw'r awduron yn gyfrifol mewn unrhyw ffordd am fethu recordio, amseru gwallus, oriau wedi eu gwastraffu nac effeithiau anymunol eraill.</disclaimer>
    <disclaimer lang="da">Dette er ustabil software! Ophavsmændene er på ingen måde ansvarlige for mislykkede optagelser, ukorrekte timere, spildte timer, eller andre uønskede konsekvenser..</disclaimer>
    <disclaimer lang="de">Dies ist instabile Software! Die Autoren sind in keiner Weise verantwortlich für fehlgeschlagene Aufnahmen, falsche Timer, verschwendete Zeit oder andere ungewünschte Effekte.</disclaimer>
    <disclaimer lang="el">Ασταθές πρόγραμμα! Οι δημιουργοί δεν είναι σε καμία περίπτωση υπεύθυνοι για αποτυχημένες εγγραφές, λανθασμένους χρονοδιακόπτες, χαμένες ώρες, ή κάθε είδους ανεπιθύμητα αποτελέσματα..</disclaimer>
    <disclaimer lang="en">This is unstable software! The authors are in no way responsible for failed recordings, incorrect timers, wasted hours, or any other undesirable effects..</disclaimer>
    <disclaimer lang="en_AU">This is unstable software! The authors are in no way responsible for failed recordings, incorrect timers, wasted hours, or any other undesirable effects..</disclaimer>
    <disclaimer lang="en_NZ">This is unstable software! The authors are in no way responsible for failed recordings, incorrect timers, wasted hours, or any other undesirable effects..</disclaimer>
    <disclaimer lang="en_US">This is unstable software! The authors are in no way responsible for failed recordings, incorrect timers, wasted hours, or any other undesirable effects..</disclaimer>
    <disclaimer lang="es">¡Este es un software inestable! Los autores no son de ninguna manera responsables de las grabaciones fallidas o incorrectas, las programaciones perdidas, ni otros efectos no deseables..</disclaimer>
    <disclaimer lang="es_AR">¡Este software es inestable! Los autores no se responsabilizan por grabaciones fallidas, temporizadores incorrectos, horas perdidas, o cualquier otro efecto no deseado..</disclaimer>
    <disclaimer lang="es_MX">¡Esto es software inestable! Los autores no son de ninguna manera responsables por grabaciones fallidas, temporizadores incorrectos, horas perdidas o cualquier otro efecto no deseado...</disclaimer>
    <disclaimer lang="et">See on ebastabiilne tarkvara! Autorid ei ole kuidagi moodi vastutavad nurjunud salvestiste, ebaõige aegrelee, raisatud tundide ega muude soovimatute asjade eest.</disclaimer>
    <disclaimer lang="fi">Tämä on epävakaa ohjelmisto! Tekijät eivät ole millään muotoa vastuussa epäonnistuneista tallennuksista, virheellisistä ajastuksia, haaskatusta ajasta, verenpaineen noususta tai mistään muusta epäsuotuisasta vaikutuksesta.</disclaimer>
    <disclaimer lang="fr">Logiciel en cours d'élaboration ! Les auteurs ne sont en aucun cas responsables de l'échec des enregistrements, programmations défectueuses, temps perdu ou autres effets indésirables..</disclaimer>
    <disclaimer lang="fr_CA">Ce logiciel est instable! Les auteurs ne sont aucunement responsables des enregistrements défaillants, des minuteries erronées, des heures perdues ou tout autre effet indésirable.</disclaimer>
    <disclaimer lang="gl">Este é software non estable, os autores non se fan responsábeis dos erros nas gravacións, temporizadores incorrectos, e outros efectos non desexados.</disclaimer>
    <disclaimer lang="he">זוהי איננה הרחבה יציבה! המפתחים אינם אחראים על כשלון בניגון, זמנים שגויים במדריך השידורים, שעות מבוזבזות או כל תופעה לא רצויה אחרת.</disclaimer>
    <disclaimer lang="hr">Ovo je nestabilan softver! Autori nisu ni na koji način odgovorni za neuspjelo snimanje, netočna vremena snimanja, izgubljene sate, ili bilo koje druge nepoželjne učinke...</disclaimer>
    <disclaimer lang="hu">Ez nem stabil szoftver! A készítők nem vállalnak felelősséget, a hibás felvételért, rossz időzítésért, elvesztegetett időért...</disclaimer>
    <disclaimer lang="hy">Սա անկայուն ծրագրային ապահովում է: Հեղինակները պատասխանատու չեն վատ ձայնագրումների, սխալ ժամանակացույցերի, կորած ժամանակի կամ այլ ոչ ցանկալի երևույթների համար:</disclaimer>
    <disclaimer lang="id">Ini merupakan software yang tidak stabil! Penulis tidak bertanggung jawab untuk rekaman gagal, timer salah, waktu terbuang, atau efek tak diinginkan lainnya...</disclaimer>
    <disclaimer lang="is">Þetta er óstöðugur hugbúnaður! Höfundar eru á engann hátt ábyrgir fyrir mistökum í upptöku, röngum tíma, klukkustundum sem fara í súginn, eða nokkru öðrum óæskilegum hegðunum. </disclaimer>
    <disclaimer lang="it">Questo software è instabile! Gli autori non sono in alcun modo responsabili per le registrazioni fallite ì, timer non corretti, ore perse o qualsiasi altro effetto non desiderato...</disclaimer>
    <disclaimer lang="ja">これは不安定なソフトウェアです！本プログラムの作者は、録画の失敗、正確に作動しなかったタイマー、無駄にした時間、その他あらゆる好ましくない結果について責任を負わないものとします。</disclaimer>
    <disclaimer lang="ka">ეს არის არასტაბილური პროგრამული უზრუნველყოფა! ავტორები არ არიან პასუხისმგებელი შეცდომებზე, არასწორ EPG-ზე, დაკარგულ დროზე ან სხვა ხარვეზებზე</disclaimer>
    <disclaimer lang="ko">이 소프트웨어는 불안정합니다! 제작자는 녹화 실패, 부정확한 타이머, 시간 낭비 및 기타 예상하지 못한 결과에 대해 책임지지 않습니다..</disclaimer>
    <disclaimer lang="lt">Tai yra nestabili programinė įranga! Autorius jokiu būdu neatsakingas už nepavykusius įrašus, neteisingus laikmačius, iššvaistytas valandas, ar nutikus kitiems nepageidaujamiems poveikiams ...[COLOR=red](Kodi.lt rekomenduoja testuojant šį priedą persijungti į Anglų [orinali] kalbą)[/COLOR]</disclaimer>
    <disclaimer lang="lv">Šī ir nestabila programmatūra! Autori nav atbildīgi par nesanākušiem ierakstiem, nepareiziem taimeriem, iztērētām stundām vai jebkādiem citiem nevēlamiem efektiem..</disclaimer>
    <disclaimer lang="mk">Ова е нестабилен софтвер! Авторите на ниту еден начин не одговараат за неуспешни снимки, неточни тајмери, потрошени часови, или било кои други несакани ефекти.</disclaimer>
    <disclaimer lang="mn_MN">Тус програм нь гүйцэд хийгдэж дуусаагүй! Зохиогч нь алдаатай бичлэг, цагийн буруу хөтлөлт, алдагдсан цаг хугацаа эсвэл бусад ямар нэгэн хүсээгүй үр дүнд хариуцлага хүлээхгүй.</disclaimer>
    <disclaimer lang="ms">Ini merupakan perisian tidak stabil! Pengarang tidak bertanggungjawab atas kegagalan rakaman, pemasa tidak betul, masa yang dibazirkan, atau apa jua kesan yang tidak dikehendaki..</disclaimer>
    <disclaimer lang="nl">Dit is instabiele software! De auteurs zijn op geen enkele wijze verantwoordelijk voor mislukte opnames, onjuiste timers, verspilde uren, of andere ongewenste effecten ..</disclaimer>
    <disclaimer lang="no">Dette er ustabil programvare! Skaperen har ikke på noen måte ansvar for feilede opptak, feile timere, bortkastede timer, eller andre uønskede effekter..</disclaimer>
    <disclaimer lang="pl">Oprogramowanie nadal jest w fazie rozwoju i jest niestabilne! Autorzy w żaden sposób nie są odpowiedzialni za nieudane nagrania, błędy w harmonogramie nagrań, zmarnowany czas ani jakiekolwiek inne niepożądane efekty.</disclaimer>
    <disclaimer lang="pt">Este software é instável! Os autores não são de forma alguma responsáveis por gravações falhadas, temporizadores incorrectos, horas desperdiçadas, ou qualquer outro tipo de efeitos indesejáveis..</disclaimer>
    <disclaimer lang="pt_BR">Este é um software instável! Os autores não são responsáveis por falhas nas gravações, agendamentos incorretos, horas dispendidas, ou quaisquer outros efeitos indesejáveis</disclaimer>
    <disclaimer lang="ro">Acesta este o aplicație instabilă! Autorii nu sunt în nici un fel responsabili pentru înregistrări eșuate, cronometre incorecte, ore pierdute, sau orice alte efecte nedorite...</disclaimer>
    <disclaimer lang="ru">Это тестовая программа! Авторы не несут ответственности за неудачные записи, неверные таймеры, потраченное время и прочие нежелательные эффекты..</disclaimer>
    <disclaimer lang="si">මෙය අස්ථිර මෘදුකාංගයකි! මෙහි සිදුවන පටිගත කිරීම් අසාර්ථක වීම්, සාවද්‍ය මුහුර්තක, නාස්ති වූ කාලයන්, හෝ වෙනත් යමිකිසි නුසුදුසු බලපෑම් සඳහා කතෘ වග කියනු නොලැබේ.</disclaimer>
    <disclaimer lang="sk">Tento softvér nie je stabilný! Autori nenesú žiadnu zodpovednosť za chybné nahrávky vysielania, nesprávne časovače alebo iné neželané udalosti spôsobené týmto softvérom..</disclaimer>
    <disclaimer lang="sl">To je nestabilna programska oprema! Avtorji niso odgovorni za neuspela snemanja, nepravilne časovnike, zapravljen čas in katerikoli drug neželen učinek...</disclaimer>
    <disclaimer lang="sq">Ky program nuk është ende stabël! Autorët e këtij programi nuk janë në as një menyr përgjegjës për rregistrime të gabuara, timer të pasaktë, kohë të humbur ose efekte të tilla të padëshirueshme.</disclaimer>
    <disclaimer lang="sr">Овај софтвер је нестабилан! Аутори ни на који начин нису одговорни за неуспела снимања, неисправна заказана снимања, изгубљене сате или друге нежељене ефекте.</disclaimer>
    <disclaimer lang="sv">Detta är ostabil mjukvara! Upphovsmännen är inte ansvariga för misslyckade inspelningar, inkorrekta timers, bortslösade timmar, eller några andra oönskade effekter..</disclaimer>
    <disclaimer lang="tg">Ин нармафзори ноустувор аст! Муаллифон барои вайрониҳои сабт, вақтсанҷҳои нодуруст, соатҳои бефоида ва дигар таъсирҳои номатлуб ҷавобгар намебошанд.</disclaimer>
    <disclaimer lang="tr">Bu stabil olmayan program! Yapımcılar hatalı kayıtlardan, bozuk sürelerden, harcanan vakitten veya herhangi bir olumsuz etkiden dolayı sorumlu tutulamaz.</disclaimer>
    <disclaimer lang="uk">Це нестабільна програма! Автори не несуть відповідальності за попсуті записи, неправильні таймери, втрачений час та інші небажані ефекти.</disclaimer>
    <disclaimer lang="vi">Đây là phần mềm không ổn định! Các tác giả không chịu trách nhiệm đối với bản ghi chương trình thất bại, hẹn giờ không chính xác, giờ lãng phí, hoặc bất kỳ tác dụng không mong muốn khác..</disclaimer>
    <disclaimer lang="zh">这是不稳定版的软件！作者不对录像失败、错误定时造成时间浪费或其它不良影响负责。</disclaimer>
    <disclaimer lang="zh_TW">這是測試版軟體！其原創作者並無法對於以下情況負責，包含：錄影失敗，不正確的定時設定，多餘時數，或任何產生的其它不良影響...</disclaimer>
    <platform>android</platform>
  </extension>
</addon>
