<?xml version="1.0" encoding="UTF-8" standalone="yes"?>
<addon id="plugin.video.johnlocker" name="JohnLocker" provider-name="willforde" version="2.0.0">
	<requires>
		<import addon="xbmc.python" version="2.19.0"/>
		<import addon="script.module.xbmcutil" version="3.0.0"/>
		<import addon="plugin.video.youtube" version="5.0.0"/>
	</requires>
	<extension library="addon.py" point="xbmc.python.pluginsource">
		<provides>video</provides>
	</extension>
	<extension point="xbmc.addon.metadata">
		<language>en</language>
		<platform>all</platform>
		<summary lang="en">JohnLocker, Anonymous online education.</summary>
		<description lang="en">JohnLocker, Anonymous online education and documentaries.</description>
		<license>GNU GENERAL PUBLIC LICENSE. Version 3, June 2007</license>
		<email>willforde+kodi@gmail.com</email>
		<forum>http://forum.kodi.tv/showthread.php?tid=178796</forum>
		<source>https://github.com/willforde/plugin.video.johnlocker</source>
		<website>http://johnlocker.com</website>
	</extension>
</addon>