<?xml version="1.0" encoding="UTF-8" standalone="yes"?>
<addon id="plugin.audio.rockradio.com"
       name="RockRadio.com"
       version="3.0.0"
       provider-name="qualisoft.dk - Tim C. Steinmetz">
	<requires>
		<import addon="xbmc.python" version="2.1.0"/>
	</requires>
	<extension point="xbmc.python.pluginsource" library="default.py">
		<provides>audio</provides>
	</extension>
	<extension point="xbmc.addon.metadata">
		<platform>all</platform>
		<language>en</language>
		<license>GPL 2.0</license>
		<forum>http://forum.kodi.tv/showthread.php?tid=223813</forum>
    		<website>http://www.qualisoft.dk</website>
		<source>https://github.com/Bitcrusher/Rockradio-com-XBMC-plugin</source>
   		<summary lang="en">ROCKRADIO.com</summary>
		<description lang="en">
			ROCKRADIO.COM provides more than 30 channels of human-curated rock music. Our mission is to provide the widest selection of music with the fewest interruptions.
		</description>
		<description lang="de">
			ROCKRADIO.COM bietet mehr als 30 Rock Musik Sender, die von von unseren Mitarbeitern kuratiert werden. Unser Auftrag besteht darin die vielfältigste Auswahl an Musik ohne Unterbrechungen bereitzustellen.
		</description>
	</extension>
</addon>
