<?xml version="1.0" encoding="UTF-8" standalone="yes"?>
<addon id="plugin.video.thinktv"
       name="PBS ThinkTV"
       version="2.0.6"
       provider-name="t1m">
  <requires>
    <import addon="xbmc.python" version="2.20.0"/>
    <import addon="script.module.t1mlib" version="1.0.10"/>
  </requires>
  <extension point="xbmc.python.pluginsource"
            library="default.py">
        <provides>video</provides>
  </extension>
  <extension point="xbmc.addon.metadata">
    <summary lang="en">PBS ThinkTV</summary>
    <description lang="en">PBS ThinkTV</description>
    <disclaimer lang="en">Feel free to use this script. For information visit the wiki.</disclaimer>
    <platform>all</platform>
    <language>en</language>
    <license>GNU GENERAL PUBLIC LICENSE. Version 2, June 1991</license>
    <forum>http://forum.kodi.tv/showthread.php?tid=216810</forum>
    <website>video.thinktv.org</website>
    <email></email>
    <source>https://github.com/learningit/plugin.video.thinktv/</source>
  </extension>
</addon>
