<?xml version="1.0" encoding="UTF-8" standalone="yes"?>
<addon id="plugin.video.rsstorrentintegration" name="[COLOR ffff9900]RSS[/COLOR] Torrents Integration" version="0.0.5" provider-name="mancuniancol">
	<requires>
		<import addon="xbmc.python" version="2.12.0"/>
		<import addon="script.module.beautifulsoup4" optional="false"/>
		<import addon="script.module.html5lib" optional="false"/>
		<import addon="script.module.requests" optional="false"/>
		<import addon="script.module.feedparser" optional="false"/>
        <import addon="script.module.xbmcswift2" optional="false"/>
	</requires>
    <extension point="xbmc.python.pluginsource" library="addon.py">
        <provides>video</provides>
	</extension>
	<extension point="xbmc.python.script" library="script.py">
		<provides>executable</provides>
	</extension>
	<extension point="xbmc.service" library="service.py" start="login">
	</extension>
	<extension point="xbmc.addon.metadata">
		<summary lang="en">RSS Torrents Integration</summary>
		<summary lang="es">Integración de enlaces RSS Torrents</summary>
		<description lang="en">This Add-on creates .strm files from RSS source to be play for Pulsar, XBMCtorrent, KmediaTorrent, Torrenter V2 or YATP with additional local library integration option</description>
		<description lang="es">Este Add-on crea archivos .strm desde fuentes RSS para ser reproducidas por medio de Pulsar, XBMCtorrent, KmediaTorrent, Torrenter V2 o YATP con opción adicional de integración a la librería local</description>
		<language></language>
		<platform>all</platform>
		<forum></forum>
		<disclaimer lang="en">It is just for educational purpose[CR]Check if it is illegal in your country to use.</disclaimer>
		<license>GNU GENERAL PUBLIC LICENSE. Version 2, June 1991</license>
	</extension>
</addon>
