<?xml version="1.0" encoding="UTF-8"?>
<addon id="plugin.video.cbsnews_com" name="CBSnews.com" version="2.1.1" provider-name="AddonScriptorDE">
    <requires>
        <import addon="xbmc.python" version="2.1.0"/>
    </requires>
    <extension point="xbmc.python.pluginsource" library="default.py">
        <provides>video</provides>
    </extension>
    <extension point="xbmc.addon.metadata">
        <platform>all</platform>
        <summary lang="en">Various news and shows (60 Minutes, 48 Hours, ...)</summary>
        <language>en</language>
        <description lang="en">Various news and shows (60 Minutes, 48 Hours, ...)</description>
        <license>GNU GENERAL PUBLIC LICENSE. Version 2, June 1991</license>
        <source>https://github.com/AddonScriptorDE/plugin.video.cbsnews_com</source>
        <forum>http://forum.xbmc.org/showthread.php?tid=136416</forum>
        <email>AddonScriptorDE at yahoo dot de</email>
        <website>http://www.cbsnews.com/videos</website>
    </extension>
</addon>
