<?xml version="1.0" encoding="UTF-8" standalone="yes"?>
<addon id="script.pulsar.animes-br" name="Pulsar Animes Provider (pt-br)" version="0.0.6" provider-name="platbr">
	<requires>
		<import addon="xbmc.python" version="2.12.0"/>
        <import addon="plugin.video.pulsar" version="0.3.1"/>
	</requires>
	<extension point="xbmc.python.script" library="main.py">
		<provides>executable</provides>
	</extension>
	<extension point="xbmc.addon.metadata">
		<summary lang="en">Pulsar Animes Provider (pt-br)</summary>
		<language></language>
		<platform>all</platform>
	</extension>
</addon>
