<?xml version="1.0" encoding="UTF-8" standalone="yes"?>
<addon id="plugin.video.fattoquotidianotv" name="Il Fatto Quotidiano TV" version="1.0.3" provider-name="NeverWise">
  <requires>
    <import addon="xbmc.python" version="2.1.0"/>
    <import addon="script.module.neverwise" version="1.0.5"/>
    <import addon="script.module.pyamf" version="0.6.2"/>
    <import addon="plugin.video.youtube" version="4.4.10" optional="true"/>
    <import addon="plugin.video.serviziopubblico" version="1.0.5" optional="true"/>
  </requires>
  <extension point="xbmc.python.pluginsource" library="default.py">
    <provides>video</provides>
  </extension>
  <extension point="xbmc.addon.metadata">
    <platform>all</platform>
    <summary lang="it">il Fatto Quotidiano TV</summary>
    <summary lang="en">il Fatto Quotidiano TV</summary>
    <description lang="it">Web TV del quotidiano italiano il Fatto Quotidiano.</description>
    <description lang="en">Web TV of the italian daily newspaper il Fatto Quotidiano.</description>
    <disclaimer lang="it">Alcune parti di questo addon potrebbero non essere legali nel tuo paese di residenza. Si prega di verificare la legislazione in vigore prima di installare.</disclaimer>
    <disclaimer lang="en">Some parts of this addon may not be legal in your country of residence. Please check with your local laws before installing.</disclaimer>
    <language>it</language>
    <license>GNU GENERAL PUBLIC LICENSE. Version 3, 29 June 2007</license>
    <forum></forum>
    <website></website>
    <email></email>
    <source>https://github.com/NeverWise/plugin.video.fattoquotidianotv</source>
  </extension>
</addon>
