<?xml version="1.0" encoding="UTF-8" standalone="yes"?>
<addon id="script.provider.quasar.manager" name="Quasar MC's [COLOR purple]Provider Manager[/COLOR]" version="1.0.0"
       provider-name="mancuniancol">
    <requires>
        <import addon="xbmc.python" version="2.12.0"/>
    </requires>
    <extension point="xbmc.python.script" library="main.py"/>
    <extension point="xbmc.addon.metadata">
        <summary lang="en">Quasar MC's Provider Manager</summary>
        <description lang="en">It allows to change the configuration from all installed Quasar MC's providers at once
        </description>
        <language></language>
        <platform>all</platform>
        <forum>http://forum.xbmc.org/showthread.php?tid=204728</forum>
        <disclaimer lang="en">-It only works with MC's providers</disclaimer>
        <license>GNU GENERAL PUBLIC LICENSE. Version 2, June 1991</license>
    </extension>
</addon>
