<?xml version="1.0" encoding="UTF-8" standalone="yes"?>
<addon id="plugin.video.nrk"
       name="NRK Nett-TV"
       version="4.5.3"
       provider-name="takoi">
  <requires>
    <import addon="xbmc.python" version="2.1.0"/>
    <import addon="script.module.requests" version="1.0.4"/>
    <import addon="script.module.routing" version="0.1.0"/>
  </requires>
  <extension point="xbmc.python.pluginsource" library="default.py">
    <provides>video</provides>
  </extension>
  <extension point="xbmc.addon.metadata">
    <platform>all</platform>
    <language>no</language>
    <summary lang="en">Watch NRK Web TV</summary>
    <summary lang="no">Se NRK Nett-TV</summary>
    <description lang="en">NRK Web TV gives you the opportunity to watch live TV as well as recordings of many shows.</description>
    <description lang="no">NRK Nett-TV gir deg muligheten til å se mange av NRKs programmer både direkte og i opptak.</description>
    <license>GNU GENERAL PUBLIC LICENSE. Version 3, 29 June 2007</license>
    <forum>http://forum.xbmc.org/showthread.php?tid=52824</forum>
    <source>https://github.com/tamland/xbmc-addon-nrk</source>
  </extension>
</addon>
