<?xml version="1.0" encoding="UTF-8"?>
<addon id="plugin.video.moviesxl" version="1.0.4" name="Movies XL" provider-name="Mr Entertainment">
    <requires>
        <import addon="xbmc.python" version="2.1.0"/>
        <import addon="script.module.TheYid.common" version="0.1.1"/>
        <import addon="script.module.urlresolver"  version="2.0.9"/>
        <import addon="script.module.simplejson" version="3.3.0"/>
    </requires>
    <extension point="xbmc.python.pluginsource" library="default.py">
        <provides>video</provides>
    </extension>
    <extension point="xbmc.addon.metadata">
        <summary>Movies site</summary>
        <description>A wide selection of movies from Movies XL...</description>
        <platform>all</platform>
        <disclaimer lang="en"></disclaimer>
    </extension>
</addon>
