<window type="window" id="9506">
	<allowoverlay>yes</allowoverlay>
	<defaultcontrol always="true">60</defaultcontrol>
	<!--zorder>6</zorder-->
	<onload condition="Skin.HasSetting(ColorMenu)">Skin.ToggleSetting(ColorMenu)</onload>
	<onunload condition="Skin.HasSetting(ColorMenu)">Skin.ToggleSetting(ColorMenu)</onunload>
	<onload condition="IsEmpty(skin.string(ChatMenuColorString))">Skin.SetString(ChatMenuColorString,deeppink)</onload>
	<onload condition="Skin.HasSetting(ChatContextMenu)">Skin.ToggleSetting(ChatContextMenu)</onload>
	
	<controls>
	
				
		<control type="group">
		<posx>0</posx>
		<posy>0</posy>
		<animation type="WindowOpen">
			<effect type="slide" start="600,0" end="0,0" time="500" delay="400" tween="quadratic" easing="out" />
		</animation>
		<animation type="WindowClose">
			<effect type="slide" start="0,0" end="600,0" time="300"  />
		</animation>
		<animation type="Conditional" condition="Skin.Hassetting(ChatNamesList)">
			<effect type="slide" start="0,0" end="-200,0" time="400" delay="0" tween="quadratic" easing="out"/>
		</animation>

			<control type="image">
				<posx>880</posx>
				<posy>0</posy>
				<width>600</width>
				<height>71</height>
				<aspectratio>stretch</aspectratio>
				<texture>IrcChat/ChatTopBarImg.png</texture>
			</control>
			
			<control type="image">
				<posx>1280</posx>
				<posy>32</posy>
				<width>200</width>
				<height>690</height>
				<aspectratio>stretch</aspectratio>
				<texture>IrcChat/ChatListbg.png</texture>
			</control>
		
			<control type="image">
				<posx>880</posx>
				<posy>71</posy>
				<width>400</width>
				<height>649</height>
				<aspectratio>stretch</aspectratio>
				<texture>IrcChat/ChatBackground.png</texture>
				<colordiffuse>$INFO[skin.string(ChatMenuColorString)]</colordiffuse>
				<animation effect="fade" start="0" end="95" time="500" >WindowOpen</animation>
				<animation effect="fade" start="0" end="95" time="500" >Visible</animation>
				<animation effect="fade" start="95" end="0" time="500" >Hidden</animation>
				<visible>Stringcompare(Skin.String(ChatMenuColorString),gray)</visible>
			</control>
			<control type="image">
				<posx>880</posx>
				<posy>71</posy>
				<width>400</width>
				<height>649</height>
				<aspectratio>stretch</aspectratio>
				<texture>IrcChat/ChatBackground.png</texture>
				<colordiffuse>$INFO[skin.string(ChatMenuColorString)]</colordiffuse>
				<animation effect="fade" start="0" end="63" time="0" >WindowOpen</animation>
			</control>
							
			<control type="button" id="1240">
				<description>close button</description>
				<posx>1250</posx>
				<posy>1</posy>
				<width>30</width>
				<height>30</height>
				<label>[B]x[/B]</label>
				<texturenofocus border="10">IrcChat/ChatTopButtonNF.png</texturenofocus>
				<texturefocus border="10">IrcChat/ChatTopButtonFO.png</texturefocus>
				<onleft>1242</onleft>
				<onright condition="Skin.HasSetting(ChatNamesList)">SetFocus(1300,2)</onright>
				<ondown>60</ondown>
				<align>center</align>
				<aligny>top</aligny>
				<font>font14</font>
				<focusedcolor>FFFFFFFF</focusedcolor>
				<textcolor>$INFO[skin.string(ChatMenuColorString)]</textcolor>
				<shadowcolor>FF000000</shadowcolor>
				<textoffsety>-2</textoffsety>
			</control>
			
			<control type="button" id="1241">
				<description>color edit button</description>
				<posx>882</posx>
				<posy>1</posy>
				<width>30</width>
				<height>30</height>
				<label>[B]c[/B]</label>
				<texturenofocus border="10">IrcChat/ChatTopButtonNF.png</texturenofocus>
				<texturefocus border="10">IrcChat/ChatTopButtonFO.png</texturefocus>
				<onleft>60</onleft>
				<onright>1242</onright>
				<ondown>60</ondown>
				<onclick>Skin.ToggleSetting(ColorMenu)</onclick>
				<onclick condition="!Skin.HasSetting(ColorMenu)">SetFocus(1260)</onclick>
				<align>center</align>
				<aligny>top</aligny>
				<font>font14</font>
				<focusedcolor>FFFFFFFF</focusedcolor>
				<textcolor>$INFO[skin.string(ChatMenuColorString)]</textcolor>
				<shadowcolor>FF000000</shadowcolor>
				<textoffsety>-2</textoffsety>
			</control>
			
			<control type="togglebutton" id="1242">
				<description>list open/close button</description>
				<posx>1220</posx>
				<posy>1</posy>
				<width>30</width>
				<height>30</height>
				<label>[B]&lt;[/B]</label>
				<altlabel>[B]&gt;[/B]</altlabel>
				<texturefocus border="10">IrcChat/ChatTopButtonFO.png</texturefocus>
				<texturenofocus border="10">IrcChat/ChatTopButtonNF.png</texturenofocus>
				<alttexturefocus border="10">IrcChat/ChatTopButtonFO.png</alttexturefocus>
				<alttexturenofocus border="10">IrcChat/ChatTopButtonNF.png</alttexturenofocus>
				<usealttexture>Skin.Hassetting(ChatNamesList)</usealttexture>
				<onleft>1241</onleft>
				<onright>1240</onright>
				<ondown>60</ondown>
				
				<align>center</align>
				<aligny>top</aligny>
				<font>font14</font>
				<focusedcolor>FFFFFFFF</focusedcolor>
				<textcolor>$INFO[skin.string(ChatMenuColorString)]</textcolor>
				<shadowcolor>FF000000</shadowcolor>
				<textoffsety>-2</textoffsety>
				<visible>Skin.Hassetting(ChatIsConnected)</visible>
			</control>
							
			<control type="scrollbar" id="60">
				<posx>1265</posx>
				<posy>83</posy>
				<width>15</width>
				<height>526</height>
				<visible>Control.IsVisible(1331)</visible>
				<texturesliderbackground>IrcChat/ChatScrollBg.png</texturesliderbackground>
				<textureslidernibfocus>IrcChat/ChatSliderNib.png</textureslidernibfocus>
				<onleft>1239</onleft>
				<onright>1240</onright>
				<showonepage>true</showonepage>
				<orientation>vertical</orientation>
			</control>
			
			<control type="button" id="1239">
				<description>chat button</description>
				<posx>1149</posx>
				<posy>630</posy>
				<width>110</width>
				<height>70</height>
				<label>[B]Chat[/B]</label>
				<texturefocus border="10">IrcChat/ChatBalloon2.png</texturefocus>
				<texturenofocus border="10">IrcChat/ChatBalloon2.png</texturenofocus>
				<onleft>1263</onleft>
				<onright>60</onright>
				<onup>60</onup>
				<align>center</align>
				<aligny>top</aligny>
				<textoffsety>10</textoffsety>
				<font>font16</font>
				<focusedcolor>$INFO[skin.string(ChatMenuColorString)]</focusedcolor>
				<textcolor>FF7D7D7D</textcolor>
				<shadowcolor>FFFFFFFF</shadowcolor>
				<animation type="Conditional" condition="Window.IsVisible(virtualkeyboard)">
					<effect type="zoom" start="100" end="92" time="250" center="auto" delay="0" tween="quadratic" easing="in" reversible="true"/>
				</animation>
			</control>
			
			<control type="button" id="1263">
				<description>Connect / disconnect</description>
				<posx>910</posx>
				<posy>660</posy>
				<width>199</width>
				<height>43</height>
				<texturefocus border="10">IrcChat/ChatConnectFO.png</texturefocus>
				<texturenofocus border="10">IrcChat/ChatConnectNF.png</texturenofocus>
				<font>font13</font>
				<onleft>1240</onleft>
				<onright>1239</onright>
				<onup>60</onup>
				<align>center</align>
				<aligny>top</aligny>
				<textoffsety>7</textoffsety>
				<focusedcolor>$INFO[skin.string(ChatMenuColorString)]</focusedcolor>
				<textcolor>FF7D7D7D</textcolor>
			</control>
		
			<control type="label" id="1270">
				<description>channel name</description>
				<posx>910</posx>
				<posy>35</posy>
				<width>340</width>
				<height>30</height>
				<align>center</align>
				<aligny>center</aligny>
				<font>font24_title</font>
				<textcolor>FF555555</textcolor>
				<label>[UPPERCASE]$INFO[Window.Property(windowLabel)][/UPPERCASE]</label>
				<scroll>false</scroll>
				<visible>!Skin.HasSetting(ColorMenu)</visible>
				<animation effect="fade" start="0" end="90" time="0" condition="true">Conditional</animation>
			</control>
			
			<control type="image">
				<posx>1245</posx>
				<posy>37</posy>
				<width>30</width>
				<height>30</height>
				<texture>IrcChat/ChatBusy.png</texture>
				<colordiffuse>$INFO[skin.string(ChatMenuColorString)]</colordiffuse>
				<animation effect="rotate" end="-360" center="auto" time="1000" loop="true" reversible="false" condition="Skin.Hassetting(ChatIsLoading)">Conditional</animation>
				<animation effect="fade" start="0" end="100" time="0" condition="Skin.Hassetting(ChatIsLoading)">Conditional</animation>
				<animation effect="fade" start="100" end="0" time="0" condition="!Skin.Hassetting(ChatIsLoading)">Conditional</animation>
			</control>
			
			<control type="label" id="1238">
				<description>color label</description>
				<posx>875</posx>
				<posy>36</posy>
				<width>400</width>
				<height>30</height>
				<font>font13</font>
				<align>left</align>
				<textoffsetx>18</textoffsetx>
				<aligny>center</aligny>
				<textcolor>FF363636</textcolor>
				<!--shadowcolor>aa373737</shadowcolor-->
				<label>[B]$LOCALIZE[737]: $INFO[Skin.String(ChatMenuColorString)][/B]</label>
				<visible>Skin.HasSetting(ColorMenu)</visible>
			</control>
			
			<control type="button" id="1260">
				<description>fake button down scroller</description>
				<posx>1190</posx>
				<posy>36</posy>
				<width>40</width>
				<height>30</height>
				<texturenofocus>IrcChat/ChatArrowNF.png</texturenofocus>
				<texturefocus>IrcChat/ChatArrowFO.png</texturefocus>
				<onleft>1261</onleft>
				<onright>1261</onright>
				<onclick condition="Stringcompare(Skin.String(ChatMenuColorString),darkorchid) | IsEmpty(Skin.String(ChatMenuColorString))">Skin.SetString(ChatMenuColorString,blue)</onclick>
				<onclick condition="Stringcompare(Skin.String(ChatMenuColorString),gray)">Skin.SetString(ChatMenuColorString,darkorchid)</onclick>
				<onclick condition="Stringcompare(Skin.String(ChatMenuColorString),goldenrod)">Skin.SetString(ChatMenuColorString,gray)</onclick>
				<onclick condition="Stringcompare(Skin.String(ChatMenuColorString),darkslateblue)">Skin.SetString(ChatMenuColorString,goldenrod)</onclick>
				<onclick condition="Stringcompare(Skin.String(ChatMenuColorString),deeppink)">Skin.SetString(ChatMenuColorString,darkslateblue)</onclick>
				<onclick condition="Stringcompare(Skin.String(ChatMenuColorString),maroon)">Skin.SetString(ChatMenuColorString,deeppink)</onclick>
				<onclick condition="Stringcompare(Skin.String(ChatMenuColorString),sienna)">Skin.SetString(ChatMenuColorString,maroon)</onclick>
				<onclick condition="Stringcompare(Skin.String(ChatMenuColorString),silver)">Skin.SetString(ChatMenuColorString,sienna)</onclick>
				<onclick condition="Stringcompare(Skin.String(ChatMenuColorString),teal)">Skin.SetString(ChatMenuColorString,silver)</onclick>
				<onclick condition="Stringcompare(Skin.String(ChatMenuColorString),crimson)">Skin.SetString(ChatMenuColorString,teal)</onclick>
				<onclick condition="Stringcompare(Skin.String(ChatMenuColorString),forestgreen)">Skin.SetString(ChatMenuColorString,crimson)</onclick>
				<onclick condition="Stringcompare(Skin.String(ChatMenuColorString),blue)">Skin.SetString(ChatMenuColorString,forestgreen)</onclick>
				<onclick condition="Stringcompare(Skin.String(ChatMenuColorString),darkorchid)">Skin.SetString(ChatMenuColorString,blue)</onclick>
				<ondown>60</ondown>
				<ondown condition="Skin.HasSetting(ColorMenu)">Skin.ToggleSetting(ColorMenu)</ondown>
				<onup>1240</onup>
				<onup condition="Skin.HasSetting(ColorMenu)">Skin.ToggleSetting(ColorMenu)</onup>
				<animation effect="fade" start="100" end="0" time="200" condition="!Skin.HasSetting(ColorMenu)">Conditional</animation>
				<animation effect="fade" start="0" end="100" time="200" condition="Skin.HasSetting(ColorMenu)">Conditional</animation>
			</control>			
			<control type="button" id="1261">
				<description>fake button up scroller</description>
				<posx>1230</posx>
				<posy>36</posy>
				<width>40</width>
				<height>30</height>
				<texturenofocus flipy="true">IrcChat/ChatArrowNF.png</texturenofocus>
				<texturefocus flipy="true">IrcChat/ChatArrowFO.png</texturefocus>
				<onleft>1260</onleft>
				<onright>1260</onright>
				<onclick condition="Stringcompare(Skin.String(ChatMenuColorString),blue) | IsEmpty(Skin.String(ChatMenuColorString))">Skin.SetString(ChatMenuColorString,darkorchid)</onclick>
				<onclick condition="Stringcompare(Skin.String(ChatMenuColorString),forestgreen)">Skin.SetString(ChatMenuColorString,blue)</onclick>
				<onclick condition="Stringcompare(Skin.String(ChatMenuColorString),crimson)">Skin.SetString(ChatMenuColorString,forestgreen)</onclick>
				<onclick condition="Stringcompare(Skin.String(ChatMenuColorString),teal)">Skin.SetString(ChatMenuColorString,crimson)</onclick>
				<onclick condition="Stringcompare(Skin.String(ChatMenuColorString),silver)">Skin.SetString(ChatMenuColorString,teal)</onclick>
				<onclick condition="Stringcompare(Skin.String(ChatMenuColorString),sienna)">Skin.SetString(ChatMenuColorString,silver)</onclick>
				<onclick condition="Stringcompare(Skin.String(ChatMenuColorString),maroon)">Skin.SetString(ChatMenuColorString,sienna)</onclick>
				<onclick condition="Stringcompare(Skin.String(ChatMenuColorString),deeppink)">Skin.SetString(ChatMenuColorString,maroon)</onclick>
				<onclick condition="Stringcompare(Skin.String(ChatMenuColorString),darkslateblue)">Skin.SetString(ChatMenuColorString,deeppink)</onclick>
				<onclick condition="Stringcompare(Skin.String(ChatMenuColorString),goldenrod)">Skin.SetString(ChatMenuColorString,darkslateblue)</onclick>
				<onclick condition="Stringcompare(Skin.String(ChatMenuColorString),gray)">Skin.SetString(ChatMenuColorString,goldenrod)</onclick>
				<onclick condition="Stringcompare(Skin.String(ChatMenuColorString),darkorchid)">Skin.SetString(ChatMenuColorString,gray)</onclick>
				<onclick condition="Stringcompare(Skin.String(ChatMenuColorString),blue)">Skin.SetString(ChatMenuColorString,darkorchid)</onclick>
				<ondown>60</ondown>
				<ondown condition="Skin.HasSetting(ColorMenu)">Skin.ToggleSetting(ColorMenu)</ondown>
				<onup>1240</onup>
				<onup condition="Skin.HasSetting(ColorMenu)">Skin.ToggleSetting(ColorMenu)</onup>
				<animation effect="fade" start="100" end="0" time="200" condition="!Skin.HasSetting(ColorMenu)">Conditional</animation>
				<animation effect="fade" start="0" end="100" time="200" condition="Skin.HasSetting(ColorMenu)">Conditional</animation>
				
			</control>		
			
			<control type="list" id="1300">
				<description>Names List</description>
				<posx>1285</posx>
				<posy>34</posy>
				<width>300</width>
				<height>690</height>
				<onleft>60</onleft>
				<onright>1243</onright>
				<onup>1300</onup>
				<ondown>1300</ondown>
				<pagecontrol>-</pagecontrol>
				<scrolltime tween="cubic" easing="inout">325</scrolltime>
				<orientation>vertical</orientation>
									
				<itemlayout height="38" width="300">
					
					<control type="image">
						<description>list line image</description>
						<posx>0</posx>
						<posy>0</posy>
						<width>190</width>
						<height>38</height>
						<aspectratio>stretch</aspectratio>
						<texture>IrcChat/ChatListline.png</texture>
					</control>
					<control type="label">
						<posx>10</posx>
						<posy>-1</posy>
						<width>400</width>
						<height>38</height>
						<font>font13</font>
						<textcolor>ff7D7D7D</textcolor>
						<aligny>center</aligny>
						<align>left</align>
						<label>$INFO[ListItem.Label]</label>
					</control>
					
				</itemlayout>
				<focusedlayout height="38" width="300">
					
					<control type="image">
						<description>list line image</description>
						<posx>0</posx>
						<posy>0</posy>
						<width>190</width>
						<height>38</height>
						<aspectratio>stretch</aspectratio>
						<texture>IrcChat/ChatListline.png</texture>
						<visible>![Control.HasFocus(1300) | Control.HasFocus(1333)]</visible>
					</control>
					<control type="image">
						<description>focussed image</description>
						<posx>0</posx>
						<posy>0</posy>
						<width>190</width>
						<height>38</height>
						<aspectratio>stretch</aspectratio>
						<texture>IrcChat/ChatWhite35p.png</texture>
						<colordiffuse>$INFO[skin.string(ChatMenuColorString)]</colordiffuse>
						<visible>[Control.HasFocus(1300) | Control.HasFocus(1333)]</visible>
					</control>
					<control type="label">
						<posx>10</posx>
						<posy>-1</posy>
						<width>400</width>
						<height>38</height>
						<font>font13</font>
						<textcolor>ff7D7D7D</textcolor>
						<aligny>center</aligny>
						<align>left</align>
						<label>$INFO[ListItem.Label]</label>
						<visible>![Control.HasFocus(1300) | Control.HasFocus(1333)]</visible>
					</control>
					<control type="label">
						<posx>10</posx>
						<posy>-1</posy>
						<width>400</width>
						<height>38</height>
						<font>font13</font>
						<textcolor>white</textcolor>
						<aligny>center</aligny>
						<align>left</align>
						<label>$INFO[ListItem.Label]</label>
						<visible>[Control.HasFocus(1300) | Control.HasFocus(1333)]</visible>
					</control>
				
				</focusedlayout>
					
			</control>
			
				
	
			<control type="list" id="1331">
				<description>Chat messages list</description>
				<posx>895</posx>
				<posy>100</posy>
				<width>350</width>
				<height>523</height>
				<onleft>60</onleft>
				<onright>1243</onright>
				<onup>1300</onup>
				<ondown>1300</ondown>
				<pagecontrol>60</pagecontrol>
				<scrolltime tween="cubic" easing="out">600</scrolltime>
				<orientation>vertical</orientation>
									
				<itemlayout height="25" width="350">
					
					<control type="label">
						<posx>10</posx>
						<posy>0</posy>
						<width min="350" max="9999">auto</width>
						<height>20</height>
						<font>font13</font>
						<textcolor>white</textcolor>
						<aligny>center</aligny>
						<align>left</align>
						<label>[B]$INFO[ListItem.Label2][/B]</label>
						<scroll>false</scroll>
					</control>
					<control type="label">
						<posx>10</posx>
						<posy>0</posy>
						<width min="350" max="9999">auto</width>
						<height>20</height>
						<font>fontContextMenu</font>
						<textcolor>white</textcolor>
						<aligny>center</aligny>
						<align>left</align>
						<label>$INFO[ListItem.Label]</label>
						<scroll>false</scroll>
					</control>
					
				</itemlayout>
				<focusedlayout height="25" width="350">
					
					<control type="label">
						<posx>10</posx>
						<posy>0</posy>
						<width>350</width>
						<height>20</height>
						<font>font13</font>
						<textcolor>white</textcolor>
						<aligny>center</aligny>
						<align>left</align>
						<label>[B]$INFO[ListItem.Label2][/B]</label>
						<scroll>false</scroll>
					</control>
					<control type="label">
						<posx>10</posx>
						<posy>0</posy>
						<width>350</width>
						<height>20</height>
						<font>fontContextMenu</font>
						<textcolor>white</textcolor>
						<aligny>center</aligny>
						<align>left</align>
						<label>$INFO[ListItem.Label]</label>
						<scroll>false</scroll>
					</control>
				
				</focusedlayout>
					
			</control>
			
			<control type="button" id="1332">
				<description>protects list from mouse selection</description>
				<posx>895</posx>
				<posy>100</posy>
				<width>350</width>
				<height>523</height>
				<label>-</label>	
				<visible>true</visible>
				<textcolor>FFFFFFFF</textcolor>
				<onclick>SetFocus(60)</onclick>
				<onfocus>SetFocus(60)</onfocus>
				<texturenofocus>blank.png</texturenofocus>
				<texturefocus>blank.png</texturefocus>
				<onup>60</onup>
				<ondown>60</ondown>
				<onleft>60</onleft>
				<onright>60</onright>
			</control>
		</control>
		
		<control type="button">
			<description>Fake window background context menu</description>
			<posx>0</posx>
			<posy>0</posy>
			<width>1280</width>
			<height>720</height>
			<label>-</label>	
			<textcolor>FFFFFFFF</textcolor>
			<onclick>Skin.ToggleSetting(ChatContextMenu)</onclick>
			<onclick>SetFocus(1300)</onclick>
			<texturenofocus>blank.png</texturenofocus>
			<texturefocus>blank.png</texturefocus>
			<visible>Skin.HasSetting(ChatContextMenu)</visible>
		</control>
		
		<control type="group">
			<visible>Skin.HasSetting(ChatContextMenu)</visible>
			<animation type="Visible" reversible="true">
				<effect type="fade" start="0" end="100" time="450" delay="50" />
				<effect type="zoom" start="155" end="100" time="250" center="640,360" delay="0" />
			</animation>
			<animation type="Hidden" reversible="true">
				<effect type="fade" start="100" end="0" time="350" delay="20" />
				<effect type="zoom" start="100" end="155" time="250" center="640,360" delay="0" />
			</animation>
			
			<control type="image">
				<posx>489</posx>
				<posy>256</posy>
				<width>320</width>
				<height>230</height>
				<aspectratio>stretch</aspectratio>
				<texture>IrcChat/ChatContextBg18.png</texture>
			</control>
			<control type="label">
				<posx>767</posx>
				<posy>271</posy>
				<width>350</width>
				<height>20</height>
				<font>font13</font>
				<textcolor>FF555555</textcolor>
				<aligny>center</aligny>
				<align>right</align>
				<label>[UPPERCASE][B]Options[/B][/UPPERCASE]</label>
				<scroll>false</scroll>
				<animation effect="fade" start="0" end="90" time="0" condition="true">Conditional</animation>
			</control>
			<control type="image">
				<posx>510</posx>
				<posy>300</posy>
				<width>260</width>
				<height>156</height>
				<aspectratio>stretch</aspectratio>
				<texture border="20">IrcChat/ChatListbg.png</texture>
			</control>
			<control type="image"><!----double texture, animation fails to reach 100% visible--->
				<posx>510</posx>
				<posy>300</posy>
				<width>260</width>
				<height>156</height>
				<aspectratio>stretch</aspectratio>
				<texture border="20">IrcChat/ChatListbg.png</texture>
			</control>
			
			<control type="list" id="1333">
				<description>Context Menu</description>
				<posx>516</posx>
				<posy>301</posy>
				<width>248</width>
				<height>152</height>
				<onleft>Skin.ToggleSetting(ChatContextMenu)</onleft>
				<onright>Skin.ToggleSetting(ChatContextMenu)</onright>
				<onleft>1300</onleft>
				<onright>1300</onright>
				<onup>1333</onup>
				<ondown>1333</ondown>
				<pagecontrol>-</pagecontrol>
				<scrolltime tween="cubic" easing="inout">325</scrolltime>
				<orientation>vertical</orientation>
									
				<itemlayout height="38" width="300">
					
					<control type="image">
						<description>list line image</description>
						<posx>0</posx>
						<posy>0</posy>
						<width>248</width>
						<height>38</height>
						<aspectratio>stretch</aspectratio>
						<texture>IrcChat/ChatListline.png</texture>
					</control>
					<control type="label">
						<posx>120</posx>
						<posy>-1</posy>
						<width>248</width>
						<height>38</height>
						<font>font13</font>
						<textcolor>ff7D7D7D</textcolor>
						<aligny>center</aligny>
						<align>center</align>
						<label>$INFO[ListItem.Label]</label>
					</control>
					
				</itemlayout>
				<focusedlayout height="38" width="300">
					
					<control type="image">
						<description>list line image</description>
						<posx>0</posx>
						<posy>0</posy>
						<width>248</width>
						<height>38</height>
						<aspectratio>stretch</aspectratio>
						<texture>IrcChat/ChatListline.png</texture>
						<visible>!Control.HasFocus(1333)</visible>
					</control>
					<control type="image">
						<description>focussed image</description>
						<posx>0</posx>
						<posy>0</posy>
						<width>248</width>
						<height>38</height>
						<aspectratio>stretch</aspectratio>
						<texture>IrcChat/ChatWhite35p.png</texture>
						<colordiffuse>$INFO[skin.string(ChatMenuColorString)]</colordiffuse>
						<visible>Control.HasFocus(1333)</visible>
					</control>
					<control type="label">
						<posx>120</posx>
						<posy>-1</posy>
						<width>248</width>
						<height>38</height>
						<font>font13</font>
						<textcolor>ff7D7D7D</textcolor>
						<aligny>center</aligny>
						<align>center</align>
						<label>$INFO[ListItem.Label]</label>
						<visible>!Control.HasFocus(1333)</visible>
					</control>
					<control type="label">
						<posx>120</posx>
						<posy>-1</posy>
						<width>248</width>
						<height>38</height>
						<font>font13</font>
						<textcolor>white</textcolor>
						<aligny>center</aligny>
						<align>center</align>
						<label>$INFO[ListItem.Label]</label>
						<visible>Control.HasFocus(1333)</visible>
					</control>
				
				</focusedlayout>
					
			</control>
		</control>
		
	</controls>
</window>