<?xml version="1.0" encoding="UTF-8"?>
<addon id="plugin.video.tvgry" version="1.0.2" name="tvgry.pl" provider-name="huball">
    <requires>
        <import addon="xbmc.python" version="2.1.0"/>
    </requires>
    <extension point="xbmc.python.pluginsource" library="default.py">
        <provides>video</provides>
    </extension>
    <extension point="xbmc.addon.metadata">
        <summary>Tvgry</summary>
        <description>Tvgry</description>
        <platform>all</platform>
    </extension>
</addon>

