<?xml version="1.0" encoding="UTF-8" standalone="yes"?>
<addon id="plugin.video.muzu"
	   name="Muzu Music"
	   version="1.0.1"
	   provider-name="pcd">
  <requires>
        <import addon="script.module.youtube.dl" version="15.318.0"/>
  </requires>	   

  <extension point="xbmc.python.pluginsource"
			 library="default.py">
    	<provides>video</provides>
  </extension>
  <extension point="xbmc.addon.metadata">
    <summary>Music videos from Muzu.tv</summary>
    <description>Music videos from Muzu.tv</description>
    <platform>all</platform>
  </extension>
</addon>




