<?xml version="1.0" encoding="UTF-8" standalone="yes"?>
<addon id="plugin.video.streamcomplet"
	   name="Streamcomplet"
	   version="1.0.2"
	   provider-name="pcd@xtrend-alliance">
    <requires>
        <import addon="xbmc.python" version="2.1.0"/>
        <import addon="script.module.youtube.dl" version="15.318.0"/>
    </requires>
  <extension point="xbmc.python.pluginsource"
			 library="default.py">
    	<provides>video</provides>
  </extension>
  <extension point="xbmc.addon.metadata">
    <summary>Videos from Streamcomplet.com</summary>
    <description>Videos from Streamcomplet.com</description>
    <platform>all</platform>
  </extension>
</addon>






