<?xml version="1.0" encoding="utf-8"?>
<window>    
    <allowoverlay>no</allowoverlay>
    <defaultcontrol always="false">5021</defaultcontrol>
    <coordinates>
        <system>1</system>
        <posx>0</posx>
        <posy>0</posy>
    </coordinates>

    <controls>
        <!-- Background -->
        <control type="image" id="5000">
            <posx>0</posx>
            <posy>-2</posy>
            <width>1280</width>
            <height>722</height>
            <texture>background.jpg</texture>
            <fadetime>500</fadetime>
        </control> 

        <control type="image" id="5001">
            <description>RAM FM Logo</description>
            <posx>530</posx>
            <posy>50</posy>
            <width>220</width>
            <height>85</height>
            <aspectratio>keep</aspectratio>
            <fadetime>1000</fadetime>
            <texture>logo_top.png</texture>
        </control>

        <control type="label" id="5002">
            <description>Strap-line Text</description>
            <posx>10</posx>
            <posy>0</posy>
            <width>1260</width>
            <height>30</height>
            <align>center</align>
            <textcolor>ffffffff</textcolor>            
            <font>font30</font>
            <scroll>true</scroll>         
            <scrollspeed>30</scrollspeed>  
            <scrollsuffix> - </scrollsuffix>
        </control>

        <control type="image" id="5003">
            <description>Now playing Artist Image</description>
            <posx>20</posx>
            <posy>135</posy>
            <width>400</width>
            <height>400</height>
            <aspectratio>keep</aspectratio>
            <fadetime>1000</fadetime>
            <texture>icon.png</texture>
        </control>

        <control type="group" id="1000">
            <description>Now playing</description>
            <posx>640</posx>
            <posy>160</posy>
            <width>400</width>
            <height>400</height>
            <visible>true</visible>
                        
            <control type="label" id="5004">
                <description>Now Playing Text</description>
                <label>$ADDON[plugin.audio.ramfm 30016]</label>
                <posx>-200</posx>
                <posy>10</posy>
                <width>400</width>
                <height>30</height>
                <align>center</align>
                <textcolor>ffffffff</textcolor>
                <shadowcolor>ff000000</shadowcolor>
                <font>font30</font>
                <scroll>true</scroll>         
                <scrollspeed>30</scrollspeed>  
                <scrollsuffix> - </scrollsuffix>
            </control>

            <control type="image" id="5005">
                <description>Now playing Format Image</description>
                <posx>-24</posx>
                <posy>42</posy>
                <width>48</width>
                <height>48</height>
                <aspectratio>keep</aspectratio>
                <fadetime>1000</fadetime>
                <texture>format.png</texture>
            </control>

            <control type="label" id="5006">
                <description>Now Playing Artist</description>
                <label></label>
                <posx>-200</posx>    
                <posy>80</posy>
                <width>400</width>
                <height>30</height>
                <align>center</align>
                <textcolor>ffffffff</textcolor>
                <shadowcolor>ff000000</shadowcolor>
                <font>font30</font>
                <scroll>true</scroll>         
                <scrollspeed>30</scrollspeed>  
                <scrollsuffix> - </scrollsuffix>
            </control>

            <control type="label" id="5007">
                <description>Now Playing Track</description>
                <label></label>
                <posx>-200</posx>
                <posy>110</posy>
                <width>400</width>
                <height>30</height>
                <align>center</align>
                <textcolor>ffffffff</textcolor>
                <shadowcolor>ff000000</shadowcolor>
                <font>font30</font>
                <scroll>true</scroll>         
                <scrollspeed>30</scrollspeed>  
                <scrollsuffix> - </scrollsuffix>
            </control>

            <control type="label" id="5008">
                <description>Now Playing Year</description>
                <label></label>
                <posx>-200</posx>
                <posy>145</posy>
                <width>400</width>
                <height>30</height>
                <align>center</align>
                <textcolor>ffffffff</textcolor>
                <shadowcolor>ff000000</shadowcolor>
                <font>font30</font>
                <scroll>true</scroll>         
                <scrollspeed>30</scrollspeed>  
                <scrollsuffix> - </scrollsuffix>
            </control>

            <control type="label">
                <description>Now Playing Last Played</description>
                <label>$ADDON[plugin.audio.ramfm 30013]</label>
                <posx>0</posx>
                <posy>185</posy>
                <width>300</width>
                <height>50</height>
                <align>right</align>
                <textcolor>ffffffff</textcolor>
                <shadowcolor>ff000000</shadowcolor>
                <font>font13</font>
                <scroll>true</scroll>         
                <scrollspeed>30</scrollspeed>  
                <scrollsuffix> - </scrollsuffix>
            </control>

            <control type="label" id="5009">
                <description>Now Playing Last Played</description>
                <label></label>
                <posx>2</posx>
                <posy>185</posy>
                <width>300</width>
                <height>50</height>
                <align>left</align>
                <textcolor>ffffffff</textcolor>
                <shadowcolor>ff000000</shadowcolor>
                <font>font13</font>
                <scroll>true</scroll>         
                <scrollspeed>30</scrollspeed>  
                <scrollsuffix> - </scrollsuffix>
            </control>

            <control type="label">
                <description>Now Playing Requested</description>
                <label>$ADDON[plugin.audio.ramfm 30014]</label>
                <posx>0</posx>
                <posy>250</posy>
                <width>300</width>
                <height>50</height>
                <align>right</align>
                <textcolor>ffffffff</textcolor>
                <shadowcolor>ff000000</shadowcolor>
                <font>font13</font>
                <scroll>true</scroll>         
                <scrollspeed>30</scrollspeed>  
                <scrollsuffix> - </scrollsuffix>
            </control>

            <control type="label" id="5010">
                <description>Now Playing Requested</description>
                <label></label>
                <posx>2</posx>
                <posy>250</posy>
                <width>300</width>
                <height>50</height>
                <align>left</align>
                <textcolor>ffffffff</textcolor>
                <shadowcolor>ff000000</shadowcolor>
                <font>font13</font>
                <scroll>true</scroll>         
                <scrollspeed>30</scrollspeed>  
                <scrollsuffix> - </scrollsuffix>
            </control>

            <control type="label">
                <description>Now Playing Rotation</description>
                <label>$ADDON[plugin.audio.ramfm 30015]</label>
                <posx>0</posx>
                <posy>270</posy>
                <width>300</width>
                <height>50</height>
                <align>right</align>
                <textcolor>ffffffff</textcolor>
                <shadowcolor>ff000000</shadowcolor>
                <font>font13</font>
                <scroll>true</scroll>         
                <scrollspeed>30</scrollspeed>  
                <scrollsuffix> - </scrollsuffix>
            </control>

            <control type="label" id="5011">
                <description>Now Playing Rotation</description>
                <label></label>
                <posx>2</posx>
                <posy>270</posy>
                <width>300</width>
                <height>50</height>
                <align>left</align>
                <textcolor>ffffffff</textcolor>
                <shadowcolor>ff000000</shadowcolor>
                <font>font13</font>
                <scroll>true</scroll>         
                <scrollspeed>30</scrollspeed>  
                <scrollsuffix> - </scrollsuffix>
            </control>
        </control> <!--1000-->

        <control type="group" id="1200">
                <description>Now playing Text Labels</description>
                <posx>855</posx>
                <posy>135</posy>
                <visible>true</visible>

            <control type="textbox" id="5020">
                <description>textarea</description>
                <posx>0</posx>
                <posy>0</posy>
                <width>395</width>
                <height>400</height>
                <label>-</label>
                <font>font13bold</font>
                <align>justify</align>
                <textcolor>white</textcolor>
                <shadowcolor>black</shadowcolor>
                <pagecontrol>5021</pagecontrol>
                <autoscroll time="3600" delay="6000" repeat="6000">true</autoscroll>  
            </control>

            <control type="scrollbar" id="5021">
                <posx>395</posx>
                <posy>0</posy>
                <width>25</width>
                <height>400</height>
                <texturesliderbackground border="0,14,0,14">ScrollBarV.png</texturesliderbackground>
                <texturesliderbar border="0,14,0,14">ScrollBarV_bar.png</texturesliderbar>
                <texturesliderbarfocus border="0,14,0,14">scrollbar_focus.png</texturesliderbarfocus>
                <textureslidernib>ScrollBarNib.png</textureslidernib>
                <textureslidernibfocus>ScrollBarNib.png</textureslidernibfocus>
                <onleft>5020</onleft>
                <onright>5020</onright>
                <ondown>5020</ondown>
                <onup>5020</onup>
                <showonepage>false</showonepage>
                <orientation>vertical</orientation>
            </control>
        </control> <!--1200-->
    </controls>
</window>
