<?xml version="1.0" encoding="UTF-8"?>
<addon
 id="plugin.video.godtube_com"
    version="1.0.2"
    name="GodTube"
    provider-name="Romans I XVI"
    >
    <requires>
        <import addon="xbmc.python" version="2.1.0"/>
	<import addon="script.common.plugin.cache" version="2.5.2"/>
    </requires>
    <extension point="xbmc.python.pluginsource" library="default.py">
        <provides>video</provides>
    </extension>
    <extension point="xbmc.addon.metadata">
        <language />
        <summary lang="en">XBMC Godtube Addon</summary>
	<summary lang="es">Addon de GodTube de XBMC</summary>
        <description lang="en">Plugin that allows you to browse and play videos from everybody's favorite christian video site!</description>
        <description lang="es">Este plugin te permite buscar y reproducir vídeos desde el sitio de vídeos christian favorito de todos!</description>
        <platform>all</platform>
	<license>GNU GENERAL PUBLIC LICENSE. Version 3, 29 June 2007</license>
	<forum>http://forum.xbmc.org/showthread.php?tid=181288</forum>
	<source>https://github.com/asojka09/plugin.video.godtube_com.git</source>
	<email>austinsojka@hotmail.com</email>
    </extension>
</addon>

