<?xml version="1.0" encoding="UTF-8" standalone="yes"?>
<addon
    id="plugin.video.reddit_tv"
    name="Reddit.com"
    version="1.3.1"
    provider-name="Jani (@rasjani) Mikkonen">
    <requires>
        <import addon="xbmc.python"                     version="2.14.0"                />
        <import addon="xbmc.addon"                      version="13.0.0"                />
        <import addon="plugin.video.youtube"            version="5.0.0"                 />
        <import addon="plugin.video.vimeo"              version="4.0.0" optional="true" />
        <import addon="plugin.video.dailymotion_com"    version="1.0.0" optional="true" />
        <import addon="script.module.simple.downloader" version="1.0.0" />
        <import addon="plugin.program.chrome.launcher"  version="1.0.0" optional="true" />
    </requires>
    <extension point="xbmc.python.pluginsource" library="default.py">
        <provides>video</provides>
    </extension>
    <extension point="xbmc.addon.metadata">
        <platform>all</platform>
        <summary lang="en">Watch videos from reddit.com - Add/remove reddits - Search for videos/reddits - AutoPlay all/unwatched/unfinished videos</summary>
        <language></language>
        <description lang="en">Watch videos from reddit.com - Add/remove reddits - Search for videos/reddits - AutoPlay all/unwatched/unfinished videos</description>
        <website>http://www.reddit.com</website>
        <source>https://github.com/rasjani/plugin.video.reddit_tv</source>
        <forum>http://forum.kodi.tv/showthread.php?tid=170603</forum>
        <license>GNU GENERAL PUBLIC LICENSE. Version 2, June 1991</license>
        <email>jani dot mikkonen at gmail.com</email>
    </extension>
</addon>
