<?xml version="1.0" encoding="UTF-8" standalone="yes"?>
<addon id="service.subtitles.titulky.com" name="Titulky.com" version="1.2.2" provider-name="Beam">
	<requires>
		<import addon="xbmc.python" version="2.14.0"/>
		<import addon="script.module.simplejson" version="2.0.10" />
	</requires>
	<extension point="xbmc.subtitle.module" library="service.py" />
	<extension point="xbmc.addon.metadata">
		<summary>Titulky.com</summary>
		<description lang="en">Search and download subtitles from titulky.com (Czech/Slovak only)</description>
		<description lang="cs">Vyhledavani a stahovani titulku z titulky.com</description>
		<description lang="sk">Vyhladavanie a stahovanie titulkov z titulky.com</description>
		<source>https://github.com/beam/service.subtitles.titulky.com</source>
		<email>ondra@bimovi.cz</email>
	</extension>
</addon>