<?xml version="1.0" encoding="UTF-8" standalone="yes"?>
<addon id="plugin.video.eyetv.parser"
       name="EyeTV parser"
       version="2.2.2"
       provider-name="beenje">
  <requires>
    <import addon="xbmc.python" version="2.1.0"/>
    <import addon="script.module.xbmcswift" version="0.2.0"/>
    <import addon="script.module.simplejson" version="2.0.10"/>
  </requires>
  <extension point="xbmc.python.pluginsource"
             library="addon.py">
    <provides>video</provides>
  </extension>
  <extension point="xbmc.addon.metadata">
    <summary lang="en">Access live TV and video from your EyeTV library</summary>
    <description lang="en">EyeTV parser is a video addon that let you watch live TV and browse all the recordings from your EyeTV Library. Recordings are listed with their description and icon (if any).</description>
    <disclaimer lang="en">EyeTV is a registered trademark of Elgato Systems GmbH</disclaimer>
    <platform>all</platform>
    <language></language>
  </extension>
</addon>
