<?xml version="1.0" encoding="UTF-8" standalone="yes"?>
<addon id="plugin.video.karafun"
	   name="Karafun"
	   version="1.0.2"
	   provider-name="pcd@xtrend-alliance">
    <requires>
        <import addon="script.module.youtube.dl" version="15.318.0"/>
  </requires>	   	   
  <extension point="xbmc.python.pluginsource"
			 library="default.py">
    	<provides>video</provides>
  </extension>
  <extension point="xbmc.addon.metadata">
    <summary>Youtube Karafun videos</summary>
    <description>Youtube Karafun videos</description>
    <platform>all</platform>
  </extension>
</addon>




