<?xml version="1.0" encoding="UTF-8" standalone="yes"?>
<addon id="plugin.video.awntv" name="AWNtv" provider-name="willforde" version="2.0.0">
	<requires>
		<import addon="xbmc.python" version="2.19.0"/>
		<import addon="script.module.xbmcutil" version="3.0.0"/>
	</requires>
	<extension library="addon.py" point="xbmc.python.pluginsource">
		<provides>video</provides>
	</extension>
	<extension point="xbmc.addon.metadata">
		<language>en</language>
		<platform>all</platform>
		<summary lang="en">Online video media portal for animated video content</summary>
		<description lang="en">AWNtv is an online animated video media portal with a general viewership target audience of age 13 and up ranging from the standard everyday consumer to the business professional.</description>
		<license>GNU GENERAL PUBLIC LICENSE. Version 3, June 2007</license>
		<email>willforde+kodi@gmail.com</email>
		<forum>http://forum.kodi.tv/showthread.php?tid=200628</forum>
		<source>https://github.com/willforde/plugin.video.awntv</source>
		<website>http://www.awntv.com/</website>
	</extension>
</addon>