<?xml version="1.0" encoding="UTF-8" standalone="yes"?>
<addon id="script.pulsar.ncore" name="Pulsar NCore.cc Provider" version="1.0" provider-name="vzs">
  <requires>
    <import addon="xbmc.python" version="2.12.0"/>
    <import addon="plugin.video.pulsar" version="0.2"/>
  </requires>
  <extension point="xbmc.python.script" library="main.py">
    <provides>executable</provides>
  </extension>

  <extension point="xbmc.addon.metadata">
    <summary lang="en">Pulsar NCore.cc with configuration</summary>
    <description lang="en">This provider allows to choose the quality of video torrent which will feed Pulsar.[CR]You need to config the add-on before using Pulsar[CR]It works with Movies and some TV Shows</description>
    <language></language>
    <platform>all</platform>
  </extension>
</addon>
