<?xml version="1.0" encoding="UTF-8" standalone="yes"?>
<addon 	id="weather.dmd-xbmc.in-pocasi"
		name="In-počasí"
		version="1.1.1"
		provider-name="Erik Zapletal">
	<requires>
		<import addon="xbmc.python" version="2.1.0"/>
		<import addon="script.module.simplejson" version="2.0.10"/>
		<import addon="script.module.dmd-czech.common" version="1.5.5"/>
	</requires>
	<extension point="xbmc.python.weather" library="default.py"/>
	<extension point="xbmc.addon.metadata">
		<summary>Weather forecast for Czech Republic from in-pocasi.cz</summary>
		<description>Actual weather information from your city. All data are collected from amateur weather stations.</description>
		<summary lang="cs">Předpověď počasí ze serveru in-pocasi.cz</summary>
		<description lang="cs">Aktuální informace o počasí z mnoha amatérských meteorologických stanic a kvalitní předpověď počasí přímo pro Vaši lokalitu.</description>
		<language></language>
		<platform>all</platform>
		<source>https://github.com/kodi-czsk/weather.dmd-xbmc.in-pocasi</source>
	</extension>
</addon>
