<?xml version="1.0" encoding="UTF-8" standalone="yes"?>
<addon id="plugin.video.docu"
	name="Truth Videos"
	version="1.0.1"
	provider-name="L33TGUY">
  <requires>
    <import addon="xbmc.python" version="2.1.0"/>
    <import addon="script.module.addon.common" version="2.0.0"/>
    <import addon="plugin.video.youtube" version="5.0.0"/>
  </requires>
  <extension point="xbmc.python.pluginsource" library="default.py">
    <provides>video</provides>
  </extension>
  <extension point="xbmc.addon.metadata">
    <summary lang="en">TRUTH VIDEOS</summary>
    <description lang="en">WAKE UP SHEEPLE!  Follow, comment, support via twitter @truth_videos</description>
    <platform>all</platform>
    <forum>n/a</forum>
    <website>http://www.twitter.com/truth_videos</website>
  </extension>
</addon>
