<?xml version="1.0" encoding="UTF-8" standalone="yes"?>
<addon id="plugin.video.crackle2"
       name="Crackle2"
       version="0.0.3"
       provider-name="newatv2user">
  <requires>
    <import addon="xbmc.python" version="2.0"/>
	<import addon="script.common.plugin.cache" version="0.9.1"/>
  </requires>
  <extension point="xbmc.python.pluginsource"
            library="default.py">
        <provides>video</provides>
  </extension>
  <extension point="xbmc.addon.metadata">
    <summary lang="en">Crackle</summary>
    <description lang="en">Shows and Movies from Crackle.</description>
     <platform>all</platform>
  </extension>
</addon>
