﻿<?xml version="1.0" encoding="UTF-8"?>
<addon
  id="webinterface.default"
  version="2.2.23"
  name="Default"
  provider-name="Team-Kodi">
  <requires>
    <import addon="xbmc.json" version="6.0.0"/>
  </requires>
  <extension
    point="xbmc.gui.webinterface"/>
  <extension point="xbmc.addon.metadata">
    <summary lang="af">Span Kodi Web Koppelvlak. (Kodi se verstek web koppelvlak)</summary>
    <summary lang="am">የ Kodi የዌብ ገጽታዎች (የ Kodi ነባር የዌብ ገጽታዎች)</summary>
    <summary lang="ar">واجهه فريق إكس بي إم سي للشبكة العنكبوتية (واجهه الشبكة العنكبوتية المبدئية لـ إكس بي إم سي)</summary>
    <summary lang="be">Team-Kodi Web Interface. (Kodi's default web interface)</summary>
    <summary lang="bg">Уеб интерфейс на Team-Kodi. (стандартният уеб интерфейс на Kodi)</summary>
    <summary lang="ca">Interfície web de l'equip Kodi. (Interficie web per defecte del Kodi)</summary>
    <summary lang="cs">Webové rozhraní týmu Kodi (Výchozí webové rozhraní Kodi).</summary>
    <summary lang="cy">Rhyngwyneb Gwe Team-Kodi (Rhyngwyneb gwe rhagosodedig Kodi)</summary>
    <summary lang="da">Team-Kodi Web-grænseflade. (Kodi's standard webgrænseflade)</summary>
    <summary lang="de">Team-Kodi Webinterface. (Standardwebinterface von Kodi)</summary>
    <summary lang="el">Διεπαφή Ιστού της Team-Kodi. (Προεπιλεγμένη διεπαφή ιστού του Kodi)</summary>
    <summary lang="en">Team-Kodi Web Interface. (Kodi's default web interface)</summary>
    <summary lang="en_AU">Team-Kodi Web Interface. (Kodi's default web interface)</summary>
    <summary lang="en_NZ">Team-Kodi Web Interface. (Kodi's default web interface)</summary>
    <summary lang="en_US">Team-Kodi Web Interface. (Kodi's default web interface)</summary>
    <summary lang="es">Interfaz web de Kodi. (Interfaz web por defecto de Kodi)</summary>
    <summary lang="es_AR">Interfaz Web del Equipo de Kodi. (Interfaz web por defecto de Kodi)</summary>
    <summary lang="es_MX">Interfaz Web del Equipo de Kodi (Interfaz Web por defecto de Kodi)</summary>
    <summary lang="et">Kodi meeskonna veebikeskkond. (Vaikimisi keskkond)</summary>
    <summary lang="eu">Kodi taldean Web Interfazea. (Kodi-ren lehenetsiriko web interfazea)</summary>
    <summary lang="fa">نمایه وب تیم Kodi.(رابط پیش فرض Kodi)</summary>
    <summary lang="fi">Team-Kodi:n WWW-käyttöliittymä. (Kodi:n oletus WWW-käyttöliittymä)</summary>
    <summary lang="fr">Interface Web de l'équipe de Kodi. (Interface Web par défaut de Kodi)</summary>
    <summary lang="fr_CA">Interface Web de l'équipe-Kodi. (Interface Web par défaut d'Kodi)</summary>
    <summary lang="gl">Interface web da equipa de Kodi. (Interface web predefinida de Kodi)</summary>
    <summary lang="he">ממשק הדפדפן הרשמי של Kodi. (ברירת המחדל)</summary>
    <summary lang="hr">Tim Kodi Web sučelje. (Kodijevo uobičajeno web sučelje)</summary>
    <summary lang="hu">Az Kodi csapat Webes kezelőfelülete (Kodi alapértelmezett webes kezelőfelülete)</summary>
    <summary lang="id">Antar Muka Web Tim Kodi. (Antar muka web bawaan Kodi)</summary>
    <summary lang="is">Team-Kodi Vefviðmót. (Sjálfgefið vefviðmót á Kodi)</summary>
    <summary lang="it">Interfaccia Web del Team-Kodi. (Interfaccia web di default per Kodi)</summary>
    <summary lang="ja">Team-Kodi Web Interface. (Kodi's default web interface)</summary>
    <summary lang="ko">Team-Kodi 웹 인터페이스. (Kodi 기본 웹 인터페이스)</summary>
    <summary lang="lt">Komandos Kodi Web sąsaja.(Kodi numatytoji žiniatinklio sąsaja)</summary>
    <summary lang="lv">Team-Kodi tīmekļa sakarne. (Kodi noklusētā tīmekļa saskarne)</summary>
    <summary lang="mk">Веб интерфејс на  Kodi тимот. (Kodi's подразбирачки веб интерфејс)</summary>
    <summary lang="ms">Antaramuka web kumpulan Kodi (antaramuka web lalai Kodi) </summary>
    <summary lang="my">Team-Kodi ဝက်ဘ် အသွင်အပြင် (Kodi ၏ မူရင် ဝက်ဘ် အသွင်အပြင်)</summary>
    <summary lang="nl">Team-Kodi Webinterface. (Kodi's standaard webinterface)</summary>
    <summary lang="no">Team-Kodi nettgrensesnitt. (Kodis standard nettgrensesnitt)</summary>
    <summary lang="pl">Interfejs webowy Kodi. (Domyślny)</summary>
    <summary lang="pt">Interface Web da Team-Kodi. (Interface Web padrão do Kodi)</summary>
    <summary lang="pt_BR">Interface Web da Equipe Kodi. (interface web padrão do Kodi)</summary>
    <summary lang="ro">Interfață web Kodi. (interfață web implicită pentru Kodi)</summary>
    <summary lang="ru">Веб-интерфейс от разработчиков Kodi (веб-интерфейс Kodi по умолчанию).</summary>
    <summary lang="se">Team-Kodi webbgränssnitt. (Kodi's standardwebbgränssnitt)</summary>
    <summary lang="sk">Webové rozhranie tímu Kodi. (predvolené webové rozhranie pre Kodi)</summary>
    <summary lang="sl">Spletni vmesnik ekipe Kodi. (Privzet spletni vmesnik za Kodi)</summary>
    <summary lang="sr">Веб интерфејс од програмера Kodi-а (подразумевани веб интерфејс Kodi-а)</summary>
    <summary lang="sv">Team-Kodi webbgränsnitt. (Kodi's standardwebbgränssnitt)</summary>
    <summary lang="tg">Интерфейси веби гурӯҳи кории Kodi Web. (Интерфейси веби пешфарз барои Kodi)</summary>
    <summary lang="th">ทีมส่วนประสานหน้าเว็บ Kodi (ส่วนประสานหน้าเว็บพื้นฐานของ Kodi)</summary>
    <summary lang="tr">Kodi Takımı Web Arayüzü. (Kodi'nin varsayılan web arayüzü)</summary>
    <summary lang="uk">Веб-інтерфейс Kodi (Типовий веб-інтерфейс  для Kodi)</summary>
    <summary lang="uz">Kodi guruhi veb Interfeysi. (Kodi andoza veb interfeysi)</summary>
    <summary lang="vi">Đội ngũ giao diện Web Kodi. (Giao diện Web mặc định của Kodi)</summary>
    <summary lang="zh">Kodi 团队开发的 Web 界面。（Kodi 的默认 web 界面）</summary>
    <summary lang="zh_TW">Kodi團隊網頁介面。(Kodi的預設網頁介面)</summary>
    <description lang="af">Verstek web koppelvlak vir Kodi; Ontwerp vir toestelle van alle resolusies</description>
    <description lang="am">ነባር የዌብ ገጽታዎች ለ Kodi ፡ የተነደፈው ለሁሉም አካላቶች resolutions ነው </description>
    <description lang="ar">واجهه الشبكة العنكبوتية المبدئية لـ إكس بي إم سي، مُصمَمة لتناسب كافة قياسات أبعاد الشاشات</description>
    <description lang="be">Стандартны вэб-інтэрфэйс да Kodi; распрацаваны для прыладаў зь любымі разрознасьцямі</description>
    <description lang="bg">Стандартния уеб интерфейс на Kodi; Направен е за устройства с най-различни резолюции</description>
    <description lang="ca">Interfície web per defecte del Kodi; Dissenyada per dispositius de totes les resol·lucions</description>
    <description lang="cs">Výchozí webové rozhraní Kodi navržené pro zařízení s libovolným rozlišením</description>
    <description lang="cy">Rhyngwyneb gwe rhagosodedig Kodi. Wedi ei gynllunio ar gyfer cydraniad pob dyfais</description>
    <description lang="da">Standard webgrænseflade til Kodi; designet til enheder i alle opløsninger</description>
    <description lang="de">Standard Kodi Webinterface - Für alle Geräte und Auflösungen geeignet</description>
    <description lang="el">Προεπιλεγμένη διεπαφή ιστού για το Kodi. Σχεδιασμένη για συσκευές όλων των αναλύσεων.</description>
    <description lang="en">Default web interface for Kodi; Designed for devices of all resolutions</description>
    <description lang="en_AU">Default web interface for Kodi; Designed for devices of all resolutions</description>
    <description lang="en_NZ">Default web interface for Kodi; Designed for devices of all resolutions</description>
    <description lang="en_US">Default web interface for Kodi; Designed for devices of all resolutions</description>
    <description lang="es">Interfaz web por defecto de Kodi. Diseñada para dispositivos de cualquier resolución</description>
    <description lang="es_AR">Interfaz web por defecto de Kodi. Diseñada para dispositivos de cualquier resolución</description>
    <description lang="es_MX">Interfaz Web por defecto para Kodi; Diseñado para dispositivos de todas las resoluciones</description>
    <description lang="et">Kodi vaikimisi veebikeskkond; Disainitud erinevate resolutsioonidega seadmetele.</description>
    <description lang="eu">Kodi-ren lehenetsiriko web interfazea. Erresoluzio guztietako gailentzat diseinatua</description>
    <description lang="fa">رابط پیش فرض Kodiوطراحی شده برای هر رزولیشن</description>
    <description lang="fi">Oletus WWW-käyttöliittymä Kodi:lle. Suunniteltu käytettäväksi kaiken kokoisilla laitteilla.</description>
    <description lang="fr">Interface Web par défaut de Kodi; Adaptée aux dispositifs de toutes résolutions</description>
    <description lang="fr_CA">Interface Web par défaut d'Kodi - Conçue pour les dispositifs de toutes résolutions</description>
    <description lang="gl">Interface web predefinida para Kodi, deseñada para dispositivos de todas as resolucións</description>
    <description lang="he">ממשק דפדפן ברירת המחדל עבור Kodi; מותאם למכשירים בעלי אבחנות שונות</description>
    <description lang="hr">Uobičajeno web sučelje za Kodi; Dizajnirano za uređaje svih razlučivosti</description>
    <description lang="hu">Az Kodi alapértelmezett webes kezelőfelülete; Minden felbontásra alkalmas</description>
    <description lang="hy">Նախնական տեսք Kodi-ի համար; Նախատեսված է բոլոր կրիչների համար</description>
    <description lang="id">Antar muka web bawaan bagi Kodi; Dirancang bagi perangkat dengan semua resolusi</description>
    <description lang="is">Sjálfgefið vefviðmót fyrir Kodi; Hannað fyrir tæki með allskonar upplausnir</description>
    <description lang="it">Interfaccia Web di default per Kodi; Realizzata per periferiche con qualunque risoluzione</description>
    <description lang="ja">Kodi のデフォルト Web インターフェースです。さまざまな解像度のデバイス用にデザインされています。</description>
    <description lang="ko">Kodi 기본 웹 인터페이스; 모든 해상도의 기기를 위해 디자인 됨</description>
    <description lang="lt">Numatytoji Kodi Web sąsaja skirta visų rezoliucijų prietaisams</description>
    <description lang="lv">Noklusētā Kodi tīmekļa sakarne; Piemērota visu izšķirtspēju iekārtām</description>
    <description lang="mk">Подразбирачки веб интерфејс за Kodi; Дизајниран за уреди со сите резолуции</description>
    <description lang="ms">Antaramuka web lalai untuk Kodi; Di reka untuk peranti pelbagai resolusi</description>
    <description lang="my">Kodi အတွက် မူရင်း ဝက်ဘ် အသွင်ပြင် ၊ စက်များ အားလုံး၏ resolutions အတွက် ရေးဆွဲထားသည်။</description>
    <description lang="nl">Standaard Kodi-webinterface; geschikt voor alle resoluties</description>
    <description lang="no">Standard nettgrensesnitt for Kodi; Laget for alle oppløsninger</description>
    <description lang="pl">Domyślny interfejs webowy Kodi; Zaprojektowany dla urządzeń o ekranach w dowolnej rozdzielczości</description>
    <description lang="pt">Interface da Web predefinida do Kodi. Criada para dispositivos em qualquer resolução</description>
    <description lang="pt_BR">Interface web padrão para Kodi; Concebida para dispositivos de todas as resoluções</description>
    <description lang="ro">Interfață web implicită pentru Kodi, realizată de echipa Kodi pentru dispozitive cu orice rezoluție.</description>
    <description lang="ru">Веб-интерфейс Kodi по умолчанию. Разработан для устройств с любыми разрешениями.</description>
    <description lang="se">Kodi's standardwebbgränsnitt; Designat för alla upplösningar</description>
    <description lang="si">Kodi' සඳහා නියත  වෙබ් අතුරුමුහුණත; සෑම විභේදනයකම උපකරණ සඳහා නිර්මාණය කර ඇත</description>
    <description lang="sk">Predvolené webové rozhranie pre Kodi; Navrhnuté pre zariadenia zobrazujúce v akomkoľvek rozlíšení</description>
    <description lang="sl">Privzet spletni vmesnik za Kodi, ustvarjen za naprave vseh ločljivosti</description>
    <description lang="sr">Подразумевани веб интерфејс Kodi-а, намењен уређајима свих резолуција</description>
    <description lang="sv">Standardwebbgränssnitt för Kodi; Utformat för alla enheter oavsett skärmupplösning</description>
    <description lang="tg">Интерфейси веби пешфарз барои Kodi; Барои ҳар гуна дастгоҳ бо возеҳии экранаш гуногун эҷод карда шудааст</description>
    <description lang="th">ส่วนประสานหน้าเว็บพื้นฐานสำหรับ Kodi ได้ออกแบบรองรับความละเอียดหน้าจอของอุปกรณ์ทั้งหมด</description>
    <description lang="tr">Kodi için varsayılan web arayüzü; Bütün çözünürlüklerde tüm cihazlar için dizayn edilmiştir.</description>
    <description lang="uk">Типовий веб-інтерфейс  для Kodi; Розроблений для пристроїв з будь-якою роздільною здатністю</description>
    <description lang="uz">Kodi uchun andoza veb interfeysi; barcha ekran o'lchamlari bilan uskunalar uchun yaratilgan</description>
    <description lang="vi">Giao diện Web mặc định cho Kodi; Thiết kế cho các thiết bị ở tất cả độ phân giải khác nhau</description>
    <description lang="zh">Kodi 的默认 web 界面；为支持所有分辨率的设备而设计</description>
    <description lang="zh_TW">Kodi的預設網頁介面；針對所有解析度的設備而設計</description>
    <platform>all</platform>
  </extension>
</addon>
