<?xml version="1.0" encoding="UTF-8"?>
<addon id="plugin.video.gametest.dk" version="3.0.2" name="Gametest" provider-name="twinther">
	<requires>
		<import addon="xbmc.python" version="2.1.0"/>
		<import addon="script.module.buggalo" version="1.1.2"/>
        <import addon="plugin.video.youtube" version="3.0.0"/>
	</requires>
	<extension point="xbmc.python.pluginsource" library="addon.py">
		<provides>video</provides>
	</extension>
	<extension point="xbmc.addon.metadata">
		<summary lang="en">Games, toast and rock n' roll</summary>
		<summary lang="da">Spil, toast og rock n' roll</summary>
		<description lang="en">Gametest is an independent, non-profit game magazine, run by enthusiasts.[CR][CR]If you have comments or suggestions for this addon, please feel free to participate in the debate on my blog at http://tommy.winther.nu</description>
		<description lang="da">Gametest er et uafhængigt, profitløst spilmagasin, drevet af ildsjæle. Vi brænder for spil, og for at guide dig igennem den store, indviklede spiljungle.[CR][CR]Har du kommentarer, ris eller ros til denne addon er du velkommen til at deltage i debatten på min blog på http://tommy.winther.nu</description>
		<license>GPL 2.0</license>
		<platform>all</platform>
        <email>tommy@winther.nu</email>
        <website>http://tommy.winther.nu</website>
        <source>https://github.com/xbmc-danish-addons/plugin.video.gametest.dk</source>
        <language>da</language>
        <broken>Add-on does not function properly</broken>
	</extension>
</addon>
