<?xml version="1.0" encoding="UTF-8" standalone="yes"?>
<addon 
	id="plugin.video.worldstarhiphop" 
	name="World Star Hip Hop" 
	version="1.0.5" 
	provider-name="Skipmode A1">
  <requires>
    <import addon="xbmc.python"                 version="2.1.0"/>
    <import addon="xbmc.addon"                  version="12.0.0"/>
	<import addon="script.module.beautifulsoup" version="3.0.8"/>
	<import addon="script.module.youtube.dl"    version="14.810.0"/>
  </requires>
	<extension point="xbmc.python.pluginsource" library="addon.py">
		<provides>video</provides>
	</extension>
  <extension point="xbmc.addon.metadata">
	<platform>all</platform>
	<summary lang="en">Worldstarhiphop is home to everything entertainment and hip hop</summary>
    <description lang="en">Worldstarhiphop is home to everything entertainment and hip hop</description>
    <disclaimer lang="en">For bugs, requests or general questions visit the Worldstarhiphop thread on the XBMC forum</disclaimer>
    <language>en</language>
    <platform>all</platform>
    <license>GNU GENERAL PUBLIC LICENSE. Version 3, June 2007</license>
    <forum>http://forum.kodi.tv/showthread.php?tid=229385</forum>
    <website>http://worldstarhiphop.com/</website>
    <email></email>
    <source>git://github.com/skipmodea1/plugin.video.worldstarhiphop.git</source>
  </extension>
</addon>