<?xml version="1.0" encoding="UTF-8" standalone="yes"?>
<addon id="plugin.video.mlg.tv" name="mlg.tv" version="0.0.6" provider-name="marinewater">
  <requires>
    <import addon="xbmc.python" version="2.19.0"/>
  </requires>
  <extension point="xbmc.python.pluginsource" library="mlg.tv.py">
    <provides>video</provides>
  </extension>
  <extension point="xbmc.addon.metadata">
    <summary lang="en">mlg.tv video plugin</summary>
    <description lang="en">Watch Major League Gaming streams</description>
    <summary lang="de">mlg.tv Videoplugin</summary>
    <description lang="de">Schau Major League Gaming streams an</description>
    <language>en de</language>
    <platform>all</platform>
    <license>MIT</license>
    <forum></forum>
    <website>https://github.com/marinewater/plugin.video.mlg.tv</website>
    <email></email>
    <source>https://github.com/marinewater/plugin.video.mlg.tv</source>
  </extension>
</addon>
